document_id,canonical_id,title,source,document_type,source_tier,primary_section,secondary_sections,confidence,evidence_level,reason_for_review,url,local_path
10.1038/s41598-025-34273-z,CAN_0F04B9F73832E6132654,Machine learning approach for prediction of TBM performance and risk of jamming in Himalayan geology using a cross-project tunnelling database.,europe_pmc,journal_article,TIER_B,2.4.1,,0.85,TITLE_METADATA_ONLY,insufficient_evidence_level,,/Users/bulsahkecici/Projects/paper-crawler-agent/tunel_makaleleri/pdfs/Machine_learning_approach_for_prediction_of_TBM_performance_and_risk_of_jamming_in_Himalayan_geology.pdf
10.3390/s26123958,CAN_573161FE35F87ACFFA37,Trustworthy Cyber-Physical Edge-SHM Architecture for Operational Underground Tunnel Crack Monitoring Under Resource-Constrained Conditions.,europe_pmc,journal_article,TIER_B,2.4.1.3,1.4;5.4.1;5.9.2;5.9,0.6113,TITLE_METADATA_ONLY,classification_status_not_allowed,https://europepmc.org/articles/PMC13306279,/Users/bulsahkecici/Projects/paper-crawler-agent/tunel_makaleleri/pdfs/Trustworthy_Cyber-Physical_Edge-SHM_Architecture_for_Operational_Underground_Tunnel_Crack_Monitoring.pdf
10.1038/s41598-025-34029-9,CAN_F03EBFD2CFA86622E1EE,Optimal selection of a metro tunnel excavation method using AHP and TOPSIS: a case study of Tehran metro,doaj,journal_article,TIER_B,2.2,,0.95,TITLE_METADATA_ONLY,insufficient_evidence_level,,/Users/bulsahkecici/Projects/paper-crawler-agent/tunel_makaleleri/pdfs/Optimal_selection_of_a_metro_tunnel_excavation_method_using_AHP_and_TOPSIS_a_case_study_of_Tehran_me.pdf
10.1038/s41598-025-13041-z,CAN_56E4588D5D0396410528,A hybrid quantitative approach for assessment of geotechnical hazards in rock tunnels using finite element and variation coefficient methods.,europe_pmc,journal_article,TIER_B,2.4.1,,0.92,TITLE_METADATA_ONLY,insufficient_evidence_level,,/Users/bulsahkecici/Projects/paper-crawler-agent/tunel_makaleleri/pdfs/A_hybrid_quantitative_approach_for_assessment_of_geotechnical_hazards_in_rock_tunnels_using_finite_e.pdf
10.1038/s41598-025-18009-7,CAN_4102560C0839149A6B55,Ground settlement induced by NATM tunneling and surface loads in Shiraz metro station.,europe_pmc,journal_article,TIER_B,2.2,2.4.1.1;5.4.1;1.4;2.4,0.6086,TITLE_METADATA_ONLY,classification_status_not_allowed,https://europepmc.org/articles/PMC12464287,/Users/bulsahkecici/Projects/paper-crawler-agent/tunel_makaleleri/pdfs/Ground_settlement_induced_by_NATM_tunneling_and_surface_loads_in_Shiraz_metro_station.pdf
10.1038/s41598-024-79919-6,CAN_E812886BA062E3279B07,A highly efficient tunnel lining crack detection model based on Mini-Unet.,europe_pmc,journal_article,TIER_B,5.4.1,,0.85,TITLE_METADATA_ONLY,insufficient_evidence_level,,/Users/bulsahkecici/Projects/paper-crawler-agent/tunel_makaleleri/pdfs/A_highly_efficient_tunnel_lining_crack_detection_model_based_on_Mini-Unet.pdf
10.1038/s41598-023-42192-0,CAN_DDF396F33B60F1C8B443,Construction practice of water conveyance tunnel among complex geotechnical conditions: a case study.,europe_pmc,journal_article,TIER_B,1.4,2.4;1.4.1;5.9.2;5.4.1,0.3846,TITLE_METADATA_ONLY,classification_status_not_allowed,,/Users/bulsahkecici/Projects/paper-crawler-agent/tunel_makaleleri/pdfs/Construction_practice_of_water_conveyance_tunnel_among_complex_geotechnical_conditions_a_case_study.pdf
10.7494/miag.2023.4.556.29,CAN_D1BEBE0CE56B5147633C,A case study of the TS-26 tunnel – the longest non-urban road tunnel in Poland using NATM technology,crossref,journal_article,TIER_B,2.2,,0.85,TITLE_METADATA_ONLY,insufficient_evidence_level,,/Users/bulsahkecici/Projects/paper-crawler-agent/tunel_makaleleri/pdfs/A_case_study_of_the_TS-26_tunnel_–_the_longest_non-urban_road_tunnel_in_Poland_using_NATM_technology.pdf
10.33271/nvngu/2023-1/088,CAN_02035E891BE18AADE635,Analysis of surface settlements induced by tunnel excavation with EPB-TBM,crossref,journal_article,TIER_B,2.2,1.4;2.4.1.1;2.4;5.9.2,0.7022,TITLE_METADATA_ONLY,classification_status_not_allowed,,/Users/bulsahkecici/Projects/paper-crawler-agent/tunel_makaleleri/pdfs/Analysis_of_surface_settlements_induced_by_tunnel_excavation_with_EPB-TBM.pdf
10.36909/jer.18459,CAN_67A951727882BDCD8749,Automatic Crack Detection and Quantification for Tunnel Lining Surface from 3D Terrestrial LiDAR Data,crossref,journal_article,TIER_B,5.4.1,,0.85,TITLE_METADATA_ONLY,insufficient_evidence_level,,/Users/bulsahkecici/Projects/paper-crawler-agent/tunel_makaleleri/pdfs/Automatic_Crack_Detection_and_Quantification_for_Tunnel_Lining_Surface_from_3D_Terrestrial_LiDAR_Dat.pdf
10.1038/s41598-022-25767-1,CAN_1E45864AC70821641D43,Evaluation of the relationship between the collapsed mechanism and excavation method in tunnels excavated in schists.,europe_pmc,journal_article,TIER_B,2.4.1,,0.75,TITLE_METADATA_ONLY,insufficient_evidence_level,,/Users/bulsahkecici/Projects/paper-crawler-agent/tunel_makaleleri/pdfs/Evaluation_of_the_relationship_between_the_collapsed_mechanism_and_excavation_method_in_tunnels_exca.pdf
10.1016/j.autcon.2020.103261,CAN_D5F1506AD5B5B7AAB104,Structural Health Monitoring with Distributed Optical Fiber Sensors of tunnel lining affected by nearby construction activity,openalex,journal_article,TIER_B,5.4.1,1.4;5.9.2;2.4.1.3;5.9,0.3811,TITLE_METADATA_ONLY,classification_status_not_allowed,https://hdl.handle.net/2117/189036,/Users/bulsahkecici/Projects/paper-crawler-agent/tunel_makaleleri/pdfs/Structural_Health_Monitoring_with_Distributed_Optical_Fiber_Sensors_of_tunnel_lining_affected_by_nea.pdf
10.3837/tiis.2020.09.013,CAN_FF061503BDA02A456679,Crack Detection Method for Tunnel Lining Surfaces using Ternary Classifier,crossref,journal_article,TIER_B,5.4.1,,0.85,TITLE_METADATA_ONLY,insufficient_evidence_level,,/Users/bulsahkecici/Projects/paper-crawler-agent/tunel_makaleleri/pdfs/Crack_Detection_Method_for_Tunnel_Lining_Surfaces_using_Ternary_Classifier.pdf
10.18178/ijscer.9.1.101-105,CAN_08E909118F140FD20B0C,An Image Mosaicking Method for Tunnel Lining Inspection,crossref,journal_article,TIER_B,5.4.1,,0.92,TITLE_METADATA_ONLY,insufficient_evidence_level,,/Users/bulsahkecici/Projects/paper-crawler-agent/tunel_makaleleri/pdfs/An_Image_Mosaicking_Method_for_Tunnel_Lining_Inspection.pdf
10.2219/rtriqr.60.1_33,CAN_1C3945E0DBC56BB389EB,&lt;b&gt;Tunnel Lining Crack Detection Method by Means of Deep Learning&lt;/b&gt;,openalex,journal_article,TIER_B,5.4.1,,0.85,TITLE_METADATA_ONLY,insufficient_evidence_level,,/Users/bulsahkecici/Projects/paper-crawler-agent/tunel_makaleleri/pdfs/Tunnel_Lining_Crack_Detection_Method_by_Means_of_Deep_Learning.pdf
10.3390/ma10060577,CAN_78EF3E3C1AF6A1130BB8,Influence of the Constitutive Model for Shotcrete on the Predicted Structural Behavior of the Shotcrete Shell of a Deep Tunnel,openalex,journal_article,TIER_B,2.2,,0.85,TITLE_METADATA_ONLY,insufficient_evidence_level,,/Users/bulsahkecici/Projects/paper-crawler-agent/tunel_makaleleri/pdfs/Influence_of_the_Constitutive_Model_for_Shotcrete_on_the_Predicted_Structural_Behavior_of_the_Shotcr.pdf
10.3390/s26103111,CAN_F3D45246691E60456504,A High-Precision Method for Extracting Lateral Deformation in Operational Shield Tunnels Based on LiDAR Point Cloud Analysis,doaj,journal_article,TIER_B,2.4,1.4;5.4.1;5.9;2.4.1.1,0.3755,TITLE_METADATA_ONLY,classification_status_not_allowed,,/Users/bulsahkecici/Projects/paper-crawler-agent/tunel_makaleleri/pdfs/A_High-Precision_Method_for_Extracting_Lateral_Deformation_in_Operational_Shield_Tunnels_Based_on_Li.pdf
10.64589/juri/209725,CAN_B4E4617FB129D841031F,Artificial neural networks for predicting the maximum surface settlement induced by EPB-TBM: The Algiers Metro Case,crossref,journal_article,TIER_B,2.2,5.7.1;2.4.1.1;2.4.2;1.4,0.7044,ABSTRACT,classification_status_not_allowed,https://doi.org/10.64589/juri/209725,/Users/bulsahkecici/Projects/paper-crawler-agent/tunel_makaleleri/pdfs/Artificial_neural_networks_for_predicting_the_maximum_surface_settlement_induced_by_EPB-TBM_The_Algi.pdf
2026_Thermo-Hydro-Mechanical_Modeling_of_a_TBM_Tunnel_in_Opalinus_Clay_Thermal_Coupling_Effects,CAN_7B16AEF903823BE61B3C,Thermo-Hydro-Mechanical Modeling of a TBM Tunnel in Opalinus Clay: Thermal Coupling Effects on Long-term Lining Pressures and Excavation Damage Zone Development,arxiv,journal_article,TIER_B,2.2,5.4.1;5.9;2.4;5.9.2,0.6115,TITLE_METADATA_ONLY,classification_status_not_allowed,,/Users/bulsahkecici/Projects/paper-crawler-agent/tunel_makaleleri/pdfs/2026_Thermo-Hydro-Mechanical_Modeling_of_a_TBM_Tunnel_in_Opalinus_Clay_Thermal_Coupling_Effects.pdf
10.3390/s26113360,CAN_C19DEEBDF287CB9AB611,Shield Tunnel Crack Detection Based on Improved Unet,doaj,journal_article,TIER_B,5.4.1,1.4;5.9.2;5.9;5.9.1,0.6144,TITLE_METADATA_ONLY,classification_status_not_allowed,,/Users/bulsahkecici/Projects/paper-crawler-agent/tunel_makaleleri/pdfs/2026_Shield_Tunnel_Crack_Detection_Based_on_Improved_Unet.pdf
10.56028/aetr.16.1.1703.2026,CAN_29914E1DBD077311694E,Research on Automated Algorithm for Tunnel Crack Detection Based on Deep Learning,crossref,journal_article,TIER_B,5.4.1,1.4;5.9;5.9.2;5.9.1,0.6132,TITLE_METADATA_ONLY,classification_status_not_allowed,,/Users/bulsahkecici/Projects/paper-crawler-agent/tunel_makaleleri/pdfs/2026_Research_on_Automated_Algorithm_for_Tunnel_Crack_Detection_Based_on_Deep_Learning.pdf
10.1038/s41598-025-17696-6,CAN_E2E40D3ACAD76B7539E0,Analysis and reinforcement design of power concentrated joints in steel arch splicing mechanisms for tunnel boring machines.,europe_pmc,journal_article,TIER_B,2.4,1.4;5.4.1;5.7;2.2,0.379,TITLE_METADATA_ONLY,classification_status_not_allowed,,/Users/bulsahkecici/Projects/paper-crawler-agent/tunel_makaleleri/pdfs/2025_Analysis_and_reinforcement_design_of_power_concentrated_joints_in_steel_arch_splicing_mech.pdf
10.1038/s41598-025-95072-0,CAN_05CC81EA86E228975E70,Research on recycling value grading and real-time perception of rock debris from TBM tunneling.,europe_pmc,journal_article,TIER_B,1.4,5.9.2;2.4;5.9;2.4.1,0.373,TITLE_METADATA_ONLY,classification_status_not_allowed,,/Users/bulsahkecici/Projects/paper-crawler-agent/tunel_makaleleri/pdfs/2025_Research_on_recycling_value_grading_and_real-time_perception_of_rock_debris_from_TBM_tunne.pdf
10.1371/journal.pone.0325296,CAN_2BCDD1796C118104B0BC,Artificial intelligence-assisted method of structural health monitoring of subway shield tunnel based on insulation degradation location.,europe_pmc,journal_article,TIER_B,5.4.1,,0.82,TITLE_METADATA_ONLY,insufficient_evidence_level,,/Users/bulsahkecici/Projects/paper-crawler-agent/tunel_makaleleri/pdfs/2025_Artificial_intelligence-assisted_method_of_structural_health_monitoring_of_subway_shield_t.pdf
10.12700/aph.22.4.2025.4.18,CAN_CCD9C35883471FDF282F,A Preprocessing Method to Improve Edge Crack Detection from Railway Tunnel Lining Images,openalex,journal_article,TIER_B,5.4.1,,0.76,TITLE_METADATA_ONLY,insufficient_evidence_level,,/Users/bulsahkecici/Projects/paper-crawler-agent/tunel_makaleleri/pdfs/2025_A_Preprocessing_Method_to_Improve_Edge_Crack_Detection_from_Railway_Tunnel_Lining_Images.pdf
10.1038/s41598-025-17837-x,CAN_AF0BB48FC3B4179E62B0,Mechanical behavior prediction of tunnel with single-layer steel fiber shotcrete lining.,europe_pmc,journal_article,TIER_B,1.4,2.4;5.4.1;5.9;5.9.2,0.3795,TITLE_METADATA_ONLY,classification_status_not_allowed,,/Users/bulsahkecici/Projects/paper-crawler-agent/tunel_makaleleri/pdfs/2025_Mechanical_behavior_prediction_of_tunnel_with_single-layer_steel_fiber_shotcrete_lining.pdf
10.1038/s41598-025-92375-0,CAN_DBCABB5A4D66EF13011C,A safety risk assessment method for TBM tunnel construction based on attribute interval identification theory.,europe_pmc,journal_article,TIER_B,2.4.2.1,1.4;1.5;2.4;5.9.2,0.6078,TITLE_METADATA_ONLY,classification_status_not_allowed,,/Users/bulsahkecici/Projects/paper-crawler-agent/tunel_makaleleri/pdfs/2025_A_safety_risk_assessment_method_for_TBM_tunnel_construction_based_on_attribute_interval_id.pdf
10.1038/s41598-024-84826-x,CAN_0400654F2E3B554C4F7A,"Applying the PROMETHEE II, WASPAS, and CoCoSo models for assessment of geotechnical hazards in TBM tunneling.",europe_pmc,journal_article,TIER_B,2.2,1.4;2.4;5.9.2;5.4.1,0.6115,TITLE_METADATA_ONLY,classification_status_not_allowed,,"/Users/bulsahkecici/Projects/paper-crawler-agent/tunel_makaleleri/pdfs/2025_Applying_the_PROMETHEE_II,_WASPAS,_and_CoCoSo_models_for_assessment_of_geotechnical_hazard.pdf"
10.12700/aph.22.4.2025.4.12,CAN_63418613F42C5026B3FA,"A Roughness, Feature-based Algorithm of Point Cloud Segmentation of the Secondary Lining in NATM Tunnel",openalex,journal_article,TIER_B,2.2,,0.85,TITLE_METADATA_ONLY,insufficient_evidence_level,,"/Users/bulsahkecici/Projects/paper-crawler-agent/tunel_makaleleri/pdfs/2025_A_Roughness,_Feature-based_Algorithm_of_Point_Cloud_Segmentation_of_the_Secondary_Lining_i.pdf"
10.38124/ijisrt/25dec486,CAN_3731F6C8EC6333346D85,Advanced Aspects & Precautions in Tunnel Linings Constructed by NATM Using Gantries,openalex,journal_article,TIER_B,2.2,,0.9,TITLE_METADATA_ONLY,insufficient_evidence_level,,/Users/bulsahkecici/Projects/paper-crawler-agent/tunel_makaleleri/pdfs/2025_Advanced_Aspects_Precautions_in_Tunnel_Linings_Constructed_by_NATM_Using_Gantries.pdf
10.12700/aph.21.1.2024.1.16,CAN_7C2229A8B562F0CBF456,Review of Railway Operation Tunnel Inspection System and Condition Assessment Method,openalex,journal_article,TIER_B,5.9.2,5.9;2.4.1.3;1.4;5.4.1,0.7087,TITLE_METADATA_ONLY,classification_status_not_allowed,,/Users/bulsahkecici/Projects/paper-crawler-agent/tunel_makaleleri/pdfs/2024_Review_of_Railway_Operation_Tunnel_Inspection_System_and_Condition_Assessment_Method.pdf
10.1016/j.heliyon.2024.e37148,CAN_7F8D904D3A4117BFD11A,Experimental and numerical investigation of the TBM disc cutter wear using a new tunnel boring machine laboratory simulator.,europe_pmc,journal_article,TIER_B,2.2,1.4;2.4;5.9.2;2.4.1.1,0.6064,TITLE_METADATA_ONLY,classification_status_not_allowed,,/Users/bulsahkecici/Projects/paper-crawler-agent/tunel_makaleleri/pdfs/2024_Experimental_and_numerical_investigation_of_the_TBM_disc_cutter_wear_using_a_new_tunnel_bo.pdf
10.1016/j.heliyon.2024.e37667,CAN_2126E4BA94627193E89C,Study of the influence of spatial effects on the ground surface and buildings in a two-lane tunnel boring.,europe_pmc,journal_article,TIER_B,2.4,1.4;2.4.1.1;2.4.1;5.9.2,0.3775,TITLE_METADATA_ONLY,classification_status_not_allowed,,/Users/bulsahkecici/Projects/paper-crawler-agent/tunel_makaleleri/pdfs/2024_Study_of_the_influence_of_spatial_effects_on_the_ground_surface_and_buildings_in_a_two-lan.pdf
10.1016/j.heliyon.2023.e23486,CAN_A816BCF47CC2DADDEA8F,Risk analysis in underground tunnel construction with tunnel boring machines using the Best-Worst method and data envelopment analysis.,europe_pmc,journal_article,TIER_B,2.4.2.1,1.4;5.7.1;5.7;2.4,0.6095,TITLE_METADATA_ONLY,classification_status_not_allowed,,/Users/bulsahkecici/Projects/paper-crawler-agent/tunel_makaleleri/pdfs/2024_Risk_analysis_in_underground_tunnel_construction_with_tunnel_boring_machines_using_the_Bes.pdf
10.24425/ams.2022.141463,CAN_FA460A31E975968971BD,Assessment of the Behaviour of Flysch Rock Mass During Tunnel Boring in the Primary Lining Using Indicators and Limit Values of Displacements and Deformations,crossref,journal_article,TIER_B,2.4.1,,0.85,TITLE_METADATA_ONLY,insufficient_evidence_level,,/Users/bulsahkecici/Projects/paper-crawler-agent/tunel_makaleleri/pdfs/2023_Assessment_of_the_Behaviour_of_Flysch_Rock_Mass_During_Tunnel_Boring_in_the_Primary_Lining.pdf
10.3221/igf-esis.64.08,CAN_55C38D7AC30D03257836,Evaluating the Safety and the Effect of Blast Loading on the Shotcrete together with lattice girder Support of Tunnels,openalex,journal_article,TIER_B,1.4,2.4;1.5;1.5.1;2.2,0.3808,TITLE_METADATA_ONLY,classification_status_not_allowed,,/Users/bulsahkecici/Projects/paper-crawler-agent/tunel_makaleleri/pdfs/2023_Evaluating_the_Safety_and_the_Effect_of_Blast_Loading_on_the_Shotcrete_together_with_latti.pdf
10.3390/geosciences13080244,CAN_1A69D1823B612A35260B,Tunnelling with Full-Face Shielded Machines: A 3D Numerical Analysis of an Earth Pressure Balance (EPB) Excavation Sequence Using the Finite Element Method (FEM),openalex,journal_article,TIER_B,2.2,,0.85,TITLE_METADATA_ONLY,insufficient_evidence_level,,/Users/bulsahkecici/Projects/paper-crawler-agent/tunel_makaleleri/pdfs/2023_Tunnelling_with_Full-Face_Shielded_Machines_A_3D_Numerical_Analysis_of_an_Earth_Pressure_B.pdf
2023_Assessment_of_optimal_tunnel_boring_machine_(TBM)_excavation_method_by_analyzing_stability,CAN_F4D25CCCEF5BC5F1507B,Assessment of optimal tunnel boring machine (TBM) excavation method by analyzing stability of tunnels in squeezing rock conditions (Case Study: Chamshir Tunnel),doaj,journal_article,TIER_B,2.2,,0.85,TITLE_METADATA_ONLY,insufficient_evidence_level,,/Users/bulsahkecici/Projects/paper-crawler-agent/tunel_makaleleri/pdfs/2023_Assessment_of_optimal_tunnel_boring_machine_(TBM)_excavation_method_by_analyzing_stability.pdf
10.2478/minrv-2022-0008,CAN_77F34EDECBD405F149D8,Finite Element Method for Designing Large Section Underground Works by Sequential Excavation Method. Study Case: Lugoj-Deva Road Tunnel,openalex,journal_article,TIER_B,2.4,,0.75,TITLE_METADATA_ONLY,insufficient_evidence_level,,/Users/bulsahkecici/Projects/paper-crawler-agent/tunel_makaleleri/pdfs/2022_Finite_Element_Method_for_Designing_Large_Section_Underground_Works_by_Sequential_Excavati.pdf
10.1680/jgeot.21.00146,CAN_F5B3FBEB9682A0535EE9,Modelling the infiltration behaviour of foam into saturated sand considering capillary resistance for EPB shield tunnelling,openalex,journal_article,TIER_B,2.2,1.4;2.4;5.4.1;5.9,0.6024,TITLE_METADATA_ONLY,classification_status_not_allowed,,/Users/bulsahkecici/Projects/paper-crawler-agent/tunel_makaleleri/pdfs/2022_Modelling_the_infiltration_behaviour_of_foam_into_saturated_sand_considering_capillary_res.pdf
10.3390/ma15010391,CAN_BEB5C987DB9DBC2F27D1,Tunnel Squeezing Deformation Control and the Use of Yielding Elements in Shotcrete Linings: A Review.,europe_pmc,journal_article,TIER_B,5.9,,0.82,TITLE_METADATA_ONLY,insufficient_evidence_level,,/Users/bulsahkecici/Projects/paper-crawler-agent/tunel_makaleleri/pdfs/2022_Tunnel_Squeezing_Deformation_Control_and_the_Use_of_Yielding_Elements_in_Shotcrete_Linings.pdf
10.1016/j.autcon.2021.103880,CAN_6D4AB7709EA334957713,Decision Support System for an Intelligent Operator of Utility Tunnel Boring Machines,arxiv,journal_article,TIER_B,1.4,5.9.2;2.4;5.7.1;5.9,0.3793,TITLE_METADATA_ONLY,classification_status_not_allowed,,/Users/bulsahkecici/Projects/paper-crawler-agent/tunel_makaleleri/pdfs/2021_Decision_Support_System_for_an_Intelligent_Operator_of_Utility_Tunnel_Boring_Machines.pdf
10.3390/infrastructures5090073,CAN_E84CCD6BAD0E2D72A7F7,Cost Overruns in Tunnelling Projects: Investigating the Impact of Geological and Geotechnical Uncertainty Using Case Studies,openalex,journal_article,TIER_B,2.3,,0.92,TITLE_METADATA_ONLY,insufficient_evidence_level,,/Users/bulsahkecici/Projects/paper-crawler-agent/tunel_makaleleri/pdfs/2020_Cost_Overruns_in_Tunnelling_Projects_Investigating_the_Impact_of_Geological_and_Geotechnic.pdf
2020_Influence_of_geology_on_tunnel_boring_machine_performance_A_review,CAN_C0080A5802CAC380D4DB,Influence of geology on tunnel boring machine performance: A review,doaj,journal_article,TIER_B,5.9,,0.85,TITLE_METADATA_ONLY,insufficient_evidence_level,,/Users/bulsahkecici/Projects/paper-crawler-agent/tunel_makaleleri/pdfs/2020_Influence_of_geology_on_tunnel_boring_machine_performance_A_review.pdf
10.3390/s20030717,CAN_597CCD7CBD8F469166F6,Automatic Tunnel Crack Detection Based on U-Net and a Convolutional Neural Network with Alternately Updated Clique,openalex,journal_article,TIER_B,5.4.1,5.9;1.4;5.9.2;2.4,0.6201,TITLE_METADATA_ONLY,classification_status_not_allowed,,/Users/bulsahkecici/Projects/paper-crawler-agent/tunel_makaleleri/pdfs/2020_Automatic_Tunnel_Crack_Detection_Based_on_U-Net_and_a_Convolutional_Neural_Network_with_Al.pdf
10.14311/cej.2020.04.0040,CAN_E6393CE80B694DE69DD4,PREDICTION OF TBM PENETRATION RATE OF WATER CONVEYANCE TUNNELS IN IRAN USING MODERN METHODS,crossref,journal_article,TIER_B,2.2,1.4;5.9.1;5.9.2;5.9,0.6129,TITLE_METADATA_ONLY,classification_status_not_allowed,,/Users/bulsahkecici/Projects/paper-crawler-agent/tunel_makaleleri/pdfs/2020_PREDICTION_OF_TBM_PENETRATION_RATE_OF_WATER_CONVEYANCE_TUNNELS_IN_IRAN_USING_MODERN_METHOD_2.pdf
10.9711/ktaj.2019.21.5.717,CAN_3567CA29CE6BACF41A62,Assessment of NATM tunnel lining thickness and its behind state utilizing GPR survey,openalex,journal_article,TIER_B,1.4,,0.75,TITLE_METADATA_ONLY,insufficient_evidence_level,,/Users/bulsahkecici/Projects/paper-crawler-agent/tunel_makaleleri/pdfs/2019_Assessment_of_NATM_tunnel_lining_thickness_and_its_behind_state_utilizing_GPR_survey.pdf
10.5937/tehnika1903359m,CAN_AF325BC16A88A8D2E5E4,"Techno - economic analysis for the construction of the supply tunnel of hpp ""Dabar"" with the application of TBM technology",crossref,journal_article,TIER_B,2.2,2.4;5.9.2;1.4;6.2,0.6126,TITLE_METADATA_ONLY,classification_status_not_allowed,,/Users/bulsahkecici/Projects/paper-crawler-agent/tunel_makaleleri/pdfs/2019_Techno_-_economic_analysis_for_the_construction_of_the_supply_tunnel_of_hpp_Dabar_with_the_2.pdf
10.35180/gse-2019-0007,CAN_9568E5D84F616408D0F9,USE OF ROCK MASS RATING (RMR) VALUES FOR SUPPORT DESIGNS OF TUNNELS EXCAVATED IN SOFT ROCKS WITHOUT SQUEEZING PROBLEM,openalex,journal_article,TIER_B,2.2.1,,0.85,TITLE_METADATA_ONLY,insufficient_evidence_level,,/Users/bulsahkecici/Projects/paper-crawler-agent/tunel_makaleleri/pdfs/2019_USE_OF_ROCK_MASS_RATING_(RMR)_VALUES_FOR_SUPPORT_DESIGNS_OF_TUNNELS_EXCAVATED_IN_SOFT_ROCK.pdf
10.28991/cej-0309155,CAN_7D23A0D2ED1E92F58FB4,Numerical Analysis of TBM Tunnel Lining Behavior using Shotcrete Constitutive Model,openalex,journal_article,TIER_B,2.2,1.4;2.4;5.4.1;1.4.1,0.6099,TITLE_METADATA_ONLY,classification_status_not_allowed,,/Users/bulsahkecici/Projects/paper-crawler-agent/tunel_makaleleri/pdfs/2018_Numerical_Analysis_of_TBM_Tunnel_Lining_Behavior_using_Shotcrete_Constitutive_Model_2.pdf
10.31031/acet.2018.01.000508,CAN_A3530CB77397A10EB36B,Designing a Two‐Floor Urban Traffic Tunnel by Using NATM Tunneling Method in Tehran Alluvium with Shallow Overburden under Modares Highway,openalex,journal_article,TIER_B,2.2,,0.95,TITLE_METADATA_ONLY,insufficient_evidence_level,,/Users/bulsahkecici/Projects/paper-crawler-agent/tunel_makaleleri/pdfs/2018_Designing_a_Two‐Floor_Urban_Traffic_Tunnel_by_Using_NATM_Tunneling_Method_in_Tehran_Alluvi_2.pdf
10.3151/jact.15.213,CAN_C88FF19B0E0F9FD96D37,Modeling and Verification of Early Age Thermal Stress in Second Lining Concrete of NATM Tunnels,openalex,journal_article,TIER_B,2.2,1.4;5.4.1;2.4;2.4.1.1,0.6095,TITLE_METADATA_ONLY,classification_status_not_allowed,,/Users/bulsahkecici/Projects/paper-crawler-agent/tunel_makaleleri/pdfs/2017_Modeling_and_Verification_of_Early_Age_Thermal_Stress_in_Second_Lining_Concrete_of_NATM_Tu.pdf
10.1515/amsc-2017-0057,CAN_CC1C42BE5D4697334213,Multivariate Linear Regression and CART Regression Analysis of TBM Performance at Abu Hamour Phase-I Tunnel,openalex,journal_article,TIER_B,1.4,5.9.2;5.9;5.7.1;5.9.1,0.3798,TITLE_METADATA_ONLY,classification_status_not_allowed,,/Users/bulsahkecici/Projects/paper-crawler-agent/tunel_makaleleri/pdfs/2017_Multivariate_Linear_Regression_and_CART_Regression_Analysis_of_TBM_Performance_at_Abu_Hamo.pdf
10.12814/jkgss.2016.15.2.055,CAN_9394485125BB5176C993,Analysis on Surface Collapse of the Road NATM Tunnel through the Weathered Rock,crossref,journal_article,TIER_B,1.4,,0.75,TITLE_METADATA_ONLY,insufficient_evidence_level,,/Users/bulsahkecici/Projects/paper-crawler-agent/tunel_makaleleri/pdfs/2016_Analysis_on_Surface_Collapse_of_the_Road_NATM_Tunnel_through_the_Weathered_Rock_2.pdf
10.9711/ktaj.2016.18.5.453,CAN_11AEC73194DB06348BBC,Overall risk analysis of shield TBM tunnelling using Bayesian Networks (BN) and Analytic Hierarchy Process (AHP),openalex,journal_article,TIER_B,2.2,1.4;5.9.2;5.7.1;5.9,0.6062,TITLE_METADATA_ONLY,classification_status_not_allowed,,/Users/bulsahkecici/Projects/paper-crawler-agent/tunel_makaleleri/pdfs/2016_Overall_risk_analysis_of_shield_TBM_tunnelling_using_Bayesian_Networks_(BN)_and_Analytic_H.pdf
10.9711/ktaj.2016.18.3.305,CAN_7331AE7375A6B1475841,Reliability analysis of surface settlement during shield TBM tunneling,crossref,journal_article,TIER_B,2.2,1.4;5.9.2;5.9;5.4.1,0.6056,TITLE_METADATA_ONLY,classification_status_not_allowed,,/Users/bulsahkecici/Projects/paper-crawler-agent/tunel_makaleleri/pdfs/2016_Reliability_analysis_of_surface_settlement_during_shield_TBM_tunneling_2.pdf
10.3844/ajassp.2015.276.283,CAN_D4465D733AF6EFD629A0,Analysis of the Interaction between the Lining of a TBM Tunnel and the Ground Using the Convergence-Confinement Method,crossref,journal_article,TIER_B,2.2,,0.85,TITLE_METADATA_ONLY,insufficient_evidence_level,,/Users/bulsahkecici/Projects/paper-crawler-agent/tunel_makaleleri/pdfs/2015_Analysis_of_the_Interaction_between_the_Lining_of_a_TBM_Tunnel_and_the_Ground_Using_the_Co_2.pdf
10.9711/ktaj.2015.17.1.049,CAN_FAE0B643DA07CD61FAB8,TBM segment lining section design of hypothetical subsea tunnels,openalex,journal_article,TIER_B,2.2,,0.85,TITLE_METADATA_ONLY,insufficient_evidence_level,,/Users/bulsahkecici/Projects/paper-crawler-agent/tunel_makaleleri/pdfs/2015_TBM_segment_lining_section_design_of_hypothetical_subsea_tunnels.pdf
10.9711/ktaj.2014.16.1.013,CAN_C9685504D3E44B51455C,Prediction of TBM tunnel segment lining forces using ANN technique,crossref,journal_article,TIER_B,2.2,1.4;5.9;2.4;5.4.1,0.5998,TITLE_METADATA_ONLY,classification_status_not_allowed,,/Users/bulsahkecici/Projects/paper-crawler-agent/tunel_makaleleri/pdfs/2014_Prediction_of_TBM_tunnel_segment_lining_forces_using_ANN_technique_2.pdf
10.9711/ktaj.2014.16.3.321,CAN_5691FBAA70F2EEB9D1D9,Development and implementation of a knowledge based TBM tunnel segment lining design program,crossref,journal_article,TIER_B,2.4,,0.85,TITLE_METADATA_ONLY,insufficient_evidence_level,,/Users/bulsahkecici/Projects/paper-crawler-agent/tunel_makaleleri/pdfs/2014_Development_and_implementation_of_a_knowledge_based_TBM_tunnel_segment_lining_design_progr_2.pdf
10.9711/ktaj.2014.16.2.161,CAN_8FE860779333E9A098AB,Manufacturing of an earth pressure balanced shield TBM cutterhead for a subsea discharge tunnel and its field performance analysis,crossref,journal_article,TIER_B,2.2,2.4;1.4;2.4.3;5.9.2,0.6078,TITLE_METADATA_ONLY,classification_status_not_allowed,,/Users/bulsahkecici/Projects/paper-crawler-agent/tunel_makaleleri/pdfs/2014_Manufacturing_of_an_earth_pressure_balanced_shield_TBM_cutterhead_for_a_subsea_discharge_t.pdf
10.3844/ajassp.2012.1606.1617,CAN_247B25FAA5CEDFBCE23B,The Wear of Tunnel Boring Machine Excavation Tools in Rock,crossref,journal_article,TIER_B,2.4.1,1.4;2.4;2.2.1;5.9.2,0.3778,TITLE_METADATA_ONLY,classification_status_not_allowed,,/Users/bulsahkecici/Projects/paper-crawler-agent/tunel_makaleleri/pdfs/2012_The_Wear_of_Tunnel_Boring_Machine_Excavation_Tools_in_Rock_2.pdf
10.7474/tus.2012.22.2.144,CAN_F38D3AA1A3EE2B13D7F3,A Study on Punch Penetration Test for Performance Estimation of Tunnel Boring Machine,openalex,journal_article,TIER_B,1.4,5.9;5.9.2;2.2;5.9.1,0.3737,TITLE_METADATA_ONLY,classification_status_not_allowed,,/Users/bulsahkecici/Projects/paper-crawler-agent/tunel_makaleleri/pdfs/2012_A_Study_on_Punch_Penetration_Test_for_Performance_Estimation_of_Tunnel_Boring_Machine.pdf
2011_Analysis_of_shotcrete_lining_of_underground_tunnels_2,CAN_E2CA8E430FD5933AF2C0,Analysis of shotcrete lining of underground tunnels,openalex,journal_article,TIER_B,2.4,1.4;2.4.1;2.2;5.4.1,0.3742,TITLE_METADATA_ONLY,classification_status_not_allowed,,/Users/bulsahkecici/Projects/paper-crawler-agent/tunel_makaleleri/pdfs/2011_Analysis_of_shotcrete_lining_of_underground_tunnels_2.pdf
10.3151/jact.6.91,CAN_C1BECF1CBAE777572CCE,Multiscale Model for Creep of Shotcrete - From Logarithmic-Type Viscous Behavior of CSH at the μm-Scale to Macroscopic Tunnel Analysis,openalex,journal_article,TIER_B,5.4.1,2.4.1;1.4;2.4.1.1;2.4,0.3676,TITLE_METADATA_ONLY,classification_status_not_allowed,,/Users/bulsahkecici/Projects/paper-crawler-agent/tunel_makaleleri/pdfs/2008_Multiscale_Model_for_Creep_of_Shotcrete_-_From_Logarithmic-Type_Viscous_Behavior_of_CSH_at.pdf
2005_Viscoplastic_material_models_for_soil_new_insight_into_the_soil-support_interaction_in_NAT_2,CAN_190559CB28631615943F,Viscoplastic material models for soil: new insight into the soil-support interaction in NATM tunnel excavations,openalex,journal_article,TIER_B,2.2,,0.85,TITLE_METADATA_ONLY,insufficient_evidence_level,,/Users/bulsahkecici/Projects/paper-crawler-agent/tunel_makaleleri/pdfs/2005_Viscoplastic_material_models_for_soil_new_insight_into_the_soil-support_interaction_in_NAT_2.pdf
10.1038/s41598-026-56103-6,CAN_CE76C444EB7BCA9146FE,Optimization of excavation method for large-section metro station tunnel: a case study,crossref,journal_article,TIER_B,2.2,,0.95,TITLE_METADATA_ONLY,insufficient_evidence_level,,/Users/bulsahkecici/Projects/paper-crawler-agent/tunel_makaleleri/pdfs/2026_Optimization_of_excavation_method_for_large-section_metro_station_tunnel_a_case_study_2.pdf
10.3390/s25226964,CAN_B23C4C78FC7FAD0F6167,Utility Tunnel Settlement Monitoring Using Distributed Fiber Optic and Ground Penetrating Radar Technologies,europe_pmc,journal_article,TIER_B,1.4,5.9.2;2.4.1.1;1.4.1;2.4.1,0.3797,TITLE_METADATA_ONLY,classification_status_not_allowed,https://europepmc.org/articles/PMC12656310,/Users/bulsahkecici/Projects/paper-crawler-agent/tunel_makaleleri/pdfs/2025_Utility_Tunnel_Settlement_Monitoring_Using_Distributed_Fiber_Optic_and_Ground_Penetrating_2.pdf
10.3151/coj.57.8_558,CAN_7E906A427E7E2EB6F483,Application of Surface Quality Evaluation Method Based on Visual Inspection of Secondary Lining Concrete of NATM Tunnel and Approach to Surface Quality Improvement,crossref,journal_article,TIER_B,1.4,,0.75,TITLE_METADATA_ONLY,insufficient_evidence_level,,/Users/bulsahkecici/Projects/paper-crawler-agent/tunel_makaleleri/pdfs/2019_Application_of_Surface_Quality_Evaluation_Method_Based_on_Visual_Inspection_of_Secondary_L_2.pdf
10.3901/jme.2014.21.045,CAN_EB2FF11F7BA3A4F65881,Cutters’ Layout Optimization Method of the Full-face Rock Tunnel Boring Machine Based on Grey Relational Analysis,crossref,journal_article,TIER_B,5.7.1,5.7;2.4;1.4;2.4.1,0.611,TITLE_METADATA_ONLY,classification_status_not_allowed,,/Users/bulsahkecici/Projects/paper-crawler-agent/tunel_makaleleri/pdfs/2014_Cutters’_Layout_Optimization_Method_of_the_Full-face_Rock_Tunnel_Boring_Machine_Based_on_G_2.pdf
10.3389/fmats.2026.1772021,CAN_2A27EA2553E7635600CC,Study on the support strategy of excavation compensation structures based on dual-gradient grouting in cross-fault zone tunnels,openalex,journal_article,TIER_B,2.4,1.4;5.9.2;5.9;2.4.1,0.3821,TITLE_METADATA_ONLY,classification_status_not_allowed,,/Users/bulsahkecici/Projects/paper-crawler-agent/tunel_makaleleri/pdfs/2026_Study_on_the_support_strategy_of_excavation_compensation_structures_based_on_dual-gradient_2.pdf
10.1038/s41598-025-86257-8,CAN_0211A6E37F36D955A5A1,Study on the mechanics and self-sensing properties of ultrahigh-performance shotcrete containing waste glass aggregates.,europe_pmc,journal_article,TIER_B,1.4,2.4;5.4.1;1.4.1;5.7,0.3636,TITLE_METADATA_ONLY,classification_status_not_allowed,,/Users/bulsahkecici/Projects/paper-crawler-agent/tunel_makaleleri/pdfs/2025_Study_on_the_mechanics_and_self-sensing_properties_of_ultrahigh-performance_shotcrete_cont_2.pdf
10.3390/ma17071486,CAN_B18BD199CE7DF69F31FB,Utilizing Crushed Limestone as a Sustainable Alternative in Shotcrete Applications.,europe_pmc,journal_article,TIER_B,2.2.1,1.4;2.4;1.5;2.4.1,0.5909,TITLE_METADATA_ONLY,classification_status_not_allowed,https://europepmc.org/articles/PMC11012377,/Users/bulsahkecici/Projects/paper-crawler-agent/tunel_makaleleri/pdfs/2024_Utilizing_Crushed_Limestone_as_a_Sustainable_Alternative_in_Shotcrete_Applications.pdf
10.1038/s41598-024-53868-6,CAN_6FC632396B8F2864631C,Vibration prediction and analysis of the main beam of the TBM based on a multiple linear regression model.,europe_pmc,journal_article,TIER_B,1.4,5.9.2;2.4;5.9;2.4.3,0.3597,TITLE_METADATA_ONLY,classification_status_not_allowed,,/Users/bulsahkecici/Projects/paper-crawler-agent/tunel_makaleleri/pdfs/2024_Vibration_prediction_and_analysis_of_the_main_beam_of_the_TBM_based_on_a_multiple_linear_r_2.pdf
10.1016/j.heliyon.2024.e30663,CAN_9CF10CC94B5FB2F0B960,Study on Mudcake disintegration in clayey strata during shield tunneling: Effects of dispersants and bentonite slurry.,europe_pmc,journal_article,TIER_B,5.4.1,5.9;1.4;5.9.1;2.4,0.3766,TITLE_METADATA_ONLY,classification_status_not_allowed,,/Users/bulsahkecici/Projects/paper-crawler-agent/tunel_makaleleri/pdfs/2024_Study_on_Mudcake_disintegration_in_clayey_strata_during_shield_tunneling_Effects_of_disper.pdf
10.1038/s41598-023-51132-x,CAN_BC7A5FFDF350FDB547A3,Accurate estimation of concrete consumption in tunnel lining using terrestrial laser scanning,openalex,journal_article,TIER_B,1.4,,0.75,TITLE_METADATA_ONLY,insufficient_evidence_level,,/Users/bulsahkecici/Projects/paper-crawler-agent/tunel_makaleleri/pdfs/2024_Accurate_estimation_of_concrete_consumption_in_tunnel_lining_using_terrestrial_laser_scann.pdf
10.1038/s41598-024-57621-x,CAN_DBD1B0F21C87FE745F82,Numerical analysis of underground tunnel deformation: a case study of Midroc Lega-Dembi gold mine.,europe_pmc,journal_article,TIER_B,1.4,2.4;2.4.1;5.9.2;5.4.1,0.3777,TITLE_METADATA_ONLY,classification_status_not_allowed,,/Users/bulsahkecici/Projects/paper-crawler-agent/tunel_makaleleri/pdfs/2024_Numerical_analysis_of_underground_tunnel_deformation_a_case_study_of_Midroc_Lega-Dembi_gol_2.pdf
10.3389/feart.2023.1135948,CAN_AD18B0CA6BB94B9CAACB,Intelligent tunnelling robot system for deep-buried long tunnels,openalex,journal_article,TIER_B,1.4.1,1.4;2.4;2.2;5.9.2,0.3739,TITLE_METADATA_ONLY,classification_status_not_allowed,,/Users/bulsahkecici/Projects/paper-crawler-agent/tunel_makaleleri/pdfs/2023_Intelligent_tunnelling_robot_system_for_deep-buried_long_tunnels.pdf
10.54756/ijsar.2023.v3.10.1,CAN_5D7E7CD50FBBBCF0986F,Exploring Lateral Movement Coefficient's Influence on Ground Movement Patterns in Shallow Urban Tunnels,openalex,journal_article,TIER_B,1.4,2.4;1.4.1;5.9.2;5.9,0.3775,TITLE_METADATA_ONLY,classification_status_not_allowed,,/Users/bulsahkecici/Projects/paper-crawler-agent/tunel_makaleleri/pdfs/2023_Exploring_Lateral_Movement_Coefficient's_Influence_on_Ground_Movement_Patterns_in_Shallow.pdf
10.22115/scce.2023.352867.1492,CAN_E3AEBE7F3B0B5CA9CBC2,An Artificial Intelligence Approach for Tunnel Construction Performance,doaj,journal_article,TIER_B,1.4,2.4;5.9.2;1.4.1;5.9,0.3776,TITLE_METADATA_ONLY,classification_status_not_allowed,,/Users/bulsahkecici/Projects/paper-crawler-agent/tunel_makaleleri/pdfs/2023_An_Artificial_Intelligence_Approach_for_Tunnel_Construction_Performance.pdf
10.1038/s41598-023-31000-4,CAN_77F90304F804E840168D,Study on stress variation of advance fiberglass anchor bolts during tunnel excavation process,openalex,journal_article,TIER_B,2.4,,0.75,TITLE_METADATA_ONLY,insufficient_evidence_level,,/Users/bulsahkecici/Projects/paper-crawler-agent/tunel_makaleleri/pdfs/2023_Study_on_stress_variation_of_advance_fiberglass_anchor_bolts_during_tunnel_excavation_proc.pdf
10.3390/s23063189,CAN_C2453F56F2BE52ECC59F,Towards Automated Inspections of Tunnels: A Review of Optical Inspections and Autonomous Assessment of Concrete Tunnel Linings.,europe_pmc,journal_article,TIER_B,2.4.1.3,5.9.2;5.4.1;1.4;5.9,0.6101,TITLE_METADATA_ONLY,classification_status_not_allowed,,/Users/bulsahkecici/Projects/paper-crawler-agent/tunel_makaleleri/pdfs/2023_Towards_Automated_Inspections_of_Tunnels_A_Review_of_Optical_Inspections_and_Autonomous_As.pdf
10.3389/feart.2023.1178127,CAN_84598D819969359A503B,Study on rock-breaking efficiency evaluation of TBM disc cutters based on Rostami prediction equations,openalex,journal_article,TIER_B,1.4,5.7;2.4;5.9;2.2.1,0.3686,TITLE_METADATA_ONLY,classification_status_not_allowed,,/Users/bulsahkecici/Projects/paper-crawler-agent/tunel_makaleleri/pdfs/2023_Study_on_rock-breaking_efficiency_evaluation_of_TBM_disc_cutters_based_on_Rostami_predicti.pdf
10.1038/s41598-023-43936-8,CAN_A42B2A42C32685DEC4D3,Study on the effect of excavation sequence of three-hole shield tunnel on surface settlement and segment deformation,openalex,journal_article,TIER_B,1.4,,0.85,TITLE_METADATA_ONLY,insufficient_evidence_level,,/Users/bulsahkecici/Projects/paper-crawler-agent/tunel_makaleleri/pdfs/2023_Study_on_the_effect_of_excavation_sequence_of_three-hole_shield_tunnel_on_surface_settleme.pdf
10.1139/cgj-2022-0699,CAN_94E53A783728F8A3E4E3,Characteristics and mechanism of large deformation of squeezing tunnel in phyllite stratum,openalex,journal_article,TIER_B,5.4.1,1.4;2.4;2.2;5.9,0.3734,TITLE_METADATA_ONLY,classification_status_not_allowed,,/Users/bulsahkecici/Projects/paper-crawler-agent/tunel_makaleleri/pdfs/2023_Characteristics_and_mechanism_of_large_deformation_of_squeezing_tunnel_in_phyllite_stratum.pdf
10.3390/ma15248943,CAN_D2D527121BBCFB9B99FC,Investigation of Volumetric Block Proportion (VBP) Effect on Excavation-Induced Ground Response of Talus-like Rock Mass Based on DEM Simulations.,europe_pmc,journal_article,TIER_B,2.4,1.4;2.4.1;2.4.1.1;2.2,0.3692,TITLE_METADATA_ONLY,classification_status_not_allowed,,/Users/bulsahkecici/Projects/paper-crawler-agent/tunel_makaleleri/pdfs/2022_Investigation_of_Volumetric_Block_Proportion_(VBP)_Effect_on_Excavation-Induced_Ground_Res.pdf
10.1016/j.dib.2022.107993,CAN_E0CDF47A5BF69ACC2BCE,Data on point cloud scanning and ground radar of composite lining in jointly constructed tunnel.,europe_pmc,journal_article,TIER_B,1.4,,0.85,TITLE_METADATA_ONLY,insufficient_evidence_level,,/Users/bulsahkecici/Projects/paper-crawler-agent/tunel_makaleleri/pdfs/2022_Data_on_point_cloud_scanning_and_ground_radar_of_composite_lining_in_jointly_constructed_t.pdf
2021_Real-time_Forecast_Models_for_TBM_Load_Parameters_Based_on_Machine_Learning_Methods,CAN_09CCA4029C87A2EAFC6F,Real-time Forecast Models for TBM Load Parameters Based on Machine Learning Methods,arxiv,journal_article,TIER_B,5.9.2,2.4.3;1.4;5.9.1;5.7.1,0.3579,TITLE_METADATA_ONLY,classification_status_not_allowed,,/Users/bulsahkecici/Projects/paper-crawler-agent/tunel_makaleleri/pdfs/2021_Real-time_Forecast_Models_for_TBM_Load_Parameters_Based_on_Machine_Learning_Methods.pdf
10.1016/j.undsp.2021.04.003,CAN_9F7582061AD7BD7DE17A,Comprehensive evaluation of machine learning algorithms applied to TBM performance prediction,openalex,journal_article,TIER_B,1.4,5.9.2;5.9;5.9.1;5.7.1,0.3581,TITLE_METADATA_ONLY,classification_status_not_allowed,,/Users/bulsahkecici/Projects/paper-crawler-agent/tunel_makaleleri/pdfs/2021_Comprehensive_evaluation_of_machine_learning_algorithms_applied_to_TBM_performance_predict.pdf
2020_Defect_segmentation_Mapping_tunnel_lining_internal_defects_with_ground_penetrating_radar_d_2,CAN_E7BC3B0148E5C4ACE851,Defect segmentation: Mapping tunnel lining internal defects with ground penetrating radar data using a convolutional neural network,arxiv,journal_article,TIER_B,5.4.1,,0.92,TITLE_METADATA_ONLY,insufficient_evidence_level,,/Users/bulsahkecici/Projects/paper-crawler-agent/tunel_makaleleri/pdfs/2020_Defect_segmentation_Mapping_tunnel_lining_internal_defects_with_ground_penetrating_radar_d_2.pdf
10.3390/ma13245599,CAN_F20239B7FE95432DA780,Comparison of Long-Term Strength Development of Steel Fiber Shotcrete with Cast Concrete Based on Accelerator Type.,europe_pmc,journal_article,TIER_B,1.4,2.4;5.9.2;1.4.1;5.7,0.3646,TITLE_METADATA_ONLY,classification_status_not_allowed,,/Users/bulsahkecici/Projects/paper-crawler-agent/tunel_makaleleri/pdfs/2020_Comparison_of_Long-Term_Strength_Development_of_Steel_Fiber_Shotcrete_with_Cast_Concrete_B_2.pdf
10.25103/jestr.124.04,CAN_F336E2ACCAADFC5306F2,Thickness Identification of Tunnel Lining Structure by Time–Energy Density Analysis based on Wavelet Transform,openalex,journal_article,TIER_B,5.7,5.4.1;2.4;1.4;1.3,0.6083,TITLE_METADATA_ONLY,classification_status_not_allowed,,/Users/bulsahkecici/Projects/paper-crawler-agent/tunel_makaleleri/pdfs/2019_Thickness_Identification_of_Tunnel_Lining_Structure_by_Time–Energy_Density_Analysis_based.pdf
10.3390/s19183972,CAN_35951DC2038AA869DF19,Automatic Tunnel Steel Arches Extraction Algorithm Based on 3D LiDAR Point Cloud.,europe_pmc,journal_article,TIER_B,1.4,2.4;1.4.1;5.4.1;5.7.2,0.3757,TITLE_METADATA_ONLY,classification_status_not_allowed,,/Users/bulsahkecici/Projects/paper-crawler-agent/tunel_makaleleri/pdfs/2019_Automatic_Tunnel_Steel_Arches_Extraction_Algorithm_Based_on_3D_LiDAR_Point_Cloud_2.pdf
10.1109/ICIAI.2019.8850794,CAN_329C531CE0A9FA77E903,Geology prediction based on operation data of TBM: comparison between deep neural network and statistical learning methods,arxiv,journal_article,TIER_B,2.4.1,,0.95,TITLE_METADATA_ONLY,insufficient_evidence_level,,/Users/bulsahkecici/Projects/paper-crawler-agent/tunel_makaleleri/pdfs/2018_Geology_prediction_based_on_operation_data_of_TBM_comparison_between_deep_neural_network_a_2.pdf
10.14311/ap.2018.58.0047,CAN_D7EA924B88A9BDDAA032,COMPARISON OF ACTUAL GROUND SETTLEMENTS IN TUNNELLING EXCAVATION TO MODEL PREDICTIONS,openalex,journal_article,TIER_B,1.4,2.4;2.2;6.2;2.4.1.1,0.3749,TITLE_METADATA_ONLY,classification_status_not_allowed,,/Users/bulsahkecici/Projects/paper-crawler-agent/tunel_makaleleri/pdfs/2018_COMPARISON_OF_ACTUAL_GROUND_SETTLEMENTS_IN_TUNNELLING_EXCAVATION_TO_MODEL_PREDICTIONS.pdf
10.14257/ijhit.2017.10.4.02,CAN_E4B25008C48EBF538A47,Study on the Influence of a New Liquid Accelerator on Shotcrete Performance,openalex,journal_article,TIER_B,1.4,5.9.2;5.7.2;5.9;5.7,0.359,TITLE_METADATA_ONLY,classification_status_not_allowed,,/Users/bulsahkecici/Projects/paper-crawler-agent/tunel_makaleleri/pdfs/2017_Study_on_the_Influence_of_a_New_Liquid_Accelerator_on_Shotcrete_Performance_2.pdf
10.5194/isprs-annals-III-5-167-2016,CAN_100A287BCF99669A105B,AUTONOMOUS ROBOTIC INSPECTION IN TUNNELS,doaj,journal_article,TIER_B,5.9.2,1.4;5.9;5.4.1;2.4.1,0.3732,TITLE_METADATA_ONLY,classification_status_not_allowed,,/Users/bulsahkecici/Projects/paper-crawler-agent/tunel_makaleleri/pdfs/2016_AUTONOMOUS_ROBOTIC_INSPECTION_IN_TUNNELS_3.pdf
10.21595/jve.2016.16730,CAN_FF36A9A13F75BD1C6087,Study on an engineering measure to improve internal explosion resistance capacity of segmental tunnel lining structures,crossref,journal_article,TIER_B,2.4,,0.75,TITLE_METADATA_ONLY,insufficient_evidence_level,,/Users/bulsahkecici/Projects/paper-crawler-agent/tunel_makaleleri/pdfs/2016_Study_on_an_engineering_measure_to_improve_internal_explosion_resistance_capacity_of_segme_2.pdf
10.5459/bnzsee.47.3.206-216,CAN_9A302B7AB8F768F4BA95,2D seismic numerical analysis of segmental tunnel lining behaviour,crossref,journal_article,TIER_B,2.4,1.4;2.4.1;2.4.1.1;5.4.1,0.3714,TITLE_METADATA_ONLY,classification_status_not_allowed,,/Users/bulsahkecici/Projects/paper-crawler-agent/tunel_makaleleri/pdfs/2014_2D_seismic_numerical_analysis_of_segmental_tunnel_lining_behaviour_2.pdf
10.1016/j.firesaf.2014.11.009,CAN_6521F936B2A614FC8046,Experimental investigation of reinforced concrete and hybrid fibre reinforced concrete shield tunnel segments subjected to elevated temperature,openalex,journal_article,TIER_B,1.4,2.4;1.5;5.4.1;5.9.2,0.3768,TITLE_METADATA_ONLY,classification_status_not_allowed,,/Users/bulsahkecici/Projects/paper-crawler-agent/tunel_makaleleri/pdfs/2014_Experimental_investigation_of_reinforced_concrete_and_hybrid_fibre_reinforced_concrete_shi.pdf
10.5050/ksnve.2013.23.9.831,CAN_E399C378D2AF214D6588,Exposure Characteristics to Noise Among Tunnel Construction Workers,openalex,journal_article,TIER_B,1.4,1.5;5.9.2;1.4.1;5.9,0.376,TITLE_METADATA_ONLY,classification_status_not_allowed,,/Users/bulsahkecici/Projects/paper-crawler-agent/tunel_makaleleri/pdfs/2013_Exposure_Characteristics_to_Noise_Among_Tunnel_Construction_Workers_2.pdf
10.14311/1823,CAN_7AC3A1373B6235ABC2F2,Steel Fibre Reinforced Concrete for Tunnel Lining – Verification by Extensive Laboratory Testing and Numerical Modelling,openalex,journal_article,TIER_B,2.4,,0.85,TITLE_METADATA_ONLY,insufficient_evidence_level,,/Users/bulsahkecici/Projects/paper-crawler-agent/tunel_makaleleri/pdfs/2013_Steel_Fibre_Reinforced_Concrete_for_Tunnel_Lining_–_Verification_by_Extensive_Laboratory_T.pdf
10.3390/s120811249,CAN_129282DD92054313F3B3,Three-Dimensional Laser Scanning for Geometry Documentation and Construction Management of Highway Tunnels during Excavation,openalex,journal_article,TIER_B,1.4.1,1.4;2.4;2.4.1.1;5.9.2,0.6099,TITLE_METADATA_ONLY,classification_status_not_allowed,https://doi.org/10.3390/s120811249,/Users/bulsahkecici/Projects/paper-crawler-agent/tunel_makaleleri/pdfs/2012_Three-Dimensional_Laser_Scanning_for_Geometry_Documentation_and_Construction_Management_of_2.pdf
10.21703/0718-2813.2010.7.3710,CAN_2400AC1B0D7CA41DE10F,Construccion de tuneles con tuneladoras TBM en America del Sur,crossref,journal_article,TIER_B,5.9.2,2.4;1.4;2.4.3;1.4.1,0.3622,TITLE_METADATA_ONLY,classification_status_not_allowed,,/Users/bulsahkecici/Projects/paper-crawler-agent/tunel_makaleleri/pdfs/2010_Construccion_de_tuneles_con_tuneladoras_TBM_en_America_del_Sur_2.pdf
10.64808/engineeringperspective.1792022,CAN_339B5A5E2455D9167086,Understanding Tunnel Lining Deformations: The Influence of Cover Depth on Structural Behaviour,crossref,journal_article,TIER_B,2.4,,0.85,TITLE_METADATA_ONLY,insufficient_evidence_level,,/Users/bulsahkecici/Projects/paper-crawler-agent/tunel_makaleleri/pdfs/2025_Understanding_Tunnel_Lining_Deformations_The_Influence_of_Cover_Depth_on_Structural_Behavi_2.pdf
10.18400/tekderg.1002681,CAN_97C27AF23AC2501E5EDE,Effect of Blasting During Tunnel Excavation on an Existing Adjacent Tunnel,crossref,journal_article,TIER_B,2.2,,0.85,TITLE_METADATA_ONLY,insufficient_evidence_level,,/Users/bulsahkecici/Projects/paper-crawler-agent/tunel_makaleleri/pdfs/2022_Effect_of_Blasting_During_Tunnel_Excavation_on_an_Existing_Adjacent_Tunnel_2.pdf
10.3389/feart.2026.1745569,CAN_620E2CBF266EAE5DB117,Assessment of cavity formation in the crown during tunnel excavation in the Himalayan region,openalex,journal_article,TIER_B,2.4.1,,0.85,TITLE_METADATA_ONLY,insufficient_evidence_level,,/Users/bulsahkecici/Projects/paper-crawler-agent/tunel_makaleleri/pdfs/2026_Assessment_of_cavity_formation_in_the_crown_during_tunnel_excavation_in_the_Himalayan_regi_2.pdf
10.1038/s41598-025-34752-3,CAN_3F6D63B29753A59D457C,Development and mechanical performance evaluation of a novel red mud-based filler for tunnel invert backfilling.,europe_pmc,journal_article,TIER_B,1.4,2.4;5.4.1;5.9.2;5.9,0.377,TITLE_METADATA_ONLY,classification_status_not_allowed,,/Users/bulsahkecici/Projects/paper-crawler-agent/tunel_makaleleri/pdfs/2026_Development_and_mechanical_performance_evaluation_of_a_novel_red_mud-based_filler_for_tunn_2.pdf
10.1038/s41598-026-43749-5,CAN_932B4BE1F2C2C7195660,Transformation method of Φ-OTDR optical fiber strain and tunnel liner strain and its application in tunnel safety monitoring.,europe_pmc,journal_article,TIER_B,5.4.1,1.4;5.9;5.9.2;2.4.1.1,0.3812,TITLE_METADATA_ONLY,classification_status_not_allowed,,/Users/bulsahkecici/Projects/paper-crawler-agent/tunel_makaleleri/pdfs/2026_Transformation_method_of_Φ-OTDR_optical_fiber_strain_and_tunnel_liner_strain_and_its_appli_2.pdf
2026_Training-Free_Tunnel_Defect_Inspection_and_Engineering_Interpretation_via_Visual_Recalibra_2,CAN_83DC7650B49C73ACF85A,Training-Free Tunnel Defect Inspection and Engineering Interpretation via Visual Recalibration and Entity Reconstruction,arxiv,journal_article,TIER_B,5.4.1,,0.72,TITLE_METADATA_ONLY,insufficient_evidence_level,,/Users/bulsahkecici/Projects/paper-crawler-agent/tunel_makaleleri/pdfs/2026_Training-Free_Tunnel_Defect_Inspection_and_Engineering_Interpretation_via_Visual_Recalibra_2.pdf
10.3390/ma19112345,CAN_C1E1C6598BC78A81E801,Mechanical Properties and Microscopic Mechanism of Shield Tunnel Spoil Stabilized with ESCA.,europe_pmc,journal_article,TIER_B,5.4.1,5.9;5.9.2;2.4;1.4,0.3792,TITLE_METADATA_ONLY,classification_status_not_allowed,https://europepmc.org/articles/PMC13257609,/Users/bulsahkecici/Projects/paper-crawler-agent/tunel_makaleleri/pdfs/2026_Mechanical_Properties_and_Microscopic_Mechanism_of_Shield_Tunnel_Spoil_Stabilized_with_ESC_2.pdf
10.3390/s26030848,CAN_1E5FCC92EF069F99ECCF,MFPNet: A Semantic Segmentation Network for Regular Tunnel Point Clouds Based on Multi-Scale Feature Perception.,europe_pmc,journal_article,TIER_B,1.4,2.4;1.4.1;1.2;5.7.1,0.3728,TITLE_METADATA_ONLY,classification_status_not_allowed,,/Users/bulsahkecici/Projects/paper-crawler-agent/tunel_makaleleri/pdfs/2026_MFPNet_A_Semantic_Segmentation_Network_for_Regular_Tunnel_Point_Clouds_Based_on_Multi-Scal_2.pdf
10.62683/zrgaf40.3,CAN_3956817D4A9688298EFA,ANALYSIS OF SURFACE DEFORMATIONS DURING EXCAVATION OF A SMALL OVERBURDEN TUNNEL IN WEAK ROCK MASSES,openalex,journal_article,TIER_B,2.4.1,,0.95,TITLE_METADATA_ONLY,insufficient_evidence_level,,/Users/bulsahkecici/Projects/paper-crawler-agent/tunel_makaleleri/pdfs/2025_ANALYSIS_OF_SURFACE_DEFORMATIONS_DURING_EXCAVATION_OF_A_SMALL_OVERBURDEN_TUNNEL_IN_WEAK_RO_2.pdf
10.1016/j.dib.2025.111973,CAN_D559831A92405C8A1503,Stress-strain and fracture acoustic emission dataset of high-strength concrete for metro tunnel lining under different stress states.,europe_pmc,journal_article,TIER_B,1.4,,0.75,TITLE_METADATA_ONLY,insufficient_evidence_level,,/Users/bulsahkecici/Projects/paper-crawler-agent/tunel_makaleleri/pdfs/2025_Stress-strain_and_fracture_acoustic_emission_dataset_of_high-strength_concrete_for_metro_t_2.pdf
10.1038/s41598-025-18821-1,CAN_5E83DD517C8A426C368E,Research progress on installation and maintenance techniques of ventilation ducts in drill-and-blast tunnel construction.,europe_pmc,journal_article,TIER_B,5.9,,0.85,TITLE_METADATA_ONLY,insufficient_evidence_level,,/Users/bulsahkecici/Projects/paper-crawler-agent/tunel_makaleleri/pdfs/2025_Research_progress_on_installation_and_maintenance_techniques_of_ventilation_ducts_in_drill.pdf
10.31449/inf.v49i4.11278,CAN_E7DAF3A4D932652EF2C9,Attention-Enhanced Multi-Task CNN for Subway Tunnel Lining Crack Segmentation and Defect Grading with Lightweight Deployment,crossref,journal_article,TIER_B,5.4.1,1.4;5.9.2;5.9;5.9.1,0.6052,TITLE_METADATA_ONLY,classification_status_not_allowed,,/Users/bulsahkecici/Projects/paper-crawler-agent/tunel_makaleleri/pdfs/2025_Attention-Enhanced_Multi-Task_CNN_for_Subway_Tunnel_Lining_Crack_Segmentation_and_Defect_G_2.pdf
10.3390/s25144475,CAN_F6569BB00012CE59BB4E,Leakage Detection in Subway Tunnels Using 3D Point Cloud Data: Integrating Intensity and Geometric Features with XGBoost Classifier.,europe_pmc,journal_article,TIER_B,5.4.1,1.4;2.4.1;1.2;2.4.1.1,0.3756,TITLE_METADATA_ONLY,classification_status_not_allowed,,/Users/bulsahkecici/Projects/paper-crawler-agent/tunel_makaleleri/pdfs/2025_Leakage_Detection_in_Subway_Tunnels_Using_3D_Point_Cloud_Data_Integrating_Intensity_and_Ge_2.pdf
10.3390/s25134177,CAN_0EE3E7E867F445CD8835,Mobile Tunnel Lining Measurable Image Scanning Assisted by Collimated Lasers.,europe_pmc,journal_article,TIER_B,1.4,1.4.1;2.4.1.1;5.9.2;2.4.1,0.3755,TITLE_METADATA_ONLY,classification_status_not_allowed,https://europepmc.org/articles/PMC12252142,/Users/bulsahkecici/Projects/paper-crawler-agent/tunel_makaleleri/pdfs/2025_Mobile_Tunnel_Lining_Measurable_Image_Scanning_Assisted_by_Collimated_Lasers_2.pdf
10.3390/s25227086,CAN_4204EBBEBF8D57750DFD,Georadar Waveform Characterization of Tunnel Lining Rear Defects and Joint Detection Method in Time and Frequency Domains.,europe_pmc,journal_article,TIER_B,5.4.1,,0.75,TITLE_METADATA_ONLY,insufficient_evidence_level,,/Users/bulsahkecici/Projects/paper-crawler-agent/tunel_makaleleri/pdfs/2025_Georadar_Waveform_Characterization_of_Tunnel_Lining_Rear_Defects_and_Joint_Detection_Metho_2.pdf
10.28991/cej-2025-011-08-03,CAN_8739F84DFF5F4107D751,Damage Evolution and Failure Mechanism of Segmental Tunnel Lining,crossref,journal_article,TIER_B,1.5,,0.76,TITLE_METADATA_ONLY,insufficient_evidence_level,,/Users/bulsahkecici/Projects/paper-crawler-agent/tunel_makaleleri/pdfs/2025_Damage_Evolution_and_Failure_Mechanism_of_Segmental_Tunnel_Lining_2.pdf
10.1038/s41598-025-97013-3,CAN_5C24114CE10EB4F0C12D,Model experimental investigation on staggered segmental tunnel linings considering the surrounding soil pressure.,europe_pmc,journal_article,TIER_B,1.4,2.4;5.4.1;2.4.1.1;5.9,0.3769,TITLE_METADATA_ONLY,classification_status_not_allowed,,/Users/bulsahkecici/Projects/paper-crawler-agent/tunel_makaleleri/pdfs/2025_Model_experimental_investigation_on_staggered_segmental_tunnel_linings_considering_the_sur_2.pdf
10.1177/00368504251320350,CAN_E4D897966BE8F447049C,Risk assessment of existing buildings in tunnel construction based on an improved cumulative prospect theory method.,europe_pmc,journal_article,TIER_B,1.4,2.4;6.2;1.4.1;2.4.1,0.3801,TITLE_METADATA_ONLY,classification_status_not_allowed,,/Users/bulsahkecici/Projects/paper-crawler-agent/tunel_makaleleri/pdfs/2025_Risk_assessment_of_existing_buildings_in_tunnel_construction_based_on_an_improved_cumulati.pdf
10.1038/s41598-025-18212-6,CAN_7F810B04087D4AA2A950,Finite-discrete element numerical modeling on shield tunnel face stability undercrossing existing pipeline considering discontinuous contact.,europe_pmc,journal_article,TIER_B,2.4,1.4;5.4.1;5.7.1;5.9.2,0.378,TITLE_METADATA_ONLY,classification_status_not_allowed,,/Users/bulsahkecici/Projects/paper-crawler-agent/tunel_makaleleri/pdfs/2025_Finite-discrete_element_numerical_modeling_on_shield_tunnel_face_stability_undercrossing_e_2.pdf
10.3390/s25051600,CAN_E53EE6272FFEE29F01AA,Machine Learning-Based Measurement and Prediction of Ground Settlement Induced by Shield Tunneling Undercrossing Existing Tunnels in Composite Strata.,europe_pmc,journal_article,TIER_B,1.4,2.4;2.4.1.1;5.7.1;2.2,0.3805,TITLE_METADATA_ONLY,classification_status_not_allowed,,/Users/bulsahkecici/Projects/paper-crawler-agent/tunel_makaleleri/pdfs/2025_Machine_Learning-Based_Measurement_and_Prediction_of_Ground_Settlement_Induced_by_Shield_T.pdf
10.13705/j.issn.1671-6833.2025.01.010,CAN_E88BBDF1E4E6593929ED,Parameters Modification of Peck Formula for Surface Settlement of Shield Tunnelling in Luoyang,doaj,journal_article,TIER_B,2.4,1.4;5.9;2.2;5.4.1,0.3804,TITLE_METADATA_ONLY,classification_status_not_allowed,,/Users/bulsahkecici/Projects/paper-crawler-agent/tunel_makaleleri/pdfs/2025_Parameters_Modification_of_Peck_Formula_for_Surface_Settlement_of_Shield_Tunnelling_in_Luo_2.pdf
10.1038/s41598-025-11477-x,CAN_24FD4F5ADF995037848F,Developing new machine-learning intelligent models to predict the excavation-tunnel displacements.,europe_pmc,journal_article,TIER_B,2.2,,0.75,TITLE_METADATA_ONLY,insufficient_evidence_level,,/Users/bulsahkecici/Projects/paper-crawler-agent/tunel_makaleleri/pdfs/2025_Developing_new_machine-learning_intelligent_models_to_predict_the_excavation-tunnel_displa_2.pdf
10.55092/sc20250017,CAN_4BFF807C000FAFDF4958,Exploring the potential of backpack SLAM LiDAR for metro tunnel inspection: explainable modeling and optimization of point cloud quality,crossref,journal_article,TIER_B,5.7,1.4;5.9.2;5.4.1;5.7.2,0.6039,TITLE_METADATA_ONLY,classification_status_not_allowed,,/Users/bulsahkecici/Projects/paper-crawler-agent/tunel_makaleleri/pdfs/2025_Exploring_the_potential_of_backpack_SLAM_LiDAR_for_metro_tunnel_inspection_explainable_mod_2.pdf
10.1021/acsomega.5c02395,CAN_C6A6147F4FF0E004710D,Study on the Vibration Mechanism of Different Cutting Modes in Shallow Tunnel Excavation under Thermal Explosion Loading.,europe_pmc,journal_article,TIER_B,2.2,,0.95,TITLE_METADATA_ONLY,insufficient_evidence_level,,/Users/bulsahkecici/Projects/paper-crawler-agent/tunel_makaleleri/pdfs/2025_Study_on_the_Vibration_Mechanism_of_Different_Cutting_Modes_in_Shallow_Tunnel_Excavation_u.pdf
10.1038/s41598-024-83882-7,CAN_395F884255097FCE55A7,A study on critical dislocation of gasket for segmental linings of shield tunnels.,europe_pmc,journal_article,TIER_B,2.4,,0.75,TITLE_METADATA_ONLY,insufficient_evidence_level,,/Users/bulsahkecici/Projects/paper-crawler-agent/tunel_makaleleri/pdfs/2025_A_study_on_critical_dislocation_of_gasket_for_segmental_linings_of_shield_tunnels_2.pdf
2024_The_Design_of_Autonomous_UAV_Prototypes_for_Inspecting_Tunnel_Construction_Environment_2,CAN_1C645FE5F18CB1958684,The Design of Autonomous UAV Prototypes for Inspecting Tunnel Construction Environment,arxiv,journal_article,TIER_B,1.4,2.4;5.9.2;1.4.1;5.7,0.3812,TITLE_METADATA_ONLY,classification_status_not_allowed,https://arxiv.org/abs/2408.07286v1,/Users/bulsahkecici/Projects/paper-crawler-agent/tunel_makaleleri/pdfs/2024_The_Design_of_Autonomous_UAV_Prototypes_for_Inspecting_Tunnel_Construction_Environment_2.pdf
10.1038/s41598-024-68704-0,CAN_AE0FE084A8A4EE29B5A4,AI-based rock strength assessment from tunnel face images using hybrid neural networks.,europe_pmc,journal_article,TIER_B,1.4,2.4;2.4.1;2.2.1;5.9.2,0.3705,TITLE_METADATA_ONLY,classification_status_not_allowed,,/Users/bulsahkecici/Projects/paper-crawler-agent/tunel_makaleleri/pdfs/2024_AI-based_rock_strength_assessment_from_tunnel_face_images_using_hybrid_neural_networks_2.pdf
10.33603/jgst.v8i2.9438,CAN_C23B881655CE201B6DEB,Analysis of The Stability of The Temporary Tunnel Support Structure in The Excavation Phase of The Cipanas Dam Tunnel,crossref,journal_article,TIER_B,5.9,5.4.1;5.9.2;2.4;1.4,0.3851,TITLE_METADATA_ONLY,classification_status_not_allowed,,/Users/bulsahkecici/Projects/paper-crawler-agent/tunel_makaleleri/pdfs/2024_Analysis_of_The_Stability_of_The_Temporary_Tunnel_Support_Structure_in_The_Excavation_Phas_2.pdf
10.28991/cej-2024-010-09-020,CAN_7F4A91EA5562116D5119,The Effects of Seismic Behavior on High Ground Stress Soft Rock Tunnel: A Review,openalex,journal_article,TIER_B,5.9.2,5.9;1.4;2.4.1;1.4.1,0.6011,TITLE_METADATA_ONLY,classification_status_not_allowed,,/Users/bulsahkecici/Projects/paper-crawler-agent/tunel_makaleleri/pdfs/2024_The_Effects_of_Seismic_Behavior_on_High_Ground_Stress_Soft_Rock_Tunnel_A_Review_2.pdf
10.3390/s24061749,CAN_1B0FC9F924B806AE53C2,Diagnosis and Monitoring of Tunnel Lining Defects by Using Comprehensive Geophysical Prospecting and Fiber Bragg Grating Strain Sensor,doaj,journal_article,TIER_B,5.4.1,,0.82,TITLE_METADATA_ONLY,insufficient_evidence_level,,/Users/bulsahkecici/Projects/paper-crawler-agent/tunel_makaleleri/pdfs/2024_Diagnosis_and_Monitoring_of_Tunnel_Lining_Defects_by_Using_Comprehensive_Geophysical_Prosp.pdf
10.23977/jceup.2024.060224,CAN_BA9E79D13D2705A6E555,Study on the Nondestructive Detection Method of Tunnel Lining Crack and Empty Ring Disease,crossref,journal_article,TIER_B,5.4.1,,0.85,TITLE_METADATA_ONLY,insufficient_evidence_level,,/Users/bulsahkecici/Projects/paper-crawler-agent/tunel_makaleleri/pdfs/2024_Study_on_the_Nondestructive_Detection_Method_of_Tunnel_Lining_Crack_and_Empty_Ring_Disease_2.pdf
10.1038/s41598-024-83062-7,CAN_D5FA405B0B54C27C9ACB,An analytical solution for internal forces of shallow circular low-to-vacuum tunnel linings in soft soils.,europe_pmc,journal_article,TIER_B,2.4,,0.85,TITLE_METADATA_ONLY,insufficient_evidence_level,,/Users/bulsahkecici/Projects/paper-crawler-agent/tunel_makaleleri/pdfs/2024_An_analytical_solution_for_internal_forces_of_shallow_circular_low-to-vacuum_tunnel_lining_2.pdf
10.1038/s41598-024-72731-2,CAN_A03E1C0E336B8EF2CBEB,Analysis of shield tunnel response to bilateral pit excavation with a focus on perimeter pressure and deformation mechanisms.,europe_pmc,journal_article,TIER_B,2.2,,0.75,TITLE_METADATA_ONLY,insufficient_evidence_level,,/Users/bulsahkecici/Projects/paper-crawler-agent/tunel_makaleleri/pdfs/2024_Analysis_of_shield_tunnel_response_to_bilateral_pit_excavation_with_a_focus_on_perimeter_p_2.pdf
10.2478/cee-2024-0054,CAN_A6A248A0B7D2EB4DF1F0,Evaluation of Face Stability for Mega Tunnel Under Varying Ground Strength Parameters,openalex,journal_article,TIER_B,1.4,5.9.2;2.4;5.9;5.7,0.3779,TITLE_METADATA_ONLY,classification_status_not_allowed,,/Users/bulsahkecici/Projects/paper-crawler-agent/tunel_makaleleri/pdfs/2024_Evaluation_of_Face_Stability_for_Mega_Tunnel_Under_Varying_Ground_Strength_Parameters.pdf
10.1371/journal.pone.0307405,CAN_6A8F6DEF62F46B0B0352,Study on deformation of tunnel pile foundation based on discrete element method and finite difference method.,europe_pmc,journal_article,TIER_B,2.4,1.4;2.4.1;5.4.1;2.4.1.1,0.3787,TITLE_METADATA_ONLY,classification_status_not_allowed,,/Users/bulsahkecici/Projects/paper-crawler-agent/tunel_makaleleri/pdfs/2024_Study_on_deformation_of_tunnel_pile_foundation_based_on_discrete_element_method_and_finite.pdf
10.1038/s41598-024-51165-w,CAN_7D3877DE14C59839948A,Time-series prediction of settlement deformation in shallow buried tunnels based on EMD-SSA-GRNN model.,europe_pmc,journal_article,TIER_B,1.4,2.4.1.1;2.4;5.4.1;5.9.2,0.3717,TITLE_METADATA_ONLY,classification_status_not_allowed,,/Users/bulsahkecici/Projects/paper-crawler-agent/tunel_makaleleri/pdfs/2024_Time-series_prediction_of_settlement_deformation_in_shallow_buried_tunnels_based_on_EMD-SS.pdf
10.3390/s24051560,CAN_A814D4C29E3138CF83F3,Data Imputation of Soil Pressure on Shield Tunnel Lining Based on Random Forest Model.,europe_pmc,journal_article,TIER_B,1.4,2.4;5.9;5.4.1;2.4.1,0.374,TITLE_METADATA_ONLY,classification_status_not_allowed,,/Users/bulsahkecici/Projects/paper-crawler-agent/tunel_makaleleri/pdfs/2024_Data_Imputation_of_Soil_Pressure_on_Shield_Tunnel_Lining_Based_on_Random_Forest_Model.pdf
10.1016/j.conbuildmat.2024.135575,CAN_A1F029C008B3464DAE46,Optimizing the shield tunnel backfilling grouts with supplementary cementitious materials by response surface methodology,openalex,journal_article,TIER_B,1.4,2.4;5.7.1;5.7;5.4.1,0.3824,TITLE_METADATA_ONLY,classification_status_not_allowed,,/Users/bulsahkecici/Projects/paper-crawler-agent/tunel_makaleleri/pdfs/2024_Optimizing_the_shield_tunnel_backfilling_grouts_with_supplementary_cementitious_materials.pdf
10.1139/cgj-2024-0049,CAN_A22120D9F082532AEDBF,Empirical prediction of horizontal movements induced by tunnelling in fine-grained soils,openalex,journal_article,TIER_B,1.4,2.4;2.4.1;2.2;2.4.1.1,0.3744,TITLE_METADATA_ONLY,classification_status_not_allowed,,/Users/bulsahkecici/Projects/paper-crawler-agent/tunel_makaleleri/pdfs/2024_Empirical_prediction_of_horizontal_movements_induced_by_tunnelling_in_fine-grained_soils.pdf
10.1038/s41598-024-54261-z,CAN_15AF018681BAFD240E05,Schedule risk model of water intake tunnel construction considering mood factors and its application.,europe_pmc,journal_article,TIER_B,1.4,5.9.2;5.9;2.4;5.4.1,0.3758,TITLE_METADATA_ONLY,classification_status_not_allowed,https://europepmc.org/articles/PMC11336182,/Users/bulsahkecici/Projects/paper-crawler-agent/tunel_makaleleri/pdfs/2024_Schedule_risk_model_of_water_intake_tunnel_construction_considering_mood_factors_and_its_a_2.pdf
10.1038/s41598-023-34525-w,CAN_50996D877F3D65F12F89,BIM-based digital platform and risk management system for mountain tunnel construction.,europe_pmc,journal_article,TIER_B,1.4,2.4;5.9.2;1.4.1;5.7.1,0.3744,TITLE_METADATA_ONLY,classification_status_not_allowed,,/Users/bulsahkecici/Projects/paper-crawler-agent/tunel_makaleleri/pdfs/2023_BIM-based_digital_platform_and_risk_management_system_for_mountain_tunnel_construction_2.pdf
2023_Reasonable_mechanical_model_on_shallow_tunnel_excavation_to_eliminate_displacement_singula_2,CAN_EE1B36178531FEF5CB99,Reasonable mechanical model on shallow tunnel excavation to eliminate displacement singularity caused by unbalanced resultant,arxiv,journal_article,TIER_B,1.4,2.4;5.9;5.9.2;5.4.1,0.3784,TITLE_METADATA_ONLY,classification_status_not_allowed,,/Users/bulsahkecici/Projects/paper-crawler-agent/tunel_makaleleri/pdfs/2023_Reasonable_mechanical_model_on_shallow_tunnel_excavation_to_eliminate_displacement_singula_2.pdf
10.32604/cmes.2023.023353,CAN_281EDBBCDE43488D5418,Study on Crack Propagation Parameters of Tunnel Lining Structure Based on Peridynamics,crossref,journal_article,TIER_B,5.4.1,5.9;1.4;2.4;5.9.2,0.6189,TITLE_METADATA_ONLY,classification_status_not_allowed,,/Users/bulsahkecici/Projects/paper-crawler-agent/tunel_makaleleri/pdfs/2023_Study_on_Crack_Propagation_Parameters_of_Tunnel_Lining_Structure_Based_on_Peridynamics_2.pdf
10.1371/journal.pone.0288633,CAN_AC8C2D7348B88F056DDE,Service reliability evaluation of highway tunnel based on digital image processing.,europe_pmc,journal_article,TIER_B,1.4.1,,0.85,TITLE_METADATA_ONLY,insufficient_evidence_level,,/Users/bulsahkecici/Projects/paper-crawler-agent/tunel_makaleleri/pdfs/2023_Service_reliability_evaluation_of_highway_tunnel_based_on_digital_image_processing_2.pdf
10.3390/s23167106,CAN_38524E33EDE4E99D43B8,Automatic Detection and Association Analysis of Multiple Surface Defects on Shield Subway Tunnels.,europe_pmc,journal_article,TIER_B,5.4.1,1.4;5.9;5.9.2;2.4,0.377,TITLE_METADATA_ONLY,classification_status_not_allowed,,/Users/bulsahkecici/Projects/paper-crawler-agent/tunel_makaleleri/pdfs/2023_Automatic_Detection_and_Association_Analysis_of_Multiple_Surface_Defects_on_Shield_Subway_2.pdf
10.3390/s23094343,CAN_699814E7DC3053AD4B3C,Application of Air-Coupled Ground Penetrating Radar Based on F-K Filtering and BP Migration in High-Speed Railway Tunnel Detection.,europe_pmc,journal_article,TIER_B,2.4.1,2.4.1.1;1.4;2.4;1.2,0.3739,TITLE_METADATA_ONLY,classification_status_not_allowed,,/Users/bulsahkecici/Projects/paper-crawler-agent/tunel_makaleleri/pdfs/2023_Application_of_Air-Coupled_Ground_Penetrating_Radar_Based_on_F-K_Filtering_and_BP_Migratio_2.pdf
10.3390/s23135986,CAN_9E676E096F050A7698F7,High-Speed Rail Tunnel Panoramic Inspection Image Recognition Technology Based on Improved YOLOv5.,europe_pmc,journal_article,TIER_B,1.4,2.4.1;5.9.2;2.4;5.4.1,0.381,TITLE_METADATA_ONLY,classification_status_not_allowed,,/Users/bulsahkecici/Projects/paper-crawler-agent/tunel_makaleleri/pdfs/2023_High-Speed_Rail_Tunnel_Panoramic_Inspection_Image_Recognition_Technology_Based_on_Improved.pdf
10.3390/s23031403,CAN_A4C5CAD6ECC9BF0B7503,Structural Stability Monitoring of Model Test on Highway Tunnel with Lining Backside Voids Using Dynamic and Static Strain Testing Sensors.,europe_pmc,journal_article,TIER_B,5.4.1,5.9.2;1.4;5.9;2.4.1.1,0.382,TITLE_METADATA_ONLY,classification_status_not_allowed,,/Users/bulsahkecici/Projects/paper-crawler-agent/tunel_makaleleri/pdfs/2023_Structural_Stability_Monitoring_of_Model_Test_on_Highway_Tunnel_with_Lining_Backside_Voids.pdf
10.1109/LRA.2023.3290415,CAN_94B6CFA0210010256F65,A vision-based autonomous UAV inspection framework for unknown tunnel construction sites with dynamic obstacles,arxiv,journal_article,TIER_B,1.4,5.9.2;1.4.1;2.4;5.4.1,0.3772,TITLE_METADATA_ONLY,classification_status_not_allowed,,/Users/bulsahkecici/Projects/paper-crawler-agent/tunel_makaleleri/pdfs/2023_A_vision-based_autonomous_UAV_inspection_framework_for_unknown_tunnel_construction_sites_w_2.pdf
2023_Deformation_Monitoring_of_Tunnel_using_Phase-based_Motion_Magnification_and_Optical_Flow_2,CAN_79F6716305C6376BD14B,Deformation Monitoring of Tunnel using Phase-based Motion Magnification and Optical Flow,arxiv,journal_article,TIER_B,2.4.1.2,1.4;5.4.1;2.4.1;5.9.2,0.6106,TITLE_METADATA_ONLY,classification_status_not_allowed,,/Users/bulsahkecici/Projects/paper-crawler-agent/tunel_makaleleri/pdfs/2023_Deformation_Monitoring_of_Tunnel_using_Phase-based_Motion_Magnification_and_Optical_Flow_2.pdf
10.1038/s41598-023-39377-y,CAN_4728252D25774EC2CEB0,Safety risk assessment of loess tunnel construction under complex environment based on game theory-cloud model,openalex,journal_article,TIER_B,1.4,1.4.1;1.5;2.4;5.9.2,0.3819,TITLE_METADATA_ONLY,classification_status_not_allowed,,/Users/bulsahkecici/Projects/paper-crawler-agent/tunel_makaleleri/pdfs/2023_Safety_risk_assessment_of_loess_tunnel_construction_under_complex_environment_based_on_gam.pdf
10.3389/feart.2022.1075928,CAN_30508AEFEF1AA6D3C61C,Study on the construction deformation of a slotted shield in loess tunnels with different buried depths and large sections,openalex,journal_article,TIER_B,2.4,1.4;5.4.1;5.9;5.9.2,0.3813,TITLE_METADATA_ONLY,classification_status_not_allowed,,/Users/bulsahkecici/Projects/paper-crawler-agent/tunel_makaleleri/pdfs/2023_Study_on_the_construction_deformation_of_a_slotted_shield_in_loess_tunnels_with_different.pdf
10.1038/s41598-023-38291-7,CAN_CBBEBD7F8FBBEA6D887F,A new approach for evaluating continuous and discontinuous pipeline deformation induced by soil tunnel excavation.,europe_pmc,journal_article,TIER_B,2.4,1.4;5.4.1;2.4.1;2.4.1.1,0.3741,TITLE_METADATA_ONLY,classification_status_not_allowed,,/Users/bulsahkecici/Projects/paper-crawler-agent/tunel_makaleleri/pdfs/2023_A_new_approach_for_evaluating_continuous_and_discontinuous_pipeline_deformation_induced_by_2.pdf
10.1038/s41598-022-26635-8,CAN_09F16CFA94CD1BCCFD44,Analytical solution of overlying pipe deformation caused by tunnel excavation based on Pasternak foundation model.,europe_pmc,journal_article,TIER_B,5.4.1,2.4;2.4.1;2.2;2.4.1.1,0.3802,TITLE_METADATA_ONLY,classification_status_not_allowed,,/Users/bulsahkecici/Projects/paper-crawler-agent/tunel_makaleleri/pdfs/2023_Analytical_solution_of_overlying_pipe_deformation_caused_by_tunnel_excavation_based_on_Pas_2.pdf
10.1016/j.engappai.2024.108156,CAN_0ABFF361E86AC0631C62,A multi-fidelity deep operator network (DeepONet) for fusing simulation and monitoring data: Application to real-time settlement prediction during tunnel construction,arxiv,journal_article,TIER_B,1.4,2.4;2.4.1.1;5.7.1;5.4.1,0.3783,TITLE_METADATA_ONLY,classification_status_not_allowed,,/Users/bulsahkecici/Projects/paper-crawler-agent/tunel_makaleleri/pdfs/2023_A_multi-fidelity_deep_operator_network_(DeepONet)_for_fusing_simulation_and_monitoring_dat_2.pdf
10.1061/jpcfev.cfeng-4363,CAN_5B4468BB130CAF6D128F,Prediction of Surface Settlement in Shield-Tunneling Construction Process Using PCA-PSO-RVM Machine Learning,openalex,journal_article,TIER_B,5.4.1,2.4;1.4;2.4.1.1;5.7.1,0.3751,TITLE_METADATA_ONLY,classification_status_not_allowed,,/Users/bulsahkecici/Projects/paper-crawler-agent/tunel_makaleleri/pdfs/2023_Prediction_of_Surface_Settlement_in_Shield-Tunneling_Construction_Process_Using_PCA-PSO-RV.pdf
10.22190/fume230826048m,CAN_CDC5A5CD2582E14C76B2,FRACTAL SPACE BASED DIMENSIONLESS ANALYSIS OF THE SURFACE SETTLEMENT INDUCED BY THE SHIELD TUNNELING,openalex,journal_article,TIER_B,2.4,1.4;2.4.1.1;5.4.1;1.4.1,0.3696,TITLE_METADATA_ONLY,classification_status_not_allowed,,/Users/bulsahkecici/Projects/paper-crawler-agent/tunel_makaleleri/pdfs/2023_FRACTAL_SPACE_BASED_DIMENSIONLESS_ANALYSIS_OF_THE_SURFACE_SETTLEMENT_INDUCED_BY_THE_SHIELD.pdf
10.1038/s41598-023-37028-w,CAN_A400246126C8ADD02F6D,A novel combined intelligent algorithm prediction model for the tunnel surface settlement,openalex,journal_article,TIER_B,1.4,2.4;5.7.1;1.4.1;5.9.2,0.375,TITLE_METADATA_ONLY,classification_status_not_allowed,,/Users/bulsahkecici/Projects/paper-crawler-agent/tunel_makaleleri/pdfs/2023_A_novel_combined_intelligent_algorithm_prediction_model_for_the_tunnel_surface_settlement.pdf
10.13164/re.2023.0299,CAN_FFFEB5CEF1FB07FCBACC,Research on Detection Method for Tunnel Lining Defects Based on DCAM-YOLOv5 in GPR B-Scan,crossref,journal_article,TIER_B,5.4.1,2.4.1;1.4;2.4.1.1;2.4,0.6176,TITLE_METADATA_ONLY,classification_status_not_allowed,,/Users/bulsahkecici/Projects/paper-crawler-agent/tunel_makaleleri/pdfs/2023_Research_on_Detection_Method_for_Tunnel_Lining_Defects_Based_on_DCAM-YOLOv5_in_GPR_B-Scan_2.pdf
10.3390/ma16124248,CAN_E8E66537556B7D0B7DDA,Numerical Investigation of Longitudinal through Voids in Tunnel Secondary Lining Vaults and Steel Plate Strengthening,openalex,journal_article,TIER_B,2.4,1.4;5.4.1;5.9;2.2,0.3775,TITLE_METADATA_ONLY,classification_status_not_allowed,,/Users/bulsahkecici/Projects/paper-crawler-agent/tunel_makaleleri/pdfs/2023_Numerical_Investigation_of_Longitudinal_through_Voids_in_Tunnel_Secondary_Lining_Vaults_an.pdf
10.3390/ma15196848,CAN_E2EFD0831CBF8FF1D221,Preparation and Experimental Investigations of Low-Shrinkage Commercial Concrete for Tunnel Annular Secondary Lining Engineering.,europe_pmc,journal_article,TIER_B,1.4,2.4;5.4.1;5.9.2;5.9,0.3752,TITLE_METADATA_ONLY,classification_status_not_allowed,,/Users/bulsahkecici/Projects/paper-crawler-agent/tunel_makaleleri/pdfs/2022_Preparation_and_Experimental_Investigations_of_Low-Shrinkage_Commercial_Concrete_for_Tunne_2.pdf
10.3390/s22062421,CAN_D4DD1B727423378A9AD1,Identification Method for Internal Forces of Segmental Tunnel Linings via the Combination of Laser Scanning and Hybrid Structural Analysis.,europe_pmc,journal_article,TIER_B,5.4.1,2.4;2.4.1;1.4;5.9,0.3762,TITLE_METADATA_ONLY,classification_status_not_allowed,,/Users/bulsahkecici/Projects/paper-crawler-agent/tunel_makaleleri/pdfs/2022_Identification_Method_for_Internal_Forces_of_Segmental_Tunnel_Linings_via_the_Combination.pdf
10.3389/fenvs.2022.972677,CAN_27720FC31707F6DA4C3E,Decision criteria and intelligent decision method for tunnel excavation scheme selection considering carbon emissions,openalex,journal_article,TIER_B,2.4,,0.75,TITLE_METADATA_ONLY,insufficient_evidence_level,,/Users/bulsahkecici/Projects/paper-crawler-agent/tunel_makaleleri/pdfs/2022_Decision_criteria_and_intelligent_decision_method_for_tunnel_excavation_scheme_selection_c_2.pdf
10.3389/fmats.2022.1007855,CAN_FF96E206E412790F14F0,Numerical simulation and analysis of crack disease in tunnel lining structure,openalex,journal_article,TIER_B,5.4.1,1.4;2.4;5.9;5.9.2,0.6148,TITLE_METADATA_ONLY,classification_status_not_allowed,,/Users/bulsahkecici/Projects/paper-crawler-agent/tunel_makaleleri/pdfs/2022_Numerical_simulation_and_analysis_of_crack_disease_in_tunnel_lining_structure.pdf
10.3390/s22249702,CAN_2B886FBEA3C6F7AE2836,Evaluation of Void Defects behind Tunnel Lining through GPR forward Simulation,openalex,journal_article,TIER_B,1.4,2.4;5.4.1;5.9.2;5.9,0.3774,TITLE_METADATA_ONLY,classification_status_not_allowed,,/Users/bulsahkecici/Projects/paper-crawler-agent/tunel_makaleleri/pdfs/2022_Evaluation_of_Void_Defects_behind_Tunnel_Lining_through_GPR_forward_Simulation_2.pdf
10.3311/ppci.19859,CAN_A946EE08D0F4E9B3E5E4,Review on Machine Learning-based Defect Detection of Shield Tunnel Lining,crossref,journal_article,TIER_B,5.9,,0.78,TITLE_METADATA_ONLY,insufficient_evidence_level,,/Users/bulsahkecici/Projects/paper-crawler-agent/tunel_makaleleri/pdfs/2022_Review_on_Machine_Learning-based_Defect_Detection_of_Shield_Tunnel_Lining_2.pdf
10.3390/ma15196862,CAN_D95EE184D2353AE5E805,Experimental Investigation of the Deformed Stagger-Jointed Segmental Tunnel Linings Strengthened by Epoxy-Bonded Filament Wound Profiles.,europe_pmc,journal_article,TIER_B,2.1.2,,0.85,TITLE_METADATA_ONLY,insufficient_evidence_level,,/Users/bulsahkecici/Projects/paper-crawler-agent/tunel_makaleleri/pdfs/2022_Experimental_Investigation_of_the_Deformed_Stagger-Jointed_Segmental_Tunnel_Linings_Streng_2.pdf
10.31202/ecjse.1013656,CAN_F0A51030992E45E96F81,Discontinuity Controlled Deformation Estimation in small Diameter Tunnels,openalex,journal_article,TIER_B,1.4,2.4;1.4.1;5.4.1;5.9.2,0.3766,TITLE_METADATA_ONLY,classification_status_not_allowed,,/Users/bulsahkecici/Projects/paper-crawler-agent/tunel_makaleleri/pdfs/2022_Discontinuity_Controlled_Deformation_Estimation_in_small_Diameter_Tunnels.pdf
10.24425/ace.2022.140178,CAN_B0A34DF1A0821F8E334F,Research on the intelligent positioning method of tunnel excavation face,crossref,journal_article,TIER_B,2.4,,0.76,TITLE_METADATA_ONLY,insufficient_evidence_level,,/Users/bulsahkecici/Projects/paper-crawler-agent/tunel_makaleleri/pdfs/2022_Research_on_the_intelligent_positioning_method_of_tunnel_excavation_face_2.pdf
10.36680/j.itcon.2021.034,CAN_0655E698A67FF8501DFE,Implementing BIM for conventional tunnels - a proposed methodology and case study,openalex,journal_article,TIER_B,1.4,2.4;5.9.2;2.2;5.9,0.3793,TITLE_METADATA_ONLY,classification_status_not_allowed,,/Users/bulsahkecici/Projects/paper-crawler-agent/tunel_makaleleri/pdfs/2021_Implementing_BIM_for_conventional_tunnels_-_a_proposed_methodology_and_case_study_2.pdf
10.3846/jcem.2021.14901,CAN_4A450B2B73809409F159,RISK PREDICTION AND DIAGNOSIS OF WATER SEEPAGE IN OPERATIONAL SHIELD TUNNELS BASED ON RANDOM FOREST,openalex,journal_article,TIER_B,1.4,5.4.1;5.9;5.9.2;1.5,0.3786,TITLE_METADATA_ONLY,classification_status_not_allowed,,/Users/bulsahkecici/Projects/paper-crawler-agent/tunel_makaleleri/pdfs/2021_RISK_PREDICTION_AND_DIAGNOSIS_OF_WATER_SEEPAGE_IN_OPERATIONAL_SHIELD_TUNNELS_BASED_ON_RAND_2.pdf
10.3389/feart.2021.802662,CAN_F28B7C69C7DA67883EFB,Effects on a Nearby Bridge of Dismantling Temporary Lining During Excavation of a Shallow-Buried Rectangular Tunnel,openalex,journal_article,TIER_B,5.4.1,1.4;2.4;5.9;5.9.2,0.3815,TITLE_METADATA_ONLY,classification_status_not_allowed,,/Users/bulsahkecici/Projects/paper-crawler-agent/tunel_makaleleri/pdfs/2021_Effects_on_a_Nearby_Bridge_of_Dismantling_Temporary_Lining_During_Excavation_of_a_Shallow-_2.pdf
10.3390/s21175725,CAN_E9F116E73F292F89299B,A Novel Approach to Automated 3D Spalling Defects Inspection in Railway Tunnel Linings Using Laser Intensity and Depth Information,openalex,journal_article,TIER_B,5.4.1,1.4;5.9.2;2.4;2.4.1,0.3791,TITLE_METADATA_ONLY,classification_status_not_allowed,,/Users/bulsahkecici/Projects/paper-crawler-agent/tunel_makaleleri/pdfs/2021_A_Novel_Approach_to_Automated_3D_Spalling_Defects_Inspection_in_Railway_Tunnel_Linings_Usi_2.pdf
10.3390/ma14092378,CAN_722622CB3F0076766B1E,Mechanical Behavior of Ultrahigh-Performance Concrete Tunnel Lining Segments.,europe_pmc,journal_article,TIER_B,1.4,2.4;5.9;5.4.1;5.9.2,0.3792,TITLE_METADATA_ONLY,classification_status_not_allowed,,/Users/bulsahkecici/Projects/paper-crawler-agent/tunel_makaleleri/pdfs/2021_Mechanical_Behavior_of_Ultrahigh-Performance_Concrete_Tunnel_Lining_Segments_2.pdf
10.3390/s21134407,CAN_F5C72733A65FFEB51230,Method for Tunnel Displacements Calculation Based on Mobile Tunnel Monitoring System,openalex,journal_article,TIER_B,1.4,2.4;2.4.1;1.4.1;5.9.2,0.3841,TITLE_METADATA_ONLY,classification_status_not_allowed,,/Users/bulsahkecici/Projects/paper-crawler-agent/tunel_makaleleri/pdfs/2021_Method_for_Tunnel_Displacements_Calculation_Based_on_Mobile_Tunnel_Monitoring_System.pdf
10.30564/jcr.v3i2.4075,CAN_7FCC68C9D968F213535C,Study on Ground Deformation During Shield Tunnel Construction,crossref,journal_article,TIER_B,1.4,2.4;5.9.2;5.9;2.4.1.1,0.3763,TITLE_METADATA_ONLY,classification_status_not_allowed,,/Users/bulsahkecici/Projects/paper-crawler-agent/tunel_makaleleri/pdfs/2021_Study_on_Ground_Deformation_During_Shield_Tunnel_Construction_2.pdf
10.3390/s21217032,CAN_7F39DA602C46DB6493D1,Long-Term Monitoring of a Tunnel in a Landslide Prone Area by Brillouin-Based Distributed Optical Fiber Sensors,openalex,journal_article,TIER_B,1.4.1,1.4;2.4.1.1;5.9.2;1.5,0.3758,TITLE_METADATA_ONLY,classification_status_not_allowed,,/Users/bulsahkecici/Projects/paper-crawler-agent/tunel_makaleleri/pdfs/2021_Long-Term_Monitoring_of_a_Tunnel_in_a_Landslide_Prone_Area_by_Brillouin-Based_Distributed.pdf
10.3390/s21248392,CAN_FC038C46BB4A142EC837,Study on Mechanical Characteristics of Segmental Joints of a Large-Diameter Shield Tunnel under Ultrahigh Water Pressure.,europe_pmc,journal_article,TIER_B,5.4.1,5.9;5.9.2;1.4;2.4,0.378,TITLE_METADATA_ONLY,classification_status_not_allowed,,/Users/bulsahkecici/Projects/paper-crawler-agent/tunel_makaleleri/pdfs/2021_Study_on_Mechanical_Characteristics_of_Segmental_Joints_of_a_Large-Diameter_Shield_Tunnel_2.pdf
10.3390/ma14216663,CAN_AFB33042ECB3E38043C5,Chloride Transport Behaviour and Service Performance of Cracked Concrete Linings in Coastal Subway Tunnels,openalex,journal_article,TIER_B,5.4.1,,0.76,TITLE_METADATA_ONLY,insufficient_evidence_level,,/Users/bulsahkecici/Projects/paper-crawler-agent/tunel_makaleleri/pdfs/2021_Chloride_Transport_Behaviour_and_Service_Performance_of_Cracked_Concrete_Linings_in_Coasta.pdf
10.1177/0036850419874988,CAN_3B285BBF9911A4E03DBE,Layout optimization for non-equidistant thrust system of tunneling machine based on geometric progression under mixed ground.,europe_pmc,journal_article,TIER_B,5.7.1,5.7;2.4;1.4;5.7.2,0.6129,TITLE_METADATA_ONLY,classification_status_not_allowed,,/Users/bulsahkecici/Projects/paper-crawler-agent/tunel_makaleleri/pdfs/2020_Layout_optimization_for_non-equidistant_thrust_system_of_tunneling_machine_based_on_geomet_2.pdf
10.5194/isprs-archives-xliii-b2-2020-1137-2020,CAN_061A31AE439DE4AE79ED,COST-BENEFIT ANALYSIS OF RAIL TUNNEL INSPECTION FOR PHOTOGRAMMETRY AND LASER SCANNING,openalex,journal_article,TIER_B,6.2,,0.75,TITLE_METADATA_ONLY,insufficient_evidence_level,,/Users/bulsahkecici/Projects/paper-crawler-agent/tunel_makaleleri/pdfs/2020_COST-BENEFIT_ANALYSIS_OF_RAIL_TUNNEL_INSPECTION_FOR_PHOTOGRAMMETRY_AND_LASER_SCANNING.pdf
10.3390/s20236815,CAN_2740BFC6D84AB16E6A61,Tunnel Deformation Inspection via Global Spatial Axis Extraction from 3D Raw Point Cloud.,europe_pmc,journal_article,TIER_B,5.4.1,2.4;2.4.1;2.4.1.1;1.4,0.373,TITLE_METADATA_ONLY,classification_status_not_allowed,,/Users/bulsahkecici/Projects/paper-crawler-agent/tunel_makaleleri/pdfs/2020_Tunnel_Deformation_Inspection_via_Global_Spatial_Axis_Extraction_from_3D_Raw_Point_Cloud_2.pdf
10.3390/s20185400,CAN_4060E7B8B795BEA3478E,Deformation Detection Method of Mine Tunnel Based on Mobile Detection System.,europe_pmc,journal_article,TIER_B,2.4.1,2.4.1.1;1.4;2.4;5.9.2,0.3814,TITLE_METADATA_ONLY,classification_status_not_allowed,,/Users/bulsahkecici/Projects/paper-crawler-agent/tunel_makaleleri/pdfs/2020_Deformation_Detection_Method_of_Mine_Tunnel_Based_on_Mobile_Detection_System_2.pdf
10.5194/isprs-annals-v-2-2020-281-2020,CAN_B240E4ABEBA89FF535E1,SEMANTIC SEGMENTATION OF POINT CLOUDS WITH POINTNET AND KPCONV ARCHITECTURES APPLIED TO RAILWAY TUNNELS,openalex,journal_article,TIER_B,2.4,1.2;1.4;2.1.1;2.4.1,0.3745,TITLE_METADATA_ONLY,classification_status_not_allowed,,/Users/bulsahkecici/Projects/paper-crawler-agent/tunel_makaleleri/pdfs/2020_SEMANTIC_SEGMENTATION_OF_POINT_CLOUDS_WITH_POINTNET_AND_KPCONV_ARCHITECTURES_APPLIED_TO_RA.pdf
10.3390/s20030645,CAN_55A701A1AE9B4E384C22,Absolute Positioning and Orientation of MLSS in a Subway Tunnel Based on Sparse Point-Assisted DR,openalex,journal_article,TIER_B,2.4,1.4;2.4.2;5.9;2.4.2.2,0.3728,TITLE_METADATA_ONLY,classification_status_not_allowed,,/Users/bulsahkecici/Projects/paper-crawler-agent/tunel_makaleleri/pdfs/2020_Absolute_Positioning_and_Orientation_of_MLSS_in_a_Subway_Tunnel_Based_on_Sparse_Point-Assi.pdf
10.1007/s00603-020-02138-8,CAN_E2C985A6D27EC6716AD8,Dynamic and Probabilistic Multi-class Prediction of Tunnel Squeezing Intensity,openalex,journal_article,TIER_B,1.4,5.9;2.2;1.4.1;5.7,0.3716,TITLE_METADATA_ONLY,classification_status_not_allowed,,/Users/bulsahkecici/Projects/paper-crawler-agent/tunel_makaleleri/pdfs/2020_Dynamic_and_Probabilistic_Multi-class_Prediction_of_Tunnel_Squeezing_Intensity.pdf
10.28991/cej-2019-03091316,CAN_00007C62283F7AEB8A0A,Analysis and Study on Crack Characteristics of Highway Tunnel Lining,crossref,journal_article,TIER_B,5.4.1,1.4;5.9.2;5.9;2.4,0.3805,TITLE_METADATA_ONLY,classification_status_not_allowed,,/Users/bulsahkecici/Projects/paper-crawler-agent/tunel_makaleleri/pdfs/2019_Analysis_and_Study_on_Crack_Characteristics_of_Highway_Tunnel_Lining_2.pdf
2019_Dense_3D_Reconstruction_for_Visual_Tunnel_Inspection_using_Unmanned_Aerial_Vehicle_2,CAN_7B5830FBFC01F64E4A84,Dense 3D Reconstruction for Visual Tunnel Inspection using Unmanned Aerial Vehicle,arxiv,journal_article,TIER_B,1.4,5.9.2;2.4;1.4.1;5.4.1,0.3757,TITLE_METADATA_ONLY,classification_status_not_allowed,,/Users/bulsahkecici/Projects/paper-crawler-agent/tunel_makaleleri/pdfs/2019_Dense_3D_Reconstruction_for_Visual_Tunnel_Inspection_using_Unmanned_Aerial_Vehicle_2.pdf
10.1002/nag.2894,CAN_8F1AA318F9E3DECF8028,On a nonlinear hybrid method for multiscale analysis of a bearing-capacity test of a real-scale segmental tunnel ring.,europe_pmc,journal_article,TIER_B,2.4,1.4;5.4.1;2.4.1;1.4.1,0.3727,TITLE_METADATA_ONLY,classification_status_not_allowed,,/Users/bulsahkecici/Projects/paper-crawler-agent/tunel_makaleleri/pdfs/2019_On_a_nonlinear_hybrid_method_for_multiscale_analysis_of_a_bearing-capacity_test_of_a_real-.pdf
10.28991/cej-2019-03091248,CAN_2E9A607CC85415B7FB8E,Displacement and Deformation of the First Tunnel Lining During the Second Tunnel Construction,crossref,journal_article,TIER_B,2.2,,0.72,TITLE_METADATA_ONLY,insufficient_evidence_level,,/Users/bulsahkecici/Projects/paper-crawler-agent/tunel_makaleleri/pdfs/2019_Displacement_and_Deformation_of_the_First_Tunnel_Lining_During_the_Second_Tunnel_Construct_2.pdf
10.28991/cej-2019-03091394,CAN_37532F7705A10F12EAAE,Failure Mode and Stability of Excavation Face on Shield Tunnel Undercrossing Existing Tunnel,crossref,journal_article,TIER_B,5.4.1,5.9;1.4;5.9.2;2.4,0.384,TITLE_METADATA_ONLY,classification_status_not_allowed,,/Users/bulsahkecici/Projects/paper-crawler-agent/tunel_makaleleri/pdfs/2019_Failure_Mode_and_Stability_of_Excavation_Face_on_Shield_Tunnel_Undercrossing_Existing_Tunn_2.pdf
10.9798/kosham.2018.18.5.217,CAN_406B1289D6EABE76CFD7,Development of Video Shooting System and Technique Enabling Detection of Micro Cracks in the Tunnel Lining while Driving,openalex,journal_article,TIER_B,5.4.1,,0.85,TITLE_METADATA_ONLY,insufficient_evidence_level,,/Users/bulsahkecici/Projects/paper-crawler-agent/tunel_makaleleri/pdfs/2018_Development_of_Video_Shooting_System_and_Technique_Enabling_Detection_of_Micro_Cracks_in_t_2.pdf
10.2208/journalofjsce.6.1_78,CAN_44EAA93EA8C6EE0A806F,AN IMAGE-MATCHING METHOD BASED ON THE CURVATURE OF COST CURVE FOR PRODUCING TUNNEL LINING PANORAMA,openalex,journal_article,TIER_B,2.4,1.4;5.5.2.1;5.7.1;5.7,0.3797,TITLE_METADATA_ONLY,classification_status_not_allowed,,/Users/bulsahkecici/Projects/paper-crawler-agent/tunel_makaleleri/pdfs/2018_AN_IMAGE-MATCHING_METHOD_BASED_ON_THE_CURVATURE_OF_COST_CURVE_FOR_PRODUCING_TUNNEL_LINING.pdf
10.3390/s18020420,CAN_FCE0CA3E2605C100E1B5,Study of the Integration of the CNU-TS-1 Mobile Tunnel Monitoring System,openalex,journal_article,TIER_B,1.4,5.9.2;1.4.1;5.9;5.9.1,0.3819,TITLE_METADATA_ONLY,classification_status_not_allowed,,/Users/bulsahkecici/Projects/paper-crawler-agent/tunel_makaleleri/pdfs/2018_Study_of_the_Integration_of_the_CNU-TS-1_Mobile_Tunnel_Monitoring_System.pdf
10.25103/jestr.116.09,CAN_85FA45EF470BB061DF31,Wavelet Packet Analysis of Ground–Penetrating Radar Simulated Signal for Tunnel Cavity Fillings,openalex,journal_article,TIER_B,1.4,2.4.1;2.2;5.9;2.4.1.1,0.3676,TITLE_METADATA_ONLY,classification_status_not_allowed,,/Users/bulsahkecici/Projects/paper-crawler-agent/tunel_makaleleri/pdfs/2018_Wavelet_Packet_Analysis_of_Ground–Penetrating_Radar_Simulated_Signal_for_Tunnel_Cavity_Fil.pdf
10.1515/jee-2017-0068,CAN_76E7E0FC2F5746D21C7C,Analysis of the highway tunnels monitoring using an optical fiber implemented into primary lining,openalex,journal_article,TIER_B,5.4.1,,0.82,TITLE_METADATA_ONLY,insufficient_evidence_level,,/Users/bulsahkecici/Projects/paper-crawler-agent/tunel_makaleleri/pdfs/2017_Analysis_of_the_highway_tunnels_monitoring_using_an_optical_fiber_implemented_into_primary_2.pdf
10.3311/ppci.9700,CAN_D841C1C5FC439AA3B24D,Stress Analysis of Segmental Tunnel Lining Using Artificial Neural Network,crossref,journal_article,TIER_B,1.4,5.4.1;5.9;2.4;5.9.2,0.3755,TITLE_METADATA_ONLY,classification_status_not_allowed,,/Users/bulsahkecici/Projects/paper-crawler-agent/tunel_makaleleri/pdfs/2017_Stress_Analysis_of_Segmental_Tunnel_Lining_Using_Artificial_Neural_Network_2.pdf
10.48084/etasr.1045,CAN_302471F595A089A7ECD9,Finite Element Based Response Surface Methodology to Optimize Segmental Tunnel Lining,crossref,journal_article,TIER_B,2.4,,0.9,TITLE_METADATA_ONLY,insufficient_evidence_level,,/Users/bulsahkecici/Projects/paper-crawler-agent/tunel_makaleleri/pdfs/2017_Finite_Element_Based_Response_Surface_Methodology_to_Optimize_Segmental_Tunnel_Lining_2.pdf
10.5194/isprs-archives-xlii-2-w7-353-2017,CAN_9CE7ACDFE741CE919061,AUTOMATIC MONITORING OF TUNNEL DEFORMATION BASED ON HIGH DENSITY POINT CLOUDS DATA,openalex,journal_article,TIER_B,1.4,5.4.1;5.9.2;2.4;5.9,0.3784,TITLE_METADATA_ONLY,classification_status_not_allowed,,/Users/bulsahkecici/Projects/paper-crawler-agent/tunel_makaleleri/pdfs/2017_AUTOMATIC_MONITORING_OF_TUNNEL_DEFORMATION_BASED_ON_HIGH_DENSITY_POINT_CLOUDS_DATA.pdf
10.1186/s40064-016-2168-7,CAN_C645DBE6AE7D582B6A77,Development of the safety control framework for shield tunneling in close proximity to the operational subway tunnels: case studies in mainland China.,europe_pmc,journal_article,TIER_B,1.4,5.9.2;5.9;2.4;1.4.1,0.3871,TITLE_METADATA_ONLY,classification_status_not_allowed,,/Users/bulsahkecici/Projects/paper-crawler-agent/tunel_makaleleri/pdfs/2016_Development_of_the_safety_control_framework_for_shield_tunneling_in_close_proximity_to_the_2.pdf
10.12989/gae.2016.11.4.471,CAN_C51B05E4E2C59589BC2C,Stability assessment of tunnel face in a layered soil using upper bound theorem of limit analysis,openalex,journal_article,TIER_B,5.9,1.4;5.9.2;5.7.1;5.4.1,0.378,TITLE_METADATA_ONLY,classification_status_not_allowed,,/Users/bulsahkecici/Projects/paper-crawler-agent/tunel_makaleleri/pdfs/2016_Stability_assessment_of_tunnel_face_in_a_layered_soil_using_upper_bound_theorem_of_limit_a.pdf
10.1016/j.istruc.2015.02.001,CAN_0D34D62EC2B152D6C86E,Blast Response of Segmented Bored Tunnel using Coupled SPH–FE Method,openalex,journal_article,TIER_B,2.2,1.4;2.4;2.4.1;2.4.1.1,0.3757,TITLE_METADATA_ONLY,classification_status_not_allowed,,/Users/bulsahkecici/Projects/paper-crawler-agent/tunel_makaleleri/pdfs/2015_Blast_Response_of_Segmented_Bored_Tunnel_using_Coupled_SPH–FE_Method_2.pdf
10.9711/ktaj.2015.17.6.653,CAN_EF710F8CE8A9F40D773C,A study on the treatment of external water pressure for the water pressure tunnel at the structural analysis of concrete lining,openalex,journal_article,TIER_B,2.4,,0.85,TITLE_METADATA_ONLY,insufficient_evidence_level,,/Users/bulsahkecici/Projects/paper-crawler-agent/tunel_makaleleri/pdfs/2015_A_study_on_the_treatment_of_external_water_pressure_for_the_water_pressure_tunnel_at_the_s.pdf
10.9711/ktaj.2014.16.1.001,CAN_F1B133C51E7CCBA585E6,A study on the estimation of the optimal number of monitoring points in single-track tunnel lining with the inverse analysis program,crossref,journal_article,TIER_B,1.4,2.4;5.7.1;5.9.2;5.9,0.3847,TITLE_METADATA_ONLY,classification_status_not_allowed,,/Users/bulsahkecici/Projects/paper-crawler-agent/tunel_makaleleri/pdfs/2014_A_study_on_the_estimation_of_the_optimal_number_of_monitoring_points_in_single-track_tunne_2.pdf
10.11112/jksmi.2014.18.5.116,CAN_A0BD487D0B78757F5FDD,Research of Early-age Strength Development Technology for Remove the Steel Form of Large-wide Tunnel Lining Concrete,crossref,journal_article,TIER_B,1.4,5.9.2;5.9;2.4;5.4.1,0.3772,TITLE_METADATA_ONLY,classification_status_not_allowed,,/Users/bulsahkecici/Projects/paper-crawler-agent/tunel_makaleleri/pdfs/2014_Research_of_Early-age_Strength_Development_Technology_for_Remove_the_Steel_Form_of_Large-w_2.pdf
10.3844/ajeassp.2012.198.204,CAN_ED1F37D9355DEEEC74D3,DEVELOPMENT OF INSPECTION SYSTEM FOR CORROSION CRACK IN R.C. FOR SECOND TUNNEL LINING BY USING KNOWLEDGE-BASED SYSTEM,crossref,journal_article,TIER_B,5.4.1,,0.82,TITLE_METADATA_ONLY,insufficient_evidence_level,,/Users/bulsahkecici/Projects/paper-crawler-agent/tunel_makaleleri/pdfs/2012_DEVELOPMENT_OF_INSPECTION_SYSTEM_FOR_CORROSION_CRACK_IN_R.C._FOR_SECOND_TUNNEL_LINING_BY_U_2.pdf
10.11112/jksmi.2012.16.4.099,CAN_3D0FBADD513F2334EB58,An Estimation of the Temperature-dependent Thermal Conductivity for Hybrid-fiber Reinforced Shield Tunnel Lining,crossref,journal_article,TIER_B,1.4,5.7;2.4;5.4.1;5.7.2,0.3742,TITLE_METADATA_ONLY,classification_status_not_allowed,,/Users/bulsahkecici/Projects/paper-crawler-agent/tunel_makaleleri/pdfs/2012_An_Estimation_of_the_Temperature-dependent_Thermal_Conductivity_for_Hybrid-fiber_Reinforce_2.pdf
2011_Thermal_and_Mechanical_Studies_of_Thin_Spray-On_Liner_(TSL)_for_Concrete_Tunnel_Linings_2,CAN_A074AF403803F4B8DEAF,Thermal and Mechanical Studies of Thin Spray-On Liner (TSL) for Concrete Tunnel Linings,openalex,journal_article,TIER_B,1.4,2.4;5.4.1;5.9;5.9.2,0.3766,TITLE_METADATA_ONLY,classification_status_not_allowed,,/Users/bulsahkecici/Projects/paper-crawler-agent/tunel_makaleleri/pdfs/2011_Thermal_and_Mechanical_Studies_of_Thin_Spray-On_Liner_(TSL)_for_Concrete_Tunnel_Linings_2.pdf
10.2219/rtriqr.48.94,CAN_E4703951DE5C95479FC7,Advanced Inspection System of Tunnel Wall Deformation using Image Processing,openalex,journal_article,TIER_B,5.4.1,1.4;5.9.2;2.4.1;5.9,0.3821,TITLE_METADATA_ONLY,classification_status_not_allowed,,/Users/bulsahkecici/Projects/paper-crawler-agent/tunel_makaleleri/pdfs/2007_Advanced_Inspection_System_of_Tunnel_Wall_Deformation_using_Image_Processing_2.pdf
10.5302/j.icros.2004.10.1.066,CAN_913175A9C7FBAAE686DA,Development of Inspection System for Crack on the Lining of Concrete Tunnel,crossref,journal_article,TIER_B,5.4.1,5.9.2;1.4;5.9;2.4,0.3866,TITLE_METADATA_ONLY,classification_status_not_allowed,,/Users/bulsahkecici/Projects/paper-crawler-agent/tunel_makaleleri/pdfs/2004_Development_of_Inspection_System_for_Crack_on_the_Lining_of_Concrete_Tunnel_2.pdf
10.2208/jscej.2002.721_27,CAN_877DD0A77416812AF26D,THE MULTIPLIED TUNNEL SUPPORT SYSTEM APPLIED TO SQUEEZING GROUND CONDITION,openalex,journal_article,TIER_B,1.4,2.4;5.9;5.9.2;1.4.1,0.3784,TITLE_METADATA_ONLY,classification_status_not_allowed,,/Users/bulsahkecici/Projects/paper-crawler-agent/tunel_makaleleri/pdfs/2002_THE_MULTIPLIED_TUNNEL_SUPPORT_SYSTEM_APPLIED_TO_SQUEEZING_GROUND_CONDITION_2.pdf
10.1016/0307-904x(95)00019-g,CAN_6F804C97224676C584E0,A level II reliability approach to tunnel support design,openalex,journal_article,TIER_B,2.4,,0.85,TITLE_METADATA_ONLY,insufficient_evidence_level,,/Users/bulsahkecici/Projects/paper-crawler-agent/tunel_makaleleri/pdfs/1995_A_level_II_reliability_approach_to_tunnel_support_design.pdf
10.12700/aph.21.1.2024.1.15,CAN_926E5C8115E9F2A61286,Performance Analysis and Related Data Utilization of Rapid Crack Inspection Technology for Railway Tunnel Lining Surface,crossref,journal_article,TIER_B,5.4.1,1.4;5.9.2;5.9;5.9.1,0.382,TITLE_METADATA_ONLY,classification_status_not_allowed,,/Users/bulsahkecici/Projects/paper-crawler-agent/tunel_makaleleri/pdfs/2024_Performance_Analysis_and_Related_Data_Utilization_of_Rapid_Crack_Inspection_Technology_for_2.pdf
10.2208/jscejte.76.1_79,CAN_AC561ACCA4D2FCB6B220,THE STUDY ON ANALYSIS OF CRACK PROGRESSION OF TUNNEL LINING BASED ON CONTRIBUTIONS OF CRACK WIDTHS AND ITS LENGTHS BY USING TCI,crossref,journal_article,TIER_B,5.4.1,1.4;5.9;2.4;5.9.2,0.6192,TITLE_METADATA_ONLY,classification_status_not_allowed,,/Users/bulsahkecici/Projects/paper-crawler-agent/tunel_makaleleri/pdfs/2020_THE_STUDY_ON_ANALYSIS_OF_CRACK_PROGRESSION_OF_TUNNEL_LINING_BASED_ON_CONTRIBUTIONS_OF_CRAC_2.pdf
10.2208/jscejte.76.1_1,CAN_C2936635C4460464C759,VISCO-ELASTO-PLASTIC MODEL FOR SWELLING AND SQUEEZING GROUND FOR DEFORMED TUNNEL,crossref,journal_article,TIER_B,1.4,2.4;5.4.1;1.4.1;2.2,0.3743,TITLE_METADATA_ONLY,classification_status_not_allowed,,/Users/bulsahkecici/Projects/paper-crawler-agent/tunel_makaleleri/pdfs/2020_VISCO-ELASTO-PLASTIC_MODEL_FOR_SWELLING_AND_SQUEEZING_GROUND_FOR_DEFORMED_TUNNEL_2.pdf
10.17577/ijertv9is080277,CAN_931C559D5F5CCBD35298,"Prediction of Rock Burst, Squeezing and Support Design using Three-Dimensional and Conventional Methods Along Headrace Tunnel in Balephi, Nepal",crossref,journal_article,TIER_B,2.4,,0.75,TITLE_METADATA_ONLY,insufficient_evidence_level,,"/Users/bulsahkecici/Projects/paper-crawler-agent/tunel_makaleleri/pdfs/2020_Prediction_of_Rock_Burst,_Squeezing_and_Support_Design_using_Three-Dimensional_and_Convent_2.pdf"
10.2208/jscejte.75.1,CAN_E7E1898FB8141498E49D,STUDY ON IMPROVEMENTS OF EVALUTATION AND CALCLATION OF TUNNEL-LINING CRACK INDEX (TCI) FOR ASSESS THE HEALTH MONITORING OF TUNNEL LINING,crossref,journal_article,TIER_B,1.4,5.4.1;5.9;5.9.2;5.9.1,0.3821,TITLE_METADATA_ONLY,classification_status_not_allowed,,/Users/bulsahkecici/Projects/paper-crawler-agent/tunel_makaleleri/pdfs/2019_STUDY_ON_IMPROVEMENTS_OF_EVALUTATION_AND_CALCLATION_OF_TUNNEL-LINING_CRACK_INDEX_(TCI)_FOR_2.pdf
10.2208/jscejte.74.1,CAN_F01BD07607B8A7DA6BD3,VERIFICATION ON QUANTITATIVE HEALTH MONITORING METHOD OF TUNNEL CONCRETE LINING,crossref,journal_article,TIER_B,5.4.1,,0.85,TITLE_METADATA_ONLY,insufficient_evidence_level,,/Users/bulsahkecici/Projects/paper-crawler-agent/tunel_makaleleri/pdfs/2018_VERIFICATION_ON_QUANTITATIVE_HEALTH_MONITORING_METHOD_OF_TUNNEL_CONCRETE_LINING_2.pdf
10.21817/ijet/2017/v9i6/170906029,CAN_87FCD287A2113F4D2AFA,Influence of Segmental Joints in the Segmental Circular Tunnel Lining under the Impact of Earthquakes,crossref,journal_article,TIER_B,5.4.1,1.4;2.4;1.5;1.4.1,0.3744,TITLE_METADATA_ONLY,classification_status_not_allowed,,/Users/bulsahkecici/Projects/paper-crawler-agent/tunel_makaleleri/pdfs/2017_Influence_of_Segmental_Joints_in_the_Segmental_Circular_Tunnel_Lining_under_the_Impact_of_2.pdf
10.21660/2017.31.6536,CAN_19049635FBA77E244B37,3D-FEM ANALYSIS OF SHIELD TUNNEL CONSTRUCTION WITH GROUND-SPRING MODEL,crossref,journal_article,TIER_B,2.4,1.4;2.4.1;5.4.1;2.4.1.1,0.3794,TITLE_METADATA_ONLY,classification_status_not_allowed,,/Users/bulsahkecici/Projects/paper-crawler-agent/tunel_makaleleri/pdfs/2017_3D-FEM_ANALYSIS_OF_SHIELD_TUNNEL_CONSTRUCTION_WITH_GROUND-SPRING_MODEL_2.pdf
10.7763/ijapm.2012.v2.66,CAN_A369DAE2BD77267958B2,Optimized Energy Based Design of Tunnel Lining with Macro Synthetic Fiber Composites,crossref,journal_article,TIER_B,5.7,1.4;2.4;5.7.2;5.4.1,0.6104,TITLE_METADATA_ONLY,classification_status_not_allowed,,/Users/bulsahkecici/Projects/paper-crawler-agent/tunel_makaleleri/pdfs/2012_Optimized_Energy_Based_Design_of_Tunnel_Lining_with_Macro_Synthetic_Fiber_Composites_2.pdf
10.2208/jscejf.65.11,CAN_6385F8243B4D513FFBF8,EVALUATION METHOD FOR SOUNDNESS OF LINING CONCRETE BY TUNNEL-LINING CRACK INDEX,crossref,journal_article,TIER_B,5.4.1,,0.85,TITLE_METADATA_ONLY,insufficient_evidence_level,,/Users/bulsahkecici/Projects/paper-crawler-agent/tunel_makaleleri/pdfs/2009_EVALUATION_METHOD_FOR_SOUNDNESS_OF_LINING_CONCRETE_BY_TUNNEL-LINING_CRACK_INDEX_2.pdf
10.2208/jscejf.65.128,CAN_AB4E926D71A0E8291509,SHIELD TUNNEL LINING MEMBER FORCES CALCULATION METHOD BY TAKING INTO ACCOUNT THE SHIELD EXCAVATION PROCESS,crossref,journal_article,TIER_B,2.2,,0.75,TITLE_METADATA_ONLY,insufficient_evidence_level,,/Users/bulsahkecici/Projects/paper-crawler-agent/tunel_makaleleri/pdfs/2009_SHIELD_TUNNEL_LINING_MEMBER_FORCES_CALCULATION_METHOD_BY_TAKING_INTO_ACCOUNT_THE_SHIELD_EX_2.pdf
10.2208/jscejf.64.311,CAN_46E8380527C2C9EF18BF,EXPERIMENTAL STUDY ON COLLAPSE MECHANISM OF TUNNEL LINING AND EFFECT OF REINFORCING MATERIAL ON LOAD-BEARING CAPACITY OF TUNNEL LINING,crossref,journal_article,TIER_B,5.4.1,5.9;1.4;5.9.2;2.4,0.3813,TITLE_METADATA_ONLY,classification_status_not_allowed,,/Users/bulsahkecici/Projects/paper-crawler-agent/tunel_makaleleri/pdfs/2008_EXPERIMENTAL_STUDY_ON_COLLAPSE_MECHANISM_OF_TUNNEL_LINING_AND_EFFECT_OF_REINFORCING_MATERI.pdf
10.2208/jscej.2005.784_87,CAN_E53F63689567AF4D516F,A STUDY ON THE BEST SPECIFICATION OF THE INSPECTION DEVICE OF TUNNEL CONCRETE LINING,crossref,journal_article,TIER_B,1.4,,0.85,TITLE_METADATA_ONLY,insufficient_evidence_level,,/Users/bulsahkecici/Projects/paper-crawler-agent/tunel_makaleleri/pdfs/2005_A_STUDY_ON_THE_BEST_SPECIFICATION_OF_THE_INSPECTION_DEVICE_OF_TUNNEL_CONCRETE_LINING_2.pdf
10.2208/jscej.2003.746_13,CAN_891B2DC6A130B41C4B5D,DIAGNOSTIC METHOD USING LOW FREQUENCY ELASTIC WAVE FOR DEFECT OF TUNNEL LINING,crossref,journal_article,TIER_B,5.4.1,1.4;5.9;5.9.2;2.4.1,0.3765,TITLE_METADATA_ONLY,classification_status_not_allowed,,/Users/bulsahkecici/Projects/paper-crawler-agent/tunel_makaleleri/pdfs/2003_DIAGNOSTIC_METHOD_USING_LOW_FREQUENCY_ELASTIC_WAVE_FOR_DEFECT_OF_TUNNEL_LINING_2.pdf
10.2208/jscej.2002.714_233,CAN_519166B6E399F5141C1F,INVESTIGATION OF DEFORMED TUNNEL LINING CONCRETE AND ITS INSPECTION METHOD,crossref,journal_article,TIER_B,5.4.1,,0.85,TITLE_METADATA_ONLY,insufficient_evidence_level,,/Users/bulsahkecici/Projects/paper-crawler-agent/tunel_makaleleri/pdfs/2002_INVESTIGATION_OF_DEFORMED_TUNNEL_LINING_CONCRETE_AND_ITS_INSPECTION_METHOD_2.pdf
10.2208/jscej.2001.672_85,CAN_A3E0D0DFC2585ED55C60,A STUDY ON THE BEHAVIOR OF TENONED SEGMENTAL TUNNEL LINING BASED ON THE SITE MONITORING AND IT'S ANALYSES,crossref,journal_article,TIER_B,1.4,5.9;5.9.2;2.4;5.4.1,0.3811,TITLE_METADATA_ONLY,classification_status_not_allowed,,/Users/bulsahkecici/Projects/paper-crawler-agent/tunel_makaleleri/pdfs/2001_A_STUDY_ON_THE_BEHAVIOR_OF_TENONED_SEGMENTAL_TUNNEL_LINING_BASED_ON_THE_SITE_MONITORING_AN_2.pdf
10.2208/jscej.1999.624_123,CAN_B490237F90343063C605,A DESIGN METHOD OF SHIELD TUNNEL LINING TAKING INTO ACCOUNT OF THE INTERACTION BETWEEN THE LINING AND THE GROUND,crossref,journal_article,TIER_B,2.4,,0.95,TITLE_METADATA_ONLY,insufficient_evidence_level,,/Users/bulsahkecici/Projects/paper-crawler-agent/tunel_makaleleri/pdfs/1999_A_DESIGN_METHOD_OF_SHIELD_TUNNEL_LINING_TAKING_INTO_ACCOUNT_OF_THE_INTERACTION_BETWEEN_THE_2.pdf
10.1038/s41598-025-33329-4,CAN_413C1389F70D8AC634B8,Analytical solution for deformation of an existing tunnel induced by shield tunnelling overcrossing in complex strata.,europe_pmc,journal_article,TIER_B,2.2.2,2.4.2.2;2.4;5.4.1;2.4.2,0.6156,ABSTRACT,classification_status_not_allowed,https://europepmc.org/articles/PMC12835002,/Users/bulsahkecici/Projects/paper-crawler-agent/tunel_makaleleri/pdfs/2026_Analytical_solution_for_deformation_of_an_existing_tunnel_induced_by_shield_tunnelling_ove.pdf
10.3390/s24030866,CAN_A4FAFADB69A46844B2AE,Confining Pressure Forecasting of Shield Tunnel Lining Based on GRU Model and RNN Model.,europe_pmc,journal_article,TIER_B,1.4,5.9;2.4;2.2;2.4.1.1,0.386,ABSTRACT,classification_status_not_allowed,https://europepmc.org/articles/PMC10857098,/Users/bulsahkecici/Projects/paper-crawler-agent/tunel_makaleleri/pdfs/2024_Confining_Pressure_Forecasting_of_Shield_Tunnel_Lining_Based_on_GRU_Model_and_RNN_Model.pdf
2024_Assessment_of_Tunnel_Lining_Stability_through_Integrated_Monitoring_of_Fiber_Bragg_Grating,CAN_A3C3C8E35BB6044C6B59,Assessment of Tunnel Lining Stability through Integrated Monitoring of Fiber Bragg Grating Strain and Structural Deformation,europe_pmc,journal_article,TIER_B,1.4,,0.75,TITLE_METADATA_ONLY,insufficient_evidence_level,https://europepmc.org/articles/PMC11207211,/Users/bulsahkecici/Projects/paper-crawler-agent/tunel_makaleleri/pdfs/2024_Assessment_of_Tunnel_Lining_Stability_through_Integrated_Monitoring_of_Fiber_Bragg_Grating.pdf
10.3901/jme.2021.22.344,CAN_CEE3588141858FBA09FF,Research Progress on Big Data of Tunnel Boring Machine: How Data Mining Can Help Tunnel Boring,crossref,journal_article,TIER_B,1.4,2.4;2.4.1;1.4.1;5.9.2,0.3768,TITLE_METADATA_ONLY,classification_status_not_allowed,https://doi.org/10.3901/jme.2021.22.344,/Users/bulsahkecici/Projects/paper-crawler-agent/tunel_makaleleri/pdfs/2021_Research_Progress_on_Big_Data_of_Tunnel_Boring_Machine_How_Data_Mining_Can_Help_Tunnel_Bor.pdf
10.1038/s41598-026-35181-6,CAN_B79926A4B0ED2989329B,Analysis of the influence of new tunnel excavation on the stability of adjacent existing tunnels.,europe_pmc,journal_article,TIER_B,2.4,2.4.2;2.4.2.2;5.4.1;1.4,0.6721,ABSTRACT,classification_status_not_allowed,https://europepmc.org/articles/PMC12886929,/Users/bulsahkecici/Projects/paper-crawler-agent/tunel_makaleleri/pdfs/2026_Analysis_of_the_influence_of_new_tunnel_excavation_on_the_stability_of_adjacent_existing_t.pdf
10.3151/coj.57.7_510,CAN_C60E4BBC1B4C2DD715BD,"Urban Tunnel Construction in Shibuya Redevelopment Project, Consideration of Shotcrete Mixture and Construction of Tunnel Lining with Self-Compacting Concrete",crossref,journal_article,TIER_B,1.4,,0.75,TITLE_METADATA_ONLY,insufficient_evidence_level,https://doi.org/10.3151/coj.57.7_510,"/Users/bulsahkecici/Projects/paper-crawler-agent/tunel_makaleleri/pdfs/2019_Urban_Tunnel_Construction_in_Shibuya_Redevelopment_Project,_Consideration_of_Shotcrete_Mix.pdf"
10.2208/jscej.1996.550_173,CAN_B84297ABC9C20760B6EF,PROPERTIES OF HIGH-STRENGTH SHOTCRETE INCORPORATING SILICA FUME AND AN APPLICATION FOR TUNNEL LINING,crossref,journal_article,TIER_B,1.4,,0.75,TITLE_METADATA_ONLY,insufficient_evidence_level,https://doi.org/10.2208/jscej.1996.550_173,/Users/bulsahkecici/Projects/paper-crawler-agent/tunel_makaleleri/pdfs/1996_PROPERTIES_OF_HIGH-STRENGTH_SHOTCRETE_INCORPORATING_SILICA_FUME_AND_AN_APPLICATION_FOR_TUN.pdf
10.56726/irjmets34460,CAN_6E6EE98F24CD99C29FFA,A STUDY ON BERTHA TUNNEL BORING MACHINE,crossref,journal_article,TIER_B,5.9.2,1.4;1.4.1;5.9;2.4,0.3815,TITLE_METADATA_ONLY,classification_status_not_allowed,https://doi.org/10.56726/irjmets34460,/Users/bulsahkecici/Projects/paper-crawler-agent/tunel_makaleleri/pdfs/2023_A_STUDY_ON_BERTHA_TUNNEL_BORING_MACHINE.pdf
10.3390/s16101648,CAN_381E4C4EBB697407F1CB,Automatic Extraction of Tunnel Lining Cross-Sections from Terrestrial Laser Scanning Point Clouds.,europe_pmc,journal_article,TIER_B,2.4,5.4.1;2.4.1.1;2.4.2;2.4.2.2,0.3787,ABSTRACT,classification_status_not_allowed,https://europepmc.org/articles/PMC5087436,/Users/bulsahkecici/Projects/paper-crawler-agent/tunel_makaleleri/pdfs/2016_Automatic_Extraction_of_Tunnel_Lining_Cross-Sections_from_Terrestrial_Laser_Scanning_Point.pdf
10.2208/jscejte.76.1_112,CAN_A4AE506A6F30F28211AD,EXPERIMENTAL RESEARCH ON DEFORMATION OF SEGMENTAL LINING OF SHIELD TUNNEL,crossref,journal_article,TIER_B,5.4.1,,0.72,TITLE_METADATA_ONLY,insufficient_evidence_level,https://doi.org/10.2208/jscejte.76.1_112,/Users/bulsahkecici/Projects/paper-crawler-agent/tunel_makaleleri/pdfs/2020_EXPERIMENTAL_RESEARCH_ON_DEFORMATION_OF_SEGMENTAL_LINING_OF_SHIELD_TUNNEL.pdf
10.1038/s41598-026-49976-0,CAN_88D26AC0BEA9347F62D9,Predictive control of earth pressure balance in shield tunneling using a hybrid learning approach.,europe_pmc,journal_article,TIER_B,5.7.1,2.4;1.4;2.4.2.1;2.4.1.1,0.3766,ABSTRACT,classification_status_not_allowed,https://europepmc.org/articles/PMC13261108,/Users/bulsahkecici/Projects/paper-crawler-agent/tunel_makaleleri/pdfs/2026_Predictive_control_of_earth_pressure_balance_in_shield_tunneling_using_a_hybrid_learning_a.pdf
10.1177/1475921720921559,CAN_19B21C01741B751E964D,Post-processing algorithms for distributed optical fiber sensing in structural health monitoring applications,openalex,journal_article,TIER_B,2.4.1.2,2.4.1.3;5.4.1;2.4.1.1;5.4.3,0.6066,ABSTRACT,classification_status_not_allowed,http://hdl.handle.net/2117/342401,/Users/bulsahkecici/Projects/paper-crawler-agent/tunel_makaleleri/pdfs/2020_Post-processing_algorithms_for_distributed_optical_fiber_sensing_in_structural_health_moni.pdf
10.1038/s41598-022-05727-5,CAN_DC7FA58259E426CF2842,Automated rock mass condition assessment during TBM tunnel excavation using deep learning,openalex,journal_article,TIER_B,2.2,,0.85,TITLE_METADATA_ONLY,insufficient_evidence_level,,/Users/bulsahkecici/Projects/paper-crawler-agent/tunel_makaleleri/pdfs/2022_Automated_rock_mass_condition_assessment_during_TBM_tunnel_excavation_using_deep_learning.pdf
10.1038/s41598-026-48206-x,CAN_2E8AF7740A4FD8F5BC5C,Analytic solution of a shallow buried tunnel excavated in orthotropic rock mass.,europe_pmc,journal_article,TIER_B,2.4.1,2.4;1.4;2.4.1.1;2.2,0.3771,TITLE_METADATA_ONLY,classification_status_not_allowed,https://europepmc.org/articles/PMC13254048,/Users/bulsahkecici/Projects/paper-crawler-agent/tunel_makaleleri/pdfs/2026_Analytic_solution_of_a_shallow_buried_tunnel_excavated_in_orthotropic_rock_mass.pdf
10.1051/e3sconf/202447902006,CAN_362E247F4DF13EFC891C,"Recommendation of excavation method and support system based on engineering geology at Riam Kiwa Dam diversion tunnel, South Kalimantan, Indonesia",doaj,journal_article,TIER_B,2.4.1,,0.85,TITLE_METADATA_ONLY,insufficient_evidence_level,,/Users/bulsahkecici/Projects/paper-crawler-agent/tunel_makaleleri/pdfs/2024_Recommendation_of_excavation_method_and_support_system_based_on_engineering_geology_at_Ria.pdf
10.33271/mining17.02.028,CAN_8A780DBE1AA152DB5B95,Evaluating the wear of cutting tools using a tunnel boring machine laboratory simulator,openalex,journal_article,TIER_B,1.4,2.4;2.4.1;5.9.2;2.2,0.3766,TITLE_METADATA_ONLY,classification_status_not_allowed,,/Users/bulsahkecici/Projects/paper-crawler-agent/tunel_makaleleri/pdfs/2023_Evaluating_the_wear_of_cutting_tools_using_a_tunnel_boring_machine_laboratory_simulator.pdf
10.1016/j.compgeo.2021.104150,CAN_11D574724F9E37173FFB,Hydro-mechanical modelling and analysis of multi-stage tunnel excavations using a smoothed excavation method,openalex,journal_article,TIER_B,2.2,,0.85,TITLE_METADATA_ONLY,insufficient_evidence_level,,/Users/bulsahkecici/Projects/paper-crawler-agent/tunel_makaleleri/pdfs/2021_Hydro-mechanical_modelling_and_analysis_of_multi-stage_tunnel_excavations_using_a_smoothed.pdf
10.9711/ktaj.2016.18.2.195,CAN_5DDDC1D4D29946BE8EEC,A knowledge-based study on design of NATM lining for subsea tunnels,crossref,journal_article,TIER_B,2.2,,0.92,TITLE_METADATA_ONLY,insufficient_evidence_level,,/Users/bulsahkecici/Projects/paper-crawler-agent/tunel_makaleleri/pdfs/2016_A_knowledge-based_study_on_design_of_NATM_lining_for_subsea_tunnels.pdf
10.2208/jscejte.72.i_1,CAN_890F89D17EACA8B72755,THE EFFECT OF THE INHOMOGENEITY OF ROCK MASS TO THE TUNNEL SUPPORT STRESS DURING TUNNEL EXCAVATION,openalex,journal_article,TIER_B,2.4.1,,0.85,TITLE_METADATA_ONLY,insufficient_evidence_level,,/Users/bulsahkecici/Projects/paper-crawler-agent/tunel_makaleleri/pdfs/2016_THE_EFFECT_OF_THE_INHOMOGENEITY_OF_ROCK_MASS_TO_THE_TUNNEL_SUPPORT_STRESS_DURING_TUNNEL_EX.pdf
10.9711/ktaj.2013.15.5.483,CAN_B55E728BDE33A34AF6A4,Simulation of shield TBM tunneling in soft ground by laboratory model test,crossref,journal_article,TIER_B,2.2,1.4;2.4;2.2.2;5.9.2,0.6109,TITLE_METADATA_ONLY,classification_status_not_allowed,,/Users/bulsahkecici/Projects/paper-crawler-agent/tunel_makaleleri/pdfs/2013_Simulation_of_shield_TBM_tunneling_in_soft_ground_by_laboratory_model_test.pdf
10.11648/j.ajma.20261301.12,CAN_B6D1A34BFAD023C8DED0,Rolling Window Deep Learning for Hard-rock TBM Penetration Rate Prediction,crossref,journal_article,TIER_B,2.2.1,2.2;2.4;1.4;2.4.1,0.711,ABSTRACT,classification_status_not_allowed,https://doi.org/10.11648/j.ajma.20261301.12,/Users/bulsahkecici/Projects/paper-crawler-agent/tunel_makaleleri/pdfs/2026_Rolling_Window_Deep_Learning_for_Hard-rock_TBM_Penetration_Rate_Prediction_2.pdf
10.5194/isprs-archives-xliii-b4-2020-741-2020,CAN_65EA92B200B7B857F579,TACK PROJECT: TUNNEL AND BRIDGE AUTOMATIC CRACK MONITORING USING DEEP LEARNING AND PHOTOGRAMMETRY,openalex,journal_article,TIER_B,5.4.1,2.4.1.2;2.4.1.3;2.4.1.1;2.4,0.6683,ABSTRACT,classification_status_not_allowed,https://doi.org/10.5194/isprs-archives-xliii-b4-2020-741-2020,/Users/bulsahkecici/Projects/paper-crawler-agent/tunel_makaleleri/pdfs/2020_TACK_PROJECT_TUNNEL_AND_BRIDGE_AUTOMATIC_CRACK_MONITORING_USING_DEEP_LEARNING_AND_PHOTOGRA.pdf
10.25236/ijfet.2023.050605,CAN_D749969AB886C9677C40,Study on the Coupled Smoke Characteristics and Evacuation of Underwater Immersed Tube in Tunnel Fire,crossref,journal_article,TIER_B,2.2.3,1.5,0.85,TITLE_METADATA_ONLY,insufficient_evidence_level,,/Users/bulsahkecici/Projects/paper-crawler-agent/tunel_makaleleri/pdfs/2023_Study_on_the_Coupled_Smoke_Characteristics_and_Evacuation_of_Underwater_Immersed_Tube_in_T.pdf
10.31127/tuje.1013374,CAN_9C937360EEE6034AC391,Design and implementation of a real-time demonstration setup for dynamic highway tunnel lighting control research studies,openalex,journal_article,TIER_B,5.7.2,,0.85,TITLE_METADATA_ONLY,insufficient_evidence_level,,/Users/bulsahkecici/Projects/paper-crawler-agent/tunel_makaleleri/pdfs/2022_Design_and_implementation_of_a_real-time_demonstration_setup_for_dynamic_highway_tunnel_li.pdf
10.2991/jracr.k.200507.002,CAN_E301D1D6E231F1A8D385,Discussing the Need to Manage Uncertainty Relating to Users in Road Tunnel Fire Risk Assessment,openalex,journal_article,TIER_B,1.5,,0.73,TITLE_METADATA_ONLY,insufficient_evidence_level,,/Users/bulsahkecici/Projects/paper-crawler-agent/tunel_makaleleri/pdfs/2020_Discussing_the_Need_to_Manage_Uncertainty_Relating_to_Users_in_Road_Tunnel_Fire_Risk_Asses.pdf
10.3390/ijerph15122658,CAN_EA3AC6E3B6D582764A0B,A Global Perspective for Sustainable Highway Tunnel Lighting Regulations: Greater Road Safety with a Lower Environmental Impact,openalex,journal_article,TIER_B,1.4.1,1.4;5.9.2;5.7.2;1.5,0.6151,TITLE_METADATA_ONLY,classification_status_not_allowed,,/Users/bulsahkecici/Projects/paper-crawler-agent/tunel_makaleleri/pdfs/2018_A_Global_Perspective_for_Sustainable_Highway_Tunnel_Lighting_Regulations_Greater_Road_Safe.pdf
10.5545/sv-jme.2015.2433,CAN_99491F5FA1D458EBF972,Effect of Gusty Wind on Road Tunnel Safety,openalex,journal_article,TIER_B,1.5,1.4.1;1.4;5.9.2;2.4,0.6042,TITLE_METADATA_ONLY,classification_status_not_allowed,,/Users/bulsahkecici/Projects/paper-crawler-agent/tunel_makaleleri/pdfs/2015_Effect_of_Gusty_Wind_on_Road_Tunnel_Safety.pdf
10.24425/ace.2023.145258,CAN_F927D88CEB168C6DD568,Rock mass classification in highway tunnel engineering during exploration phase and case study,crossref,journal_article,TIER_B,2.4.1,,0.85,TITLE_METADATA_ONLY,insufficient_evidence_level,,/Users/bulsahkecici/Projects/paper-crawler-agent/tunel_makaleleri/pdfs/2023_Rock_mass_classification_in_highway_tunnel_engineering_during_exploration_phase_and_case_s.pdf
10.17148/iarjset.2024.11215,CAN_38A0841208B500F1095B,TUNNEL VENTILATION IN ROAD TUNNELS,openalex,journal_article,TIER_B,1.4.1,1.4;5.9.2;2.4;5.9,0.6139,TITLE_METADATA_ONLY,classification_status_not_allowed,,/Users/bulsahkecici/Projects/paper-crawler-agent/tunel_makaleleri/pdfs/2024_TUNNEL_VENTILATION_IN_ROAD_TUNNELS.pdf
10.54097/ajst.v5i2.6856,CAN_E9837AE855AB45FC4C44,Research on Automatic Patrol Inspection Technology Scheme for Safe Operation of Super Long and Long Span Highway Tunnel,crossref,journal_article,TIER_B,1.4.1,1.4;5.9.2;5.9;5.4.1,0.6131,TITLE_METADATA_ONLY,classification_status_not_allowed,,/Users/bulsahkecici/Projects/paper-crawler-agent/tunel_makaleleri/pdfs/2023_Research_on_Automatic_Patrol_Inspection_Technology_Scheme_for_Safe_Operation_of_Super_Long.pdf
10.3390/en13081871,CAN_17E7FDADF08CB8421AE5,Active Disturbance Rejection Control of a Longitudinal Tunnel Ventilation System,openalex,journal_article,TIER_B,5.7,,0.85,TITLE_METADATA_ONLY,insufficient_evidence_level,,/Users/bulsahkecici/Projects/paper-crawler-agent/tunel_makaleleri/pdfs/2020_Active_Disturbance_Rejection_Control_of_a_Longitudinal_Tunnel_Ventilation_System.pdf
10.2150/jlve.ieij140000541,CAN_D3CFC340203FEB7D0DEF,Experimental Research on Application of the Natural Light to Tunnel Lighting Engineering,openalex,journal_article,TIER_B,5.7,,0.85,TITLE_METADATA_ONLY,insufficient_evidence_level,,/Users/bulsahkecici/Projects/paper-crawler-agent/tunel_makaleleri/pdfs/2015_Experimental_Research_on_Application_of_the_Natural_Light_to_Tunnel_Lighting_Engineering.pdf
10.36884/jafm.4.01.11909,CAN_D6EE08F5F2A91073DA27,The Fire Simulation in a Road Tunnel,openalex,journal_article,TIER_B,1.4.1,1.4;1.5;1.5.1;5.9.2,0.6083,TITLE_METADATA_ONLY,classification_status_not_allowed,,/Users/bulsahkecici/Projects/paper-crawler-agent/tunel_makaleleri/pdfs/2011_The_Fire_Simulation_in_a_Road_Tunnel.pdf
10.1038/s41598-026-63990-2,CAN_A46DC66BBCA811455679,Experimental and numerical investigation of longitudinal ventilation velocity and heat release rate on temperature distribution in highway tunnel fires,crossref,journal_article,TIER_B,1.5,,0.85,TITLE_METADATA_ONLY,insufficient_evidence_level,,/Users/bulsahkecici/Projects/paper-crawler-agent/tunel_makaleleri/pdfs/2026_Experimental_and_numerical_investigation_of_longitudinal_ventilation_velocity_and_heat_rel.pdf
10.3390/ma19101976,CAN_1DF8E0900CF4A559B16A,A High-Sensitivity MXene/PVDF Flexible Piezoelectric Sensor for Intelligent Tunnel Lighting.,europe_pmc,journal_article,TIER_B,5.4.2,5.7,0.85,TITLE_METADATA_ONLY,insufficient_evidence_level,,/Users/bulsahkecici/Projects/paper-crawler-agent/tunel_makaleleri/pdfs/2026_A_High-Sensitivity_MXenePVDF_Flexible_Piezoelectric_Sensor_for_Intelligent_Tunnel_Lighting.pdf
10.3390/s26051722,CAN_D34BE78515C74B90829E,Robotic Arm Trajectory Planning for Tunnel Lighting Cleaning Based on the CAW-PSO Algorithm.,europe_pmc,journal_article,TIER_B,5.7,,0.85,TITLE_METADATA_ONLY,insufficient_evidence_level,,/Users/bulsahkecici/Projects/paper-crawler-agent/tunel_makaleleri/pdfs/2026_Robotic_Arm_Trajectory_Planning_for_Tunnel_Lighting_Cleaning_Based_on_the_CAW-PSO_Algorith.pdf
10.55121/tdr.v3i1.544,CAN_A739EBC12F0C8AAA3030,Structural Design and Geotechnical Analysis of the Atal Tunnel: Engineering Solutions for High-Altitude Challenges,crossref,journal_article,TIER_B,2.4,,0.85,TITLE_METADATA_ONLY,insufficient_evidence_level,,/Users/bulsahkecici/Projects/paper-crawler-agent/tunel_makaleleri/pdfs/2025_Structural_Design_and_Geotechnical_Analysis_of_the_Atal_Tunnel_Engineering_Solutions_for_H.pdf
10.1371/journal.pone.0322984,CAN_6438597DEBF897C2DBEB,Study on tunnel ventilation and pollutant diffusion mechanism during construction period.,europe_pmc,journal_article,TIER_B,1.4,5.9.2;5.9;2.2;2.4,0.3775,TITLE_METADATA_ONLY,classification_status_not_allowed,,/Users/bulsahkecici/Projects/paper-crawler-agent/tunel_makaleleri/pdfs/2025_Study_on_tunnel_ventilation_and_pollutant_diffusion_mechanism_during_construction_period.pdf
10.1038/s41598-025-10755-y,CAN_B5F439D213B75091178F,Nonlinear energy consumption analysis of shallow-buried bias tunnel stability with improvement of failure mode.,europe_pmc,journal_article,TIER_B,5.7,5.7.2;5.7.1;5.9;1.4,0.6099,TITLE_METADATA_ONLY,classification_status_not_allowed,,/Users/bulsahkecici/Projects/paper-crawler-agent/tunel_makaleleri/pdfs/2025_Nonlinear_energy_consumption_analysis_of_shallow-buried_bias_tunnel_stability_with_improve.pdf
10.56038/ejrnd.v5i1.747,CAN_32D6A9856A56638EEE6E,Artificial Intelligence-Assisted Control of Light Pipe & LED Luminaire Hybrid Tunnel Lighting System,crossref,journal_article,TIER_B,5.7,,0.85,TITLE_METADATA_ONLY,insufficient_evidence_level,,/Users/bulsahkecici/Projects/paper-crawler-agent/tunel_makaleleri/pdfs/2025_Artificial_Intelligence-Assisted_Control_of_Light_Pipe_LED_Luminaire_Hybrid_Tunnel_Lightin.pdf
10.47852/bonviewaaes42022703,CAN_4ED684D8DF1B2C5509DA,"Engineering Geological Study of Road Tunnel Along Siddhartha Highway Between Butwal and Dobhan Siwaliks Group, West-Central Nepal",crossref,journal_article,TIER_B,2.4.1,,0.95,TITLE_METADATA_ONLY,insufficient_evidence_level,,/Users/bulsahkecici/Projects/paper-crawler-agent/tunel_makaleleri/pdfs/2024_Engineering_Geological_Study_of_Road_Tunnel_Along_Siddhartha_Highway_Between_Butwal_and_Do.pdf
10.1016/j.firesaf.2024.104140,CAN_EE92E7C2ABF5D3A0FDC2,Tunnel fire safety management and systems thinking: Adapting engineering practice through regulations and education,openalex,journal_article,TIER_B,1.5,,0.74,TITLE_METADATA_ONLY,insufficient_evidence_level,,/Users/bulsahkecici/Projects/paper-crawler-agent/tunel_makaleleri/pdfs/2024_Tunnel_fire_safety_management_and_systems_thinking_Adapting_engineering_practice_through_r.pdf
10.1016/j.tust.2018.07.002,CAN_0B255E4CC14E4DCC5432,Fires in Ducts: A review of the early research which underpins modern tunnel fire safety engineering,openalex,journal_article,TIER_B,1.5,5.9.2;5.9;1.5.1;1.4,0.7349,TITLE_METADATA_ONLY,classification_status_not_allowed,,/Users/bulsahkecici/Projects/paper-crawler-agent/tunel_makaleleri/pdfs/2018_Fires_in_Ducts_A_review_of_the_early_research_which_underpins_modern_tunnel_fire_safety_en.pdf
10.7763/ijet.2016.v8.858,CAN_76E9C99DC0C538ACC6CC,Experimental Study on Tunnel Fire Behaviors under Natural Ventilation Using Shafts,crossref,journal_article,TIER_B,1.5,,0.72,TITLE_METADATA_ONLY,insufficient_evidence_level,,/Users/bulsahkecici/Projects/paper-crawler-agent/tunel_makaleleri/pdfs/2016_Experimental_Study_on_Tunnel_Fire_Behaviors_under_Natural_Ventilation_Using_Shafts.pdf
10.2150/jlve.ieij120000487,CAN_C6AC22FA84E6A4771D43,Energy Savings in Tunnel Lighting by Improving the Road Surface Luminance Uniformity—A New Approach to Tunnel Lighting—,openalex,journal_article,TIER_B,5.7,,0.92,TITLE_METADATA_ONLY,insufficient_evidence_level,,/Users/bulsahkecici/Projects/paper-crawler-agent/tunel_makaleleri/pdfs/2014_Energy_Savings_in_Tunnel_Lighting_by_Improving_the_Road_Surface_Luminance_Uniformity—A_New.pdf
10.5293/kfma..2011.14.5.063,CAN_8FEA2B7C6AD420529919,Numerical Optimization for Performance Improvement of a Tunnel Ventilation Jet fan,crossref,journal_article,TIER_B,5.7,,0.85,TITLE_METADATA_ONLY,insufficient_evidence_level,,/Users/bulsahkecici/Projects/paper-crawler-agent/tunel_makaleleri/pdfs/2011_Numerical_Optimization_for_Performance_Improvement_of_a_Tunnel_Ventilation_Jet_fan.pdf
10.1299/jsmec.49.1003,CAN_93493D3DE15461A21A42,Tunnel Ventilation Control Using Reinforcement Learning Methodology,openalex,journal_article,TIER_B,5.7,1.4;5.9;5.7.2;2.2,0.6032,TITLE_METADATA_ONLY,classification_status_not_allowed,,/Users/bulsahkecici/Projects/paper-crawler-agent/tunel_makaleleri/pdfs/2006_Tunnel_Ventilation_Control_Using_Reinforcement_Learning_Methodology.pdf
10.2208/procm.12.273,CAN_4F303DDC8FE97B133C3B,Development of an assessment system of total construction cost and its application to the shield tunnel constructions in urban area,crossref,journal_article,TIER_B,6.2,6.2.2;2.4;6.1;1.4,0.3877,TITLE_METADATA_ONLY,classification_status_not_allowed,https://doi.org/10.2208/procm.12.273,/Users/bulsahkecici/Projects/paper-crawler-agent/tunel_makaleleri/pdfs/2005_Development_of_an_assessment_system_of_total_construction_cost_and_its_application_to_the.pdf
10.5194/isprs-annals-XI-2-2026-783-2026,CAN_7D53598F955F332C45C3,JCFI: a composite index for RMLS-based shield tunnel segment joint recognition,doaj,journal_article,TIER_B,1.4,5.9.2;1.4.1;2.4;5.4.1,0.3712,TITLE_METADATA_ONLY,classification_status_not_allowed,,/Users/bulsahkecici/Projects/paper-crawler-agent/tunel_makaleleri/pdfs/2026_JCFI_a_composite_index_for_RMLS-based_shield_tunnel_segment_joint_recognition.pdf
10.1021/acsomega.5c00298,CAN_041C5323E61C66CF9991,Study on the Removal of Humic Acid from Road Tunnel Drainage Systems Based on Electric Field-Enhanced Co(II)-Mediated Peroxymonosulfate System.,europe_pmc,journal_article,TIER_B,1.4.1,,0.75,TITLE_METADATA_ONLY,insufficient_evidence_level,,/Users/bulsahkecici/Projects/paper-crawler-agent/tunel_makaleleri/pdfs/2025_Study_on_the_Removal_of_Humic_Acid_from_Road_Tunnel_Drainage_Systems_Based_on_Electric_Fie.pdf
10.1038/s41598-024-83946-8,CAN_54FAEA51FE1175C33224,Theoretical analysis of bearing mechanism and engineering application of pipe roof in a highway tunnel.,europe_pmc,journal_article,TIER_B,1.4.1,2.4;1.4;5.9.2;5.4.1,0.6076,TITLE_METADATA_ONLY,classification_status_not_allowed,,/Users/bulsahkecici/Projects/paper-crawler-agent/tunel_makaleleri/pdfs/2025_Theoretical_analysis_of_bearing_mechanism_and_engineering_application_of_pipe_roof_in_a_hi.pdf
10.21680/2447-3359.2025v11n1id37824,CAN_87EC91B0CD88AD41292A,Geotechnical treatment analysis for headrace tunnel in gneissic rock mass,crossref,journal_article,TIER_B,2.4.1,,0.92,TITLE_METADATA_ONLY,insufficient_evidence_level,,/Users/bulsahkecici/Projects/paper-crawler-agent/tunel_makaleleri/pdfs/2025_Geotechnical_treatment_analysis_for_headrace_tunnel_in_gneissic_rock_mass.pdf
10.1038/s41598-025-90364-x,CAN_904F4C4BBE9095F09930,Loose circle and rock mass strength tests of extremely thin layered surrounding rock in large deformation tunnels.,europe_pmc,journal_article,TIER_B,2.2.1,2.4.1;1.4;2.4;5.4.1,0.6014,TITLE_METADATA_ONLY,classification_status_not_allowed,,/Users/bulsahkecici/Projects/paper-crawler-agent/tunel_makaleleri/pdfs/2025_Loose_circle_and_rock_mass_strength_tests_of_extremely_thin_layered_surrounding_rock_in_la.pdf
10.14311/cej.2024.02.0012,CAN_BB5B33A0B9DEB9B4D512,Construction Technology and Application of TBM in Shengli Tunnel of Tianshan Mountain under poor geological conditions,openalex,journal_article,TIER_B,2.2,1.4;5.9.2;2.4;5.9,0.6155,TITLE_METADATA_ONLY,classification_status_not_allowed,,/Users/bulsahkecici/Projects/paper-crawler-agent/tunel_makaleleri/pdfs/2024_Construction_Technology_and_Application_of_TBM_in_Shengli_Tunnel_of_Tianshan_Mountain_unde.pdf
10.3390/ma17205003,CAN_DDC26988044D8F40ACEB,Experimental Study on the Strength and Durability of Manufactured Sand HPC in the Dalian Bay Undersea Immersed Tube Tunnel and Its Engineering Application.,europe_pmc,journal_article,TIER_B,1.4,,0.85,TITLE_METADATA_ONLY,insufficient_evidence_level,,/Users/bulsahkecici/Projects/paper-crawler-agent/tunel_makaleleri/pdfs/2024_Experimental_Study_on_the_Strength_and_Durability_of_Manufactured_Sand_HPC_in_the_Dalian_B.pdf
10.55214/25768484.v8i6.3691,CAN_77CF46F2101747604775,Clarification of fire characteristics in a road tunnel based on numerical and laboratory studies,openalex,journal_article,TIER_B,1.4.1,,0.85,TITLE_METADATA_ONLY,insufficient_evidence_level,,/Users/bulsahkecici/Projects/paper-crawler-agent/tunel_makaleleri/pdfs/2024_Clarification_of_fire_characteristics_in_a_road_tunnel_based_on_numerical_and_laboratory_s.pdf
10.1051/e3sconf/202346802004,CAN_9E3DFB4D5EAB1A948040,"Multi-Rock Mass Classification Systems for the Assessment of Excavation Method and Support Design of Spillway Tunnel, Sidan Dam, Bali, Indonesia",doaj,journal_article,TIER_B,2.4.1,,0.85,TITLE_METADATA_ONLY,insufficient_evidence_level,,/Users/bulsahkecici/Projects/paper-crawler-agent/tunel_makaleleri/pdfs/2023_Multi-Rock_Mass_Classification_Systems_for_the_Assessment_of_Excavation_Method_and_Support.pdf
10.23977/jceup.2023.050307,CAN_E50A50A2A94B84EE7953,Structural Safety Impact Analysis of New High Speed Rail Tunnel with Small Clearances under Highway Tunnel,crossref,journal_article,TIER_B,1.4.1,,0.85,TITLE_METADATA_ONLY,insufficient_evidence_level,,/Users/bulsahkecici/Projects/paper-crawler-agent/tunel_makaleleri/pdfs/2023_Structural_Safety_Impact_Analysis_of_New_High_Speed_Rail_Tunnel_with_Small_Clearances_unde.pdf
10.24425/ams.2021.136689,CAN_35E3FFC51588081B2E13,Simulation of the Evacuation of People in a Road Tunnel in the Event of Fire – Case Study,openalex,journal_article,TIER_B,1.4.1,1.5;1.4;1.5.1;5.9.2,0.6047,TITLE_METADATA_ONLY,classification_status_not_allowed,,/Users/bulsahkecici/Projects/paper-crawler-agent/tunel_makaleleri/pdfs/2023_Simulation_of_the_Evacuation_of_People_in_a_Road_Tunnel_in_the_Event_of_Fire_–_Case_Study.pdf
10.23977/ieim.2023.060807,CAN_A874707882BF6FF6D596,Study on four-section lighting demand of highway tunnel based on allowable risk,crossref,journal_article,TIER_B,5.7,,0.82,TITLE_METADATA_ONLY,insufficient_evidence_level,,/Users/bulsahkecici/Projects/paper-crawler-agent/tunel_makaleleri/pdfs/2023_Study_on_four-section_lighting_demand_of_highway_tunnel_based_on_allowable_risk.pdf
10.3390/ijerph192416677,CAN_B08BF02C06D453F7ED3A,Factors Affecting Road Tunnel Construction Accidents in China Based on Grounded Theory and DEMATEL.,europe_pmc,journal_article,TIER_B,1.5,,0.82,TITLE_METADATA_ONLY,insufficient_evidence_level,,/Users/bulsahkecici/Projects/paper-crawler-agent/tunel_makaleleri/pdfs/2022_Factors_Affecting_Road_Tunnel_Construction_Accidents_in_China_Based_on_Grounded_Theory_and.pdf
10.1155/2022/9551792,CAN_9BA19C0C624BD1F1C0B1,Dynamic Analysis of Deep Water Highway Tunnel under Ocean Current.,europe_pmc,journal_article,TIER_B,2.2.3,,0.95,TITLE_METADATA_ONLY,insufficient_evidence_level,,/Users/bulsahkecici/Projects/paper-crawler-agent/tunel_makaleleri/pdfs/2022_Dynamic_Analysis_of_Deep_Water_Highway_Tunnel_under_Ocean_Current.pdf
10.1016/j.dib.2022.107826,CAN_76FE5BF169F62CFA0A0B,Vibrations induced by tunnel boring machines in urban areas: Dataset of synchronized in-situ measurements inside the shield and on the surface.,europe_pmc,journal_article,TIER_B,1.4,2.4;5.4.2;2.4.1.1;5.9.2,0.3766,TITLE_METADATA_ONLY,classification_status_not_allowed,,/Users/bulsahkecici/Projects/paper-crawler-agent/tunel_makaleleri/pdfs/2022_Vibrations_induced_by_tunnel_boring_machines_in_urban_areas_Dataset_of_synchronized_in-sit.pdf
10.12700/aph.18.4.2021.4.12,CAN_61535DC276953A4148F2,Three-Dimensional Modeling and Analysis of Mechanized Excavation for Tunnel Boring Machines,openalex,journal_article,TIER_B,2.2,,0.95,TITLE_METADATA_ONLY,insufficient_evidence_level,,/Users/bulsahkecici/Projects/paper-crawler-agent/tunel_makaleleri/pdfs/2021_Three-Dimensional_Modeling_and_Analysis_of_Mechanized_Excavation_for_Tunnel_Boring_Machine.pdf
10.52340/gs.02.09.235,CAN_6028C40E829D5F886D7E,ANALYSIS OF THE PARAMETERS OF THE FIRE MODELED IN A ROAD TUNNEL,openalex,journal_article,TIER_B,1.4.1,1.4;1.5;1.5.1;5.9.2,0.6056,TITLE_METADATA_ONLY,classification_status_not_allowed,,/Users/bulsahkecici/Projects/paper-crawler-agent/tunel_makaleleri/pdfs/2021_ANALYSIS_OF_THE_PARAMETERS_OF_THE_FIRE_MODELED_IN_A_ROAD_TUNNEL.pdf
10.1371/journal.pone.0256523,CAN_E1322FBF3FF37FE1E656,Optimal exit choice during highway tunnel evacuations based on the fire locations.,europe_pmc,journal_article,TIER_B,1.5,,0.75,TITLE_METADATA_ONLY,insufficient_evidence_level,,/Users/bulsahkecici/Projects/paper-crawler-agent/tunel_makaleleri/pdfs/2021_Optimal_exit_choice_during_highway_tunnel_evacuations_based_on_the_fire_locations.pdf
10.3389/fpsyg.2021.646406,CAN_9C273BB67FDF3DC4894D,Evaluation of Mental Load of Drivers in Long Highway Tunnel Based on Electroencephalograph,openalex,journal_article,TIER_B,1.4.1,1.4;5.9.2;5.7;5.9,0.6035,TITLE_METADATA_ONLY,classification_status_not_allowed,,/Users/bulsahkecici/Projects/paper-crawler-agent/tunel_makaleleri/pdfs/2021_Evaluation_of_Mental_Load_of_Drivers_in_Long_Highway_Tunnel_Based_on_Electroencephalograph.pdf
10.3389/fpsyg.2021.693005,CAN_768201CC356BA9BF312D,Sound Effects on Physiological State and Behavior of Drivers in a Highway Tunnel.,europe_pmc,journal_article,TIER_B,5.9.2,,0.85,TITLE_METADATA_ONLY,insufficient_evidence_level,,/Users/bulsahkecici/Projects/paper-crawler-agent/tunel_makaleleri/pdfs/2021_Sound_Effects_on_Physiological_State_and_Behavior_of_Drivers_in_a_Highway_Tunnel.pdf
10.14311/ap.2020.60.0145,CAN_747FFFFB723687665C5A,NATM TUNNELS – CONSIDERATION OF THE PARTLY DAMAGED PRIMARY LINING IMPACT FOR THE SECONDARY LINING EVALUATION,crossref,journal_article,TIER_B,2.2,,0.85,TITLE_METADATA_ONLY,insufficient_evidence_level,,/Users/bulsahkecici/Projects/paper-crawler-agent/tunel_makaleleri/pdfs/2020_NATM_TUNNELS_–_CONSIDERATION_OF_THE_PARTLY_DAMAGED_PRIMARY_LINING_IMPACT_FOR_THE_SECONDARY.pdf
10.3390/ijerph16234671,CAN_781A4C7249BC8D85D2FB,Evaluating the Highway Tunnel Construction in Western Sichuan Plateau Considering Vocational Health and Environment.,europe_pmc,journal_article,TIER_B,1.4.1,1.4;2.4;5.9.2;5.9,0.6089,TITLE_METADATA_ONLY,classification_status_not_allowed,,/Users/bulsahkecici/Projects/paper-crawler-agent/tunel_makaleleri/pdfs/2019_Evaluating_the_Highway_Tunnel_Construction_in_Western_Sichuan_Plateau_Considering_Vocation.pdf
10.14311/cej.2019.03.0038,CAN_4F09FA1DDF3C901D5DDB,CATIA-BASED BIM TECHNOLOGY IN HIGHWAY TUNNEL DESIGN,crossref,journal_article,TIER_B,2.4,,0.85,TITLE_METADATA_ONLY,insufficient_evidence_level,,/Users/bulsahkecici/Projects/paper-crawler-agent/tunel_makaleleri/pdfs/2019_CATIA-BASED_BIM_TECHNOLOGY_IN_HIGHWAY_TUNNEL_DESIGN.pdf
10.30560/ijas.v2n3p13,CAN_FDDA17943F7AD358C582,Safety in Road Tunnels – Safety Target Proposal,openalex,journal_article,TIER_B,1.4.1,1.4;1.5;5.9.2;2.4,0.6128,TITLE_METADATA_ONLY,classification_status_not_allowed,,/Users/bulsahkecici/Projects/paper-crawler-agent/tunel_makaleleri/pdfs/2019_Safety_in_Road_Tunnels_–_Safety_Target_Proposal.pdf
10.4236/ojg.2018.810058,CAN_9E07FA9D7E42CCDE949C,"Geotechnical Investigation and Prediction of Rock Burst, Squeezing with Remediation Design by Numerical Analyses along Headrace Tunnel in Swat Valley, Khyber Pakhtunkhwa, Pakistan",openalex,journal_article,TIER_B,2.4.1,,0.92,TITLE_METADATA_ONLY,insufficient_evidence_level,,"/Users/bulsahkecici/Projects/paper-crawler-agent/tunel_makaleleri/pdfs/2018_Geotechnical_Investigation_and_Prediction_of_Rock_Burst,_Squeezing_with_Remediation_Design.pdf"
10.1371/journal.pone.0201732,CAN_CAAA4673AE30BC909E8A,Pedestrian behavior during evacuation from road tunnel in smoke condition-Empirical results.,europe_pmc,journal_article,TIER_B,1.5,,0.75,TITLE_METADATA_ONLY,insufficient_evidence_level,,/Users/bulsahkecici/Projects/paper-crawler-agent/tunel_makaleleri/pdfs/2018_Pedestrian_behavior_during_evacuation_from_road_tunnel_in_smoke_condition-Empirical_result.pdf
10.3390/ijerph15040656,CAN_2FD47D6D7FA9C77CB8E8,Influence of Vehicle Speed on the Characteristics of Driver’s Eye Movement at a Highway Tunnel Entrance during Day and Night Conditions: A Pilot Study,openalex,journal_article,TIER_B,2.4,,0.75,TITLE_METADATA_ONLY,insufficient_evidence_level,,/Users/bulsahkecici/Projects/paper-crawler-agent/tunel_makaleleri/pdfs/2018_Influence_of_Vehicle_Speed_on_the_Characteristics_of_Driver’s_Eye_Movement_at_a_Highway_Tu.pdf
10.1016/j.shaw.2016.06.002,CAN_E8899F488D1D7EDC6F88,Safety Evaluation of the Lighting at the Entrance of a Very Long Road Tunnel: A Case Study in Ilam,openalex,journal_article,TIER_B,1.4.1,1.4;5.9.2;1.5;5.9,0.6081,TITLE_METADATA_ONLY,classification_status_not_allowed,,/Users/bulsahkecici/Projects/paper-crawler-agent/tunel_makaleleri/pdfs/2016_Safety_Evaluation_of_the_Lighting_at_the_Entrance_of_a_Very_Long_Road_Tunnel_A_Case_Study.pdf
10.18280/ijht.34s237,CAN_327008F8329BCD2F4DEC,The Influence of the Filling Percentage Traffic on Required Ventilation Thrust in Road Tunnel,openalex,journal_article,TIER_B,1.4.1,,0.82,TITLE_METADATA_ONLY,insufficient_evidence_level,,/Users/bulsahkecici/Projects/paper-crawler-agent/tunel_makaleleri/pdfs/2016_The_Influence_of_the_Filling_Percentage_Traffic_on_Required_Ventilation_Thrust_in_Road_Tun.pdf
10.3390/ijerph13101014,CAN_10D7012FACB151E426D9,Study on the Fire Damage Characteristics of the New Qidaoliang Highway Tunnel: Field Investigation with Computational Fluid Dynamics (CFD) Back Analysis.,europe_pmc,journal_article,TIER_B,1.5.1,,0.92,TITLE_METADATA_ONLY,insufficient_evidence_level,,/Users/bulsahkecici/Projects/paper-crawler-agent/tunel_makaleleri/pdfs/2016_Study_on_the_Fire_Damage_Characteristics_of_the_New_Qidaoliang_Highway_Tunnel_Field_Invest.pdf
10.7474/tus.2015.25.6.515,CAN_D9E6A89BDEFCBD24E72B,Study on the Convergence of the NATM Tunnel Constructed in the Weathered Granite,crossref,journal_article,TIER_B,2.2,2.4;1.4;2.4.1.1;5.9.2,0.6062,TITLE_METADATA_ONLY,classification_status_not_allowed,,/Users/bulsahkecici/Projects/paper-crawler-agent/tunel_makaleleri/pdfs/2015_Study_on_the_Convergence_of_the_NATM_Tunnel_Constructed_in_the_Weathered_Granite.pdf
10.3846/13923730.2013.801916,CAN_62197BFEF62784ABB903,EFFECTS OF VERTICAL SHAFT GEOMETRY ON NATURAL VENTILATION IN URBAN ROAD TUNNEL FIRES,openalex,journal_article,TIER_B,1.5,,0.73,TITLE_METADATA_ONLY,insufficient_evidence_level,,/Users/bulsahkecici/Projects/paper-crawler-agent/tunel_makaleleri/pdfs/2014_EFFECTS_OF_VERTICAL_SHAFT_GEOMETRY_ON_NATURAL_VENTILATION_IN_URBAN_ROAD_TUNNEL_FIRES.pdf
10.18757/ejtir.2012.12.1.2948,CAN_4B0458F34B152C68AEB0,Energy Use and Greenhouse Gas Emissions during the Life Cycle Stages of a Road Tunnel - the Swedish Case Norra Länken,crossref,journal_article,TIER_B,5.7,,0.94,TITLE_METADATA_ONLY,insufficient_evidence_level,,/Users/bulsahkecici/Projects/paper-crawler-agent/tunel_makaleleri/pdfs/2012_Energy_Use_and_Greenhouse_Gas_Emissions_during_the_Life_Cycle_Stages_of_a_Road_Tunnel_-_th.pdf
10.2208/jscejf.63.361,CAN_379464B2943C8843FE7F,MODEL TESTS ON FIRE SMOKE BEHAVIOR IN A SMALL ROAD TUNNEL FOR PASSENGER CARS,openalex,journal_article,TIER_B,1.4.1,,0.85,TITLE_METADATA_ONLY,insufficient_evidence_level,,/Users/bulsahkecici/Projects/paper-crawler-agent/tunel_makaleleri/pdfs/2007_MODEL_TESTS_ON_FIRE_SMOKE_BEHAVIOR_IN_A_SMALL_ROAD_TUNNEL_FOR_PASSENGER_CARS.pdf
10.12677/hjce.2025.148218,CAN_906039F1BAAD227406B2,Sealed Box Treatment Technology for Immersed Tube Tunnel,crossref,journal_article,TIER_B,2.2,,0.85,TITLE_METADATA_ONLY,insufficient_evidence_level,,/Users/bulsahkecici/Projects/paper-crawler-agent/tunel_makaleleri/pdfs/2025_Sealed_Box_Treatment_Technology_for_Immersed_Tube_Tunnel.pdf
10.1016/j.aap.2023.107414,CAN_3083576510CD16010111,Dynamic driving risk in highway tunnel groups based on pupillary oscillations,crossref,journal_article,TIER_B,1.4.1,1.4;1.5;5.9.2;2.4,0.6119,ABSTRACT,classification_status_not_allowed,https://doi.org/10.1016/j.aap.2023.107414,/Users/bulsahkecici/Projects/paper-crawler-agent/tunel_makaleleri/discovery_sources/web/Dynamic_driving_risk_in_highway_tunnel_groups_based_on_pupillary_oscillations_99ea85fbf9/source.md
10.47485/2832-9384.1026,CAN_EEA00A2A42AF0AF8E33B,The Asphalt Rutting Within a Highway Tunnel A Case Study,crossref,journal_article,TIER_B,1.4.1,,0.85,TITLE_METADATA_ONLY,insufficient_evidence_level,,/Users/bulsahkecici/Projects/paper-crawler-agent/tunel_makaleleri/pdfs/2023_The_Asphalt_Rutting_Within_a_Highway_Tunnel_A_Case_Study.pdf
10.1016/j.heliyon.2023.e17537,CAN_79DFF10381A256EF48FB,Safety state evaluation method of the highway tunnel structure,crossref,journal_article,TIER_B,1.4.1,1.4;5.9.2;5.9;1.5,0.6115,TITLE_METADATA_ONLY,classification_status_not_allowed,,/Users/bulsahkecici/Projects/paper-crawler-agent/tunel_makaleleri/pdfs/2023_Safety_state_evaluation_method_of_the_highway_tunnel_structure.pdf
10.3901/jme.2023.12.028,CAN_895B75E438A18DE1B96B,Fuzzy Clustering and Nonlinear Regression Imputation for Incomplete Data of Tunnel Boring Machine,crossref,journal_article,TIER_B,1.4,2.4.1;5.7.1;2.4.2;2.2,0.3621,TITLE_METADATA_ONLY,classification_status_not_allowed,,/Users/bulsahkecici/Projects/paper-crawler-agent/tunel_makaleleri/pdfs/2023_Fuzzy_Clustering_and_Nonlinear_Regression_Imputation_for_Incomplete_Data_of_Tunnel_Boring.pdf
10.1299/jsmemecj.2020.s05207,CAN_4AFCEE7623B63550D7AF,An application study on optimization of ventilation method for highway tunnel called Wagasennin on the Akita Expressway in Japan,crossref,journal_article,TIER_B,5.7,,0.92,TITLE_METADATA_ONLY,insufficient_evidence_level,,/Users/bulsahkecici/Projects/paper-crawler-agent/tunel_makaleleri/pdfs/2020_An_application_study_on_optimization_of_ventilation_method_for_highway_tunnel_called_Wagas.pdf
10.2208/jscejd.63.391,CAN_5AC095218FABE82987C0,PROPOSE OF A RATIONAL INSPECTION SYSTEM OF HIGHWAY TUNNEL,crossref,journal_article,TIER_B,1.4.1,,0.85,TITLE_METADATA_ONLY,insufficient_evidence_level,,/Users/bulsahkecici/Projects/paper-crawler-agent/tunel_makaleleri/pdfs/2007_PROPOSE_OF_A_RATIONAL_INSPECTION_SYSTEM_OF_HIGHWAY_TUNNEL.pdf
10.1038/s41598-025-34234-6,CAN_6423192BC69D34A0AAB8,Study on the deformation response of support for water diversion tunnels in cold regions under ventilation and convection conditions.,europe_pmc,journal_article,TIER_B,2.4,,0.85,TITLE_METADATA_ONLY,insufficient_evidence_level,,/Users/bulsahkecici/Projects/paper-crawler-agent/tunel_makaleleri/pdfs/2026_Study_on_the_deformation_response_of_support_for_water_diversion_tunnels_in_cold_regions_u.pdf
10.28991/cej-2025-011-02-014,CAN_D925E55FCEDAF84AF934,Optimizing Fire Safety and Ventilation Strategies for Structural Integrity in Rail Tunnels,openalex,journal_article,TIER_B,1.4,1.5;1.5.1;5.9.2;5.9,0.3764,TITLE_METADATA_ONLY,classification_status_not_allowed,,/Users/bulsahkecici/Projects/paper-crawler-agent/tunel_makaleleri/pdfs/2025_Optimizing_Fire_Safety_and_Ventilation_Strategies_for_Structural_Integrity_in_Rail_Tunnels.pdf
10.1038/s41598-025-18959-y,CAN_3164D3E520D52DD070CA,Rapid mobile inspection equipment for metro tunnels based on multi-sensor integration.,europe_pmc,journal_article,TIER_B,5.9.2,1.4;5.4.2;5.4.1;2.4.1.1,0.375,TITLE_METADATA_ONLY,classification_status_not_allowed,https://europepmc.org/articles/PMC12504423,/Users/bulsahkecici/Projects/paper-crawler-agent/tunel_makaleleri/pdfs/2025_Rapid_mobile_inspection_equipment_for_metro_tunnels_based_on_multi-sensor_integration.pdf
10.1038/s41598-025-89400-7,CAN_16D4A76085F471664CA5,Research on the ventilation and control method of double-hole complementary construction of long tunnel.,europe_pmc,journal_article,TIER_B,2.2,,0.91,TITLE_METADATA_ONLY,insufficient_evidence_level,,/Users/bulsahkecici/Projects/paper-crawler-agent/tunel_makaleleri/pdfs/2025_Research_on_the_ventilation_and_control_method_of_double-hole_complementary_construction_o.pdf
10.1038/s41598-025-93480-w,CAN_8E57061E6D55E5613593,Study of harmful gas migration law and influencing factors after tunnel blasting in high-altitude tunnels under push ventilation conditions.,europe_pmc,journal_article,TIER_B,1.4,5.9.2;5.9;1.5;1.5.1,0.3784,TITLE_METADATA_ONLY,classification_status_not_allowed,,/Users/bulsahkecici/Projects/paper-crawler-agent/tunel_makaleleri/pdfs/2025_Study_of_harmful_gas_migration_law_and_influencing_factors_after_tunnel_blasting_in_high-a.pdf
10.1016/j.heliyon.2024.e33758,CAN_5481AD86AED5AC73A8AD,Impact analysis of dust evolution pattern and determination of key ventilation parameters in highland highway construction tunnels.,europe_pmc,journal_article,TIER_B,5.7,1.4;2.4;5.9.2;5.7.2,0.6023,TITLE_METADATA_ONLY,classification_status_not_allowed,,/Users/bulsahkecici/Projects/paper-crawler-agent/tunel_makaleleri/pdfs/2024_Impact_analysis_of_dust_evolution_pattern_and_determination_of_key_ventilation_parameters.pdf
10.1016/j.heliyon.2024.e26305,CAN_05FA1869DD33CDFBEB2D,The research for designing the LED tunnel light for highway tunnels.,europe_pmc,journal_article,TIER_B,1.4.1,1.4;2.4;5.7.2;5.9.2,0.6082,TITLE_METADATA_ONLY,classification_status_not_allowed,https://europepmc.org/articles/PMC10877439,/Users/bulsahkecici/Projects/paper-crawler-agent/tunel_makaleleri/pdfs/2024_The_research_for_designing_the_LED_tunnel_light_for_highway_tunnels.pdf
10.3390/ijerph20043066,CAN_FA0ACACCC864C7BE3555,Modelling and Mitigating Secondary Crash Risk for Serial Tunnels on Freeway via Lighting-Related Microscopic Traffic Model with Inter-Lane Dependency,openalex,journal_article,TIER_B,5.9.2,,0.74,TITLE_METADATA_ONLY,insufficient_evidence_level,,/Users/bulsahkecici/Projects/paper-crawler-agent/tunel_makaleleri/pdfs/2023_Modelling_and_Mitigating_Secondary_Crash_Risk_for_Serial_Tunnels_on_Freeway_via_Lighting-R.pdf
10.3390/ijerph19148517,CAN_4B6200795206037ECE2C,Traffic Safety Improvement via Optimizing Light Environment in Highway Tunnels.,europe_pmc,journal_article,TIER_B,1.4.1,1.4;5.7.2;5.9.2;5.7,0.6094,TITLE_METADATA_ONLY,classification_status_not_allowed,,/Users/bulsahkecici/Projects/paper-crawler-agent/tunel_makaleleri/pdfs/2022_Traffic_Safety_Improvement_via_Optimizing_Light_Environment_in_Highway_Tunnels.pdf
10.7731/kifse.a16f2123,CAN_60C607010C11BC08FCF0,Experiment using High-Expansion Foaming Agent in an Underground Utility Tunnel as a Fire Suppression Method,crossref,journal_article,TIER_B,1.4,2.2;1.5.1;5.9;1.5,0.3714,TITLE_METADATA_ONLY,classification_status_not_allowed,,/Users/bulsahkecici/Projects/paper-crawler-agent/tunel_makaleleri/pdfs/2022_Experiment_using_High-Expansion_Foaming_Agent_in_an_Underground_Utility_Tunnel_as_a_Fire_S.pdf
10.3846/16484142.2013.782567,CAN_061385718803A60FC578,Developing a new hybrid MCDM method for selection of the optimal alternative of mechanical longitudinal ventilation of tunnel pollutants during automobile accidents,openalex,journal_article,TIER_B,1.5,,0.75,TITLE_METADATA_ONLY,insufficient_evidence_level,,/Users/bulsahkecici/Projects/paper-crawler-agent/tunel_makaleleri/pdfs/2013_Developing_a_new_hybrid_MCDM_method_for_selection_of_the_optimal_alternative_of_mechanical.pdf
10.1038/s41598-026-43056-z,CAN_12DCC50A5410984D76D6,Research on deformation mechanisms in deep excavation tunnels and the application of the pile foundation-unit-type support.,europe_pmc,journal_article,TIER_B,2.4,1.4;5.9;5.9.2;5.4.1,0.3773,TITLE_METADATA_ONLY,classification_status_not_allowed,,/Users/bulsahkecici/Projects/paper-crawler-agent/tunel_makaleleri/pdfs/2026_Research_on_deformation_mechanisms_in_deep_excavation_tunnels_and_the_application_of_the_p.pdf
10.1038/s41598-026-49662-1,CAN_937C78A4FFA1136BE062,"Laboratory investigation of wetting induced deformation in unsaturated expansive soil during shield tunnelling in Yangzhou, China.",europe_pmc,journal_article,TIER_B,5.4.1,2.4.1.1;1.4;2.2;5.9,0.3757,TITLE_METADATA_ONLY,classification_status_not_allowed,,/Users/bulsahkecici/Projects/paper-crawler-agent/tunel_makaleleri/pdfs/2026_Laboratory_investigation_of_wetting_induced_deformation_in_unsaturated_expansive_soil_duri.pdf
10.2174/0126671212383139250618044241,CAN_5A363AF56BB288CB1588,AI-Driven Innovations in Tunnel Construction and Transport: Enhancing Efficiency with Advanced Machine Learning and Robotics,openalex,journal_article,TIER_B,1.4,2.4;5.9.2;1.4.1;5.7,0.3762,TITLE_METADATA_ONLY,classification_status_not_allowed,,/Users/bulsahkecici/Projects/paper-crawler-agent/tunel_makaleleri/pdfs/2025_AI-Driven_Innovations_in_Tunnel_Construction_and_Transport_Enhancing_Efficiency_with_Advan.pdf
10.1038/s41598-024-81210-7,CAN_3AF42CB88AC095898FF4,Experimental investigation of mechanical behavior of horseshoe-shaped segmental tunnel linings.,europe_pmc,journal_article,TIER_B,2.4,,0.85,TITLE_METADATA_ONLY,insufficient_evidence_level,,/Users/bulsahkecici/Projects/paper-crawler-agent/tunel_makaleleri/pdfs/2024_Experimental_investigation_of_mechanical_behavior_of_horseshoe-shaped_segmental_tunnel_lin.pdf
10.3389/fphy.2024.1335494,CAN_B8970CBF8B8608305108,Application of a digital twin for highway tunnels based on multi-sensor and information fusion,openalex,journal_article,TIER_B,1.4.1,1.4;2.4;5.9.2;5.4.2,0.6151,TITLE_METADATA_ONLY,classification_status_not_allowed,,/Users/bulsahkecici/Projects/paper-crawler-agent/tunel_makaleleri/pdfs/2024_Application_of_a_digital_twin_for_highway_tunnels_based_on_multi-sensor_and_information_fu.pdf
10.12688/openreseurope.16601.1,CAN_B6C18BC3BF0266FAFF6F,"RoBétArmé Project: Human-robot collaborative construction system for shotcrete digitization and automation through advanced perception, cognition, mobility and additive manufacturing skills.",europe_pmc,journal_article,TIER_B,1.4.1,2.4;1.4;5.7.2;5.9.2,0.3651,TITLE_METADATA_ONLY,classification_status_not_allowed,,/Users/bulsahkecici/Projects/paper-crawler-agent/tunel_makaleleri/pdfs/2024_RoBétArmé_Project_Human-robot_collaborative_construction_system_for_shotcrete_digitization.pdf
10.1038/s41598-024-64439-0,CAN_9E957E147F1615B9B04D,Kinematics and spatial structure analysis of TBM gunite robot based on D-H parameter method.,europe_pmc,journal_article,TIER_B,2.2,2.4;2.4.1;2.4.3;1.4,0.5967,TITLE_METADATA_ONLY,classification_status_not_allowed,,/Users/bulsahkecici/Projects/paper-crawler-agent/tunel_makaleleri/pdfs/2024_Kinematics_and_spatial_structure_analysis_of_TBM_gunite_robot_based_on_D-H_parameter_metho.pdf
10.1021/acsomega.3c05280,CAN_05F630ADDCB61C3C2CC3,CO Diffusion Study and Spatial and Temporal Variation Modeling during the Construction Period of the Plateau Railroad Tunnel.,europe_pmc,journal_article,TIER_B,1.4,2.4;2.4.1.1;5.7;5.9.2,0.3742,TITLE_METADATA_ONLY,classification_status_not_allowed,,/Users/bulsahkecici/Projects/paper-crawler-agent/tunel_makaleleri/pdfs/2023_CO_Diffusion_Study_and_Spatial_and_Temporal_Variation_Modeling_during_the_Construction_Per.pdf
10.2208/journalofjsce.10.1_260,CAN_310E291BD56E32532B4A,EVALUATING TUNNEL ROCK MASS USING DEEP LEARNING,openalex,journal_article,TIER_B,2.2.1,2.4.1;1.4;2.4;5.9,0.6006,TITLE_METADATA_ONLY,classification_status_not_allowed,,/Users/bulsahkecici/Projects/paper-crawler-agent/tunel_makaleleri/pdfs/2022_EVALUATING_TUNNEL_ROCK_MASS_USING_DEEP_LEARNING.pdf
10.14311/cej.2021.01.0004,CAN_D6AD62C1FE54B875BA61,EFFECT OF BLASTING ON THE STABILITY OF LINING DURING EXCAVATION OF NEW TUNNEL NEAR THE EXISTING TUNNEL,openalex,journal_article,TIER_B,2.4,,0.75,TITLE_METADATA_ONLY,insufficient_evidence_level,,/Users/bulsahkecici/Projects/paper-crawler-agent/tunel_makaleleri/pdfs/2021_EFFECT_OF_BLASTING_ON_THE_STABILITY_OF_LINING_DURING_EXCAVATION_OF_NEW_TUNNEL_NEAR_THE_EXI.pdf
10.28927/sr.431123,CAN_4328E37FB0E7C36C0F5B,Tunnel Misalignment with Geostatic Principal Stress Directions in Anisotropic Rock Masses,openalex,journal_article,TIER_B,2.4,2.2.1;1.4;2.4.1;2.4.1.1,0.6157,TITLE_METADATA_ONLY,classification_status_not_allowed,,/Users/bulsahkecici/Projects/paper-crawler-agent/tunel_makaleleri/pdfs/2020_Tunnel_Misalignment_with_Geostatic_Principal_Stress_Directions_in_Anisotropic_Rock_Masses.pdf
10.28948/ngumuh.341825,CAN_C7656820AEF479E5C238,YÜKSEK HIZLI DEMİRYOLU TÜNELLERİNDE GÜVENLİK TÜNELİ MODELLEMELERİ: ANKARA-İSTANBUL HIZLI TREN PROJESİ 26 NUMARALI TÜNEL ÖRNEĞİ,openalex,journal_article,TIER_B,1.4.2,5.9.1;2.4.3;1.3.2;3,0.3783,TITLE_METADATA_ONLY,classification_status_not_allowed,https://doi.org/10.28948/ngumuh.341825,/Users/bulsahkecici/Projects/paper-crawler-agent/tunel_makaleleri/pdfs/2017_YÜKSEK_HIZLI_DEMİRYOLU_TÜNELLERİNDE_GÜVENLİK_TÜNELİ_MODELLEMELERİ_ANKARA-İSTANBUL_HIZLI_TR.pdf
10.3390/s17030444,CAN_8F81A53E899C0F24A521,Measurement of the Length of Installed Rock Bolt Based on Stress Wave Reflection by Using a Giant Magnetostrictive (GMS) Actuator and a PZT Sensor.,europe_pmc,journal_article,TIER_B,2.2.1,2.4.1;2.4.1.1;1.4;2.4,0.5985,TITLE_METADATA_ONLY,classification_status_not_allowed,,/Users/bulsahkecici/Projects/paper-crawler-agent/tunel_makaleleri/pdfs/2017_Measurement_of_the_Length_of_Installed_Rock_Bolt_Based_on_Stress_Wave_Reflection_by_Using.pdf
10.14311/1378,CAN_F2F306D244E0F0A95E3F,3D Modelling of a Tunnel Re-excavation in Soft Ground,crossref,journal_article,TIER_B,2.4,,0.85,TITLE_METADATA_ONLY,insufficient_evidence_level,,/Users/bulsahkecici/Projects/paper-crawler-agent/tunel_makaleleri/pdfs/2011_3D_Modelling_of_a_Tunnel_Re-excavation_in_Soft_Ground_2.pdf
10.3390/ma19071352,CAN_8AF45E0DA8A817492400,Effect of Hybrid Fiber on the Chloride Salt Erosion Resistance of Shotcrete.,europe_pmc,journal_article,TIER_B,5.4.1,1.4;2.4;2.2;2.4.1.1,0.3605,TITLE_METADATA_ONLY,classification_status_not_allowed,,/Users/bulsahkecici/Projects/paper-crawler-agent/tunel_makaleleri/pdfs/2026_Effect_of_Hybrid_Fiber_on_the_Chloride_Salt_Erosion_Resistance_of_Shotcrete.pdf
10.1038/s41598-025-28398-4,CAN_DC305C337C90FA0F817D,Research on temperature field and frost damage prediction of highway tunnels in cold regions considering MCP method.,europe_pmc,journal_article,TIER_B,1.4.1,1.4;5.9.2;2.4;5.9,0.6043,TITLE_METADATA_ONLY,classification_status_not_allowed,https://europepmc.org/articles/PMC12816665,/Users/bulsahkecici/Projects/paper-crawler-agent/tunel_makaleleri/pdfs/2026_Research_on_temperature_field_and_frost_damage_prediction_of_highway_tunnels_in_cold_regio.pdf
10.3390/ma19101952,CAN_6B931A74C89D3FC9CA22,Effect of Freeze-Thaw Cycle Times on Basic Properties and Bond Performance with Steel Reinforcement of Tunnel Lining Concrete in the Tibetan Plateau.,europe_pmc,journal_article,TIER_B,5.4.1,1.4;2.4;5.9.2;1.4.1,0.3768,TITLE_METADATA_ONLY,classification_status_not_allowed,,/Users/bulsahkecici/Projects/paper-crawler-agent/tunel_makaleleri/pdfs/2026_Effect_of_Freeze-Thaw_Cycle_Times_on_Basic_Properties_and_Bond_Performance_with_Steel_Rein.pdf
10.1038/s41598-026-49962-6,CAN_5C8FB23EB3C1FB7B8A20,Architectural and geotechnical aspects affecting earthquake resilience for the antique Egyptian Khufu pyramid.,europe_pmc,journal_article,TIER_B,1.5,5.9.1;1.4;5.4.1;5.9.2,0.3675,TITLE_METADATA_ONLY,classification_status_not_allowed,,/Users/bulsahkecici/Projects/paper-crawler-agent/tunel_makaleleri/pdfs/2026_Architectural_and_geotechnical_aspects_affecting_earthquake_resilience_for_the_antique_Egy.pdf
10.3390/ma18122854,CAN_8A230FD29B0E30AD59E8,Study on the Deterioration of Chloride Erosion in Tunnel Construction Joints Under a Multifactorial Environment.,europe_pmc,journal_article,TIER_B,5.4.1,1.4;5.9.2;5.9;5.9.1,0.3759,TITLE_METADATA_ONLY,classification_status_not_allowed,,/Users/bulsahkecici/Projects/paper-crawler-agent/tunel_makaleleri/pdfs/2025_Study_on_the_Deterioration_of_Chloride_Erosion_in_Tunnel_Construction_Joints_Under_a_Multi.pdf
10.1038/s41598-025-31460-w,CAN_889B74101478DBFC5838,Evaluation of the impact of blast damage on tunnel surrounding rock induced by C-type cumulative tube cone angle.,europe_pmc,journal_article,TIER_B,1.4,2.4;1.5;2.4.1;5.4.1,0.3756,TITLE_METADATA_ONLY,classification_status_not_allowed,,/Users/bulsahkecici/Projects/paper-crawler-agent/tunel_makaleleri/pdfs/2025_Evaluation_of_the_impact_of_blast_damage_on_tunnel_surrounding_rock_induced_by_C-type_cumu.pdf
10.1038/s41598-025-13682-0,CAN_2BAD9BDB79792CEB46AA,Study on the influence of peripheral eye on over-excavation during mountain tunnel blasting construction.,europe_pmc,journal_article,TIER_B,2.4,,0.75,TITLE_METADATA_ONLY,insufficient_evidence_level,,/Users/bulsahkecici/Projects/paper-crawler-agent/tunel_makaleleri/pdfs/2025_Study_on_the_influence_of_peripheral_eye_on_over-excavation_during_mountain_tunnel_blastin.pdf
10.1038/s41598-025-08052-9,CAN_8283BB8445B007BF7FCC,Influence of portal excavation of shallow-buried bias tunnel on stability of soil‒rock bedding slope: a case study of Moziping tunnel.,europe_pmc,journal_article,TIER_B,2.4,1.4;2.4.1;2.4.1.1;5.9,0.3849,TITLE_METADATA_ONLY,classification_status_not_allowed,,/Users/bulsahkecici/Projects/paper-crawler-agent/tunel_makaleleri/pdfs/2025_Influence_of_portal_excavation_of_shallow-buried_bias_tunnel_on_stability_of_soil‒rock_bed.pdf
10.1038/s41598-025-04443-0,CAN_EBD9CC0046AA305CCBFC,Mechanical response characteristics of large-span double-arch tunnel construction and eccentric loading effect on the partition wall.,europe_pmc,journal_article,TIER_B,1.4,2.4;5.4.1;5.9;5.9.2,0.3757,TITLE_METADATA_ONLY,classification_status_not_allowed,,/Users/bulsahkecici/Projects/paper-crawler-agent/tunel_makaleleri/pdfs/2025_Mechanical_response_characteristics_of_large-span_double-arch_tunnel_construction_and_ecce.pdf
10.1038/s41598-025-01103-1,CAN_0C87B8AF414B410F32DB,Safety risk assessment of weak tunnel construction with rich groundwater using an improved weighting cloud model.,europe_pmc,journal_article,TIER_B,1.4,5.9.2;5.4.1;5.9;1.5,0.3768,TITLE_METADATA_ONLY,classification_status_not_allowed,,/Users/bulsahkecici/Projects/paper-crawler-agent/tunel_makaleleri/pdfs/2025_Safety_risk_assessment_of_weak_tunnel_construction_with_rich_groundwater_using_an_improved.pdf
10.1038/s41598-025-99407-9,CAN_8EB51A5D1ADED08B20CE,Failure of multistorey parking site in hilly region and its forensic geotechnical investigation.,europe_pmc,journal_article,TIER_B,1.5,1.4;2.4;2.4.1;5.9.2,0.3666,TITLE_METADATA_ONLY,classification_status_not_allowed,,/Users/bulsahkecici/Projects/paper-crawler-agent/tunel_makaleleri/pdfs/2025_Failure_of_multistorey_parking_site_in_hilly_region_and_its_forensic_geotechnical_investig.pdf
10.1111/risa.70157,CAN_48DE5CA1DDEC371C8FDB,A Risk Analysis of the Release of Liquid Hydrogen in Road Tunnels: The Effects of Mechanical Ventilation Combined With Geometric and Traffic Characteristics.,europe_pmc,journal_article,TIER_B,1.4.1,5.9.2;1.4;5.7;5.7.2,0.6061,TITLE_METADATA_ONLY,classification_status_not_allowed,https://europepmc.org/articles/PMC12747691,/Users/bulsahkecici/Projects/paper-crawler-agent/tunel_makaleleri/pdfs/2025_A_Risk_Analysis_of_the_Release_of_Liquid_Hydrogen_in_Road_Tunnels_The_Effects_of_Mechanica.pdf
10.1038/s41598-025-89774-8,CAN_08A2B255C2CF4F115617,Dynamic response characteristics of tunnel linings at varied burial depths in landslide systems under seismic loading.,europe_pmc,journal_article,TIER_B,2.4.1,,0.85,TITLE_METADATA_ONLY,insufficient_evidence_level,,/Users/bulsahkecici/Projects/paper-crawler-agent/tunel_makaleleri/pdfs/2025_Dynamic_response_characteristics_of_tunnel_linings_at_varied_burial_depths_in_landslide_sy.pdf
10.3390/s25134009,CAN_6479882765E78CBBA24E,Ventilation Design of an Extra-Long Single-Bore Double-Track Railway Tunnel with High Traffic Density.,europe_pmc,journal_article,TIER_B,2.4,,0.85,TITLE_METADATA_ONLY,insufficient_evidence_level,,/Users/bulsahkecici/Projects/paper-crawler-agent/tunel_makaleleri/pdfs/2025_Ventilation_Design_of_an_Extra-Long_Single-Bore_Double-Track_Railway_Tunnel_with_High_Traf.pdf
10.55785/jcar.4.3.17,CAN_8B079860D21D77F139D9,Estimation of Unit Maintenance Costs by Tunnel Construction Methods Using XGBoost,crossref,journal_article,TIER_B,5.7.1,,0.82,TITLE_METADATA_ONLY,insufficient_evidence_level,,/Users/bulsahkecici/Projects/paper-crawler-agent/tunel_makaleleri/pdfs/2025_Estimation_of_Unit_Maintenance_Costs_by_Tunnel_Construction_Methods_Using_XGBoost.pdf
10.3390/s25123681,CAN_FFC57578714FAB204151,Laser SLAM Matching Localization Method for Subway Tunnel Point Clouds.,europe_pmc,journal_article,TIER_B,1.4,5.7.2;2.4;1.4.1;2.2,0.3662,TITLE_METADATA_ONLY,classification_status_not_allowed,,/Users/bulsahkecici/Projects/paper-crawler-agent/tunel_makaleleri/pdfs/2025_Laser_SLAM_Matching_Localization_Method_for_Subway_Tunnel_Point_Clouds.pdf
10.3390/s25113417,CAN_139A5A54C4682FFC16BC,Research on Tunnel Crack Identification Localization and Segmentation Method Based on Improved YOLOX and UNETR+.,europe_pmc,journal_article,TIER_B,5.4.1,1.4;2.4;2.4.1;5.9,0.6149,TITLE_METADATA_ONLY,classification_status_not_allowed,https://europepmc.org/articles/PMC12158307,/Users/bulsahkecici/Projects/paper-crawler-agent/tunel_makaleleri/pdfs/2025_Research_on_Tunnel_Crack_Identification_Localization_and_Segmentation_Method_Based_on_Impr.pdf
10.1038/s41598-025-14374-5,CAN_56099BAF83A4A91A412C,Experimental study on seepage characteristics model of tunnel lining based on infrared imaging.,europe_pmc,journal_article,TIER_B,5.4.1,,0.78,TITLE_METADATA_ONLY,insufficient_evidence_level,,/Users/bulsahkecici/Projects/paper-crawler-agent/tunel_makaleleri/pdfs/2025_Experimental_study_on_seepage_characteristics_model_of_tunnel_lining_based_on_infrared_ima.pdf
10.1038/s41598-025-95900-3,CAN_ED8F3D0A7824CD9359C2,Study on the impact of partial unloading on the structural deformation of prefabricated segmental subway tunnels.,europe_pmc,journal_article,TIER_B,5.9.2,5.4.1;1.4;5.9;2.4,0.3739,TITLE_METADATA_ONLY,classification_status_not_allowed,,/Users/bulsahkecici/Projects/paper-crawler-agent/tunel_makaleleri/pdfs/2025_Study_on_the_impact_of_partial_unloading_on_the_structural_deformation_of_prefabricated_se.pdf
10.3390/s25123804,CAN_033F9906BA32109BE16E,Quality Assessment of High-Speed Motion Blur Images for Mobile Automated Tunnel Inspection.,europe_pmc,journal_article,TIER_B,1.4,5.9.2;1.5;5.4.1;1.4.1,0.3743,TITLE_METADATA_ONLY,classification_status_not_allowed,,/Users/bulsahkecici/Projects/paper-crawler-agent/tunel_makaleleri/pdfs/2025_Quality_Assessment_of_High-Speed_Motion_Blur_Images_for_Mobile_Automated_Tunnel_Inspection.pdf
10.1038/s41598-025-99689-z,CAN_600F9F1EA6D9E3AB9490,Research on an ultrafine water mist partition multistage dust suppression system in underground excavation tunnel.,europe_pmc,journal_article,TIER_B,2.2,,0.85,TITLE_METADATA_ONLY,insufficient_evidence_level,,/Users/bulsahkecici/Projects/paper-crawler-agent/tunel_makaleleri/pdfs/2025_Research_on_an_ultrafine_water_mist_partition_multistage_dust_suppression_system_in_underg.pdf
10.1038/s41598-025-19870-2,CAN_E0EABB91D51456D4CABF,Settlement prediction of undercrossing semicircular tunnel-pile set up in soft clay soil.,europe_pmc,journal_article,TIER_B,2.4,1.4;2.4.1.1;2.2;5.4.1,0.3773,TITLE_METADATA_ONLY,classification_status_not_allowed,,/Users/bulsahkecici/Projects/paper-crawler-agent/tunel_makaleleri/pdfs/2025_Settlement_prediction_of_undercrossing_semicircular_tunnel-pile_set_up_in_soft_clay_soil.pdf
10.1038/s41598-025-04692-z,CAN_BBDB50BBB7B116839107,Effects of construction disturbances on tunnel displacement and the protective role of soil reinforcement in metro tunnels.,europe_pmc,journal_article,TIER_B,1.4,5.4.1;5.9.2;5.9;2.4,0.3768,TITLE_METADATA_ONLY,classification_status_not_allowed,,/Users/bulsahkecici/Projects/paper-crawler-agent/tunel_makaleleri/pdfs/2025_Effects_of_construction_disturbances_on_tunnel_displacement_and_the_protective_role_of_soi.pdf
10.1038/s41598-024-81128-0,CAN_262942CED446C5509BC7,Stability analysis of existing tunnels under dynamic loads during excavation of new tunnels.,europe_pmc,journal_article,TIER_B,5.9,1.4;5.9.2;2.4;5.7,0.3784,TITLE_METADATA_ONLY,classification_status_not_allowed,,/Users/bulsahkecici/Projects/paper-crawler-agent/tunel_makaleleri/pdfs/2025_Stability_analysis_of_existing_tunnels_under_dynamic_loads_during_excavation_of_new_tunnel.pdf
10.1371/journal.pone.0297381,CAN_3E41C61A68B33B9B9F1C,Variable angle of insulated shotcrete under different loading rates and temperature and humidity cycles- shear test and analysis.,europe_pmc,journal_article,TIER_B,1.4,2.4;5.4.1;2.4.1;2.2,0.3659,TITLE_METADATA_ONLY,classification_status_not_allowed,,/Users/bulsahkecici/Projects/paper-crawler-agent/tunel_makaleleri/pdfs/2024_Variable_angle_of_insulated_shotcrete_under_different_loading_rates_and_temperature_and_hu.pdf
10.3390/s24041310,CAN_5C79CB5062EEC4692D66,Mechanical Behavior Monitoring and Load Inversion Analysis of Large-Diameter Underwater Shield Tunnel during Construction,doaj,journal_article,TIER_B,1.4,5.9.2;5.9;5.4.1;2.4,0.3774,TITLE_METADATA_ONLY,classification_status_not_allowed,,/Users/bulsahkecici/Projects/paper-crawler-agent/tunel_makaleleri/pdfs/2024_Mechanical_Behavior_Monitoring_and_Load_Inversion_Analysis_of_Large-Diameter_Underwater_Sh.pdf
10.1016/j.aei.2024.102725,CAN_2379F80B105ACBFD19FE,Hybrid NLP-based extraction method to develop a knowledge graph for rock tunnel support design,openalex,journal_article,TIER_B,2.4,,0.75,TITLE_METADATA_ONLY,insufficient_evidence_level,,/Users/bulsahkecici/Projects/paper-crawler-agent/tunel_makaleleri/pdfs/2024_Hybrid_NLP-based_extraction_method_to_develop_a_knowledge_graph_for_rock_tunnel_support_de.pdf
10.1139/cgj-2023-0362,CAN_7A8C7C8B12F039EB4ED5,Displacement-based design of shield tunnel lining considering mobilized strength of undrained clay,openalex,journal_article,TIER_B,2.4,,0.85,TITLE_METADATA_ONLY,insufficient_evidence_level,,/Users/bulsahkecici/Projects/paper-crawler-agent/tunel_makaleleri/pdfs/2024_Displacement-based_design_of_shield_tunnel_lining_considering_mobilized_strength_of_undrai.pdf
10.1038/s41598-024-52816-8,CAN_F93DB4422B4AD9E7B808,Ventilation control of road tunnels towards disturbance suppression.,europe_pmc,journal_article,TIER_B,1.4.1,1.4;5.9.2;2.4;5.7.2,0.6095,TITLE_METADATA_ONLY,classification_status_not_allowed,,/Users/bulsahkecici/Projects/paper-crawler-agent/tunel_makaleleri/pdfs/2024_Ventilation_control_of_road_tunnels_towards_disturbance_suppression.pdf
10.46464/tdad.1493634,CAN_B575195091D06BC0F460,Düşey ve Deprem Yükleri Altında Tünel Kalıp Sistemli Bir Binanın Farklı Temel-Zemin Modellerine Göre Analizi,openalex,journal_article,TIER_B,2.4.3,5.9.1;1.5.2;1.4;6.2.1,0.3714,TITLE_METADATA_ONLY,classification_status_not_allowed,https://doi.org/10.46464/tdad.1493634,/Users/bulsahkecici/Projects/paper-crawler-agent/tunel_makaleleri/pdfs/2024_Düşey_ve_Deprem_Yükleri_Altında_Tünel_Kalıp_Sistemli_Bir_Binanın_Farklı_Temel-Zemin_Modell.pdf
10.1016/j.heliyon.2024.e26231,CAN_9557DEE5D76481A00963,Analysis and modeling of radio propagation fading characteristics in tunnel construction.,europe_pmc,journal_article,TIER_B,1.4,5.9;2.4;5.9.2;5.7,0.3768,TITLE_METADATA_ONLY,classification_status_not_allowed,,/Users/bulsahkecici/Projects/paper-crawler-agent/tunel_makaleleri/pdfs/2024_Analysis_and_modeling_of_radio_propagation_fading_characteristics_in_tunnel_construction.pdf
10.1038/s41598-024-78840-2,CAN_C7C86EFE02A4C2BA0548,Optimisation of synergistic ventilation between dust and gas in a gas tunnel.,europe_pmc,journal_article,TIER_B,5.7,5.7.2;1.4;2.4;5.9.2,0.6076,TITLE_METADATA_ONLY,classification_status_not_allowed,,/Users/bulsahkecici/Projects/paper-crawler-agent/tunel_makaleleri/pdfs/2024_Optimisation_of_synergistic_ventilation_between_dust_and_gas_in_a_gas_tunnel.pdf
10.1038/s41598-024-73089-1,CAN_7D046D3BCFEDA4EEA46C,Analysis of vibration signals near ground surface during blasting excavation of a tunnel in fractured rock.,europe_pmc,journal_article,TIER_B,2.4.1,,0.85,TITLE_METADATA_ONLY,insufficient_evidence_level,,/Users/bulsahkecici/Projects/paper-crawler-agent/tunel_makaleleri/pdfs/2024_Analysis_of_vibration_signals_near_ground_surface_during_blasting_excavation_of_a_tunnel_i.pdf
10.32832/astonjadro.v13i3.15858,CAN_54D2A889317A9BE85535,Numerical Analysis of the Response of Existing Tunnel Structures to Crossing Tunnel Construction in Soft Soil,crossref,journal_article,TIER_B,2.4,1.4;5.4.1;5.9;5.9.2,0.3813,TITLE_METADATA_ONLY,classification_status_not_allowed,,/Users/bulsahkecici/Projects/paper-crawler-agent/tunel_makaleleri/pdfs/2024_Numerical_Analysis_of_the_Response_of_Existing_Tunnel_Structures_to_Crossing_Tunnel_Constr.pdf
10.1038/s41598-024-63438-5,CAN_742DDA8FF76F92655F02,Model test study on the mechanical response of the deep buried tunnel lining.,europe_pmc,journal_article,TIER_B,1.4,5.9;5.9.2;5.4.1;5.9.1,0.376,TITLE_METADATA_ONLY,classification_status_not_allowed,,/Users/bulsahkecici/Projects/paper-crawler-agent/tunel_makaleleri/pdfs/2024_Model_test_study_on_the_mechanical_response_of_the_deep_buried_tunnel_lining.pdf
10.3389/feart.2023.1235674,CAN_F562E906A7AC8C1B8245,Statistical and numerical analysis on characteristics and influence factors of construction cracks of large-diameter underwater shield tunnel: a case study,openalex,journal_article,TIER_B,5.4.1,5.9.2;1.4;5.9;5.9.1,0.6142,TITLE_METADATA_ONLY,classification_status_not_allowed,,/Users/bulsahkecici/Projects/paper-crawler-agent/tunel_makaleleri/pdfs/2023_Statistical_and_numerical_analysis_on_characteristics_and_influence_factors_of_constructio.pdf
10.54097/ajst.v6i1.8442,CAN_E0F868FBFB6CEEF395A3,Study on Failure Mechanism and Support Design of Tunnel Surrounding Rock,crossref,journal_article,TIER_B,2.4,,0.85,TITLE_METADATA_ONLY,insufficient_evidence_level,,/Users/bulsahkecici/Projects/paper-crawler-agent/tunel_makaleleri/pdfs/2023_Study_on_Failure_Mechanism_and_Support_Design_of_Tunnel_Surrounding_Rock.pdf
10.32604/cmes.2023.030847,CAN_0782C4D64C80E7404FC9,Numerical Simulation of Surrounding Rock Deformation and Grouting Reinforcement of Cross-Fault Tunnel under Different Excavation Methods,openalex,journal_article,TIER_B,2.4,1.4;2.4.1;5.4.1;2.4.1.1,0.3775,TITLE_METADATA_ONLY,classification_status_not_allowed,,/Users/bulsahkecici/Projects/paper-crawler-agent/tunel_makaleleri/pdfs/2023_Numerical_Simulation_of_Surrounding_Rock_Deformation_and_Grouting_Reinforcement_of_Cross-F.pdf
10.3390/s23229245,CAN_D900D8E924F67530587E,An Adversarial Dual-Branch Network for Nonhomogeneous Dehazing in Tunnel Construction.,europe_pmc,journal_article,TIER_B,2.4,1.4;1.4.1;2.2;1.2,0.3785,TITLE_METADATA_ONLY,classification_status_not_allowed,,/Users/bulsahkecici/Projects/paper-crawler-agent/tunel_makaleleri/pdfs/2023_An_Adversarial_Dual-Branch_Network_for_Nonhomogeneous_Dehazing_in_Tunnel_Construction.pdf
10.1021/acsomega.3c04969,CAN_F529F39D0193F1B9D167,Characteristics of Methane Explosion and Dynamic Response of Rock Mass in an H-Type Roadway with Different Ignition Sources.,europe_pmc,journal_article,TIER_B,1.5,1.4;1.5.1;2.4;1.4.1,0.3702,TITLE_METADATA_ONLY,classification_status_not_allowed,,/Users/bulsahkecici/Projects/paper-crawler-agent/tunel_makaleleri/pdfs/2023_Characteristics_of_Methane_Explosion_and_Dynamic_Response_of_Rock_Mass_in_an_H-Type_Roadwa.pdf
10.11113/aej.v13.18386,CAN_BA6C06C1DAD6309486E1,CIRCULAR TUNNEL STRUCTURAL ANALYSIS IN SOFT GROUND,crossref,journal_article,TIER_B,2.4,1.4;1.4.1;2.4.1;5.9.2,0.3746,TITLE_METADATA_ONLY,classification_status_not_allowed,,/Users/bulsahkecici/Projects/paper-crawler-agent/tunel_makaleleri/pdfs/2023_CIRCULAR_TUNNEL_STRUCTURAL_ANALYSIS_IN_SOFT_GROUND.pdf
10.24425/ace.2023.145281,CAN_3D73B697513E75371A17,A comparative analysis of artificial neural network predictive and multiple linear regression models for ground settlement during tunnel construction,crossref,journal_article,TIER_B,1.4,2.4;5.9;5.9.2;5.7.1,0.3795,TITLE_METADATA_ONLY,classification_status_not_allowed,,/Users/bulsahkecici/Projects/paper-crawler-agent/tunel_makaleleri/pdfs/2023_A_comparative_analysis_of_artificial_neural_network_predictive_and_multiple_linear_regress.pdf
10.1155/2022/2222556,CAN_3B574E9BB73873F2C728,Dematel-ISM-Based Study of the Impact of Safety Factors on Urban Rail Tunnel Construction Projects.,europe_pmc,journal_article,TIER_B,1.4,5.9.2;1.5;5.9;5.9.1,0.3773,TITLE_METADATA_ONLY,classification_status_not_allowed,,/Users/bulsahkecici/Projects/paper-crawler-agent/tunel_makaleleri/pdfs/2022_Dematel-ISM-Based_Study_of_the_Impact_of_Safety_Factors_on_Urban_Rail_Tunnel_Construction.pdf
10.3846/jcem.2022.16807,CAN_54D8501E28416983101E,AN EVIDENCE-BASED RISK DECISION SUPPORT APPROACH FOR METRO TUNNEL CONSTRUCTION,openalex,journal_article,TIER_B,1.4,1.5;5.9.2;6.2;5.9,0.374,TITLE_METADATA_ONLY,classification_status_not_allowed,,/Users/bulsahkecici/Projects/paper-crawler-agent/tunel_makaleleri/pdfs/2022_AN_EVIDENCE-BASED_RISK_DECISION_SUPPORT_APPROACH_FOR_METRO_TUNNEL_CONSTRUCTION.pdf
10.5937/grmk2204167s,CAN_DC98E82A8E882AAD6747,Single-layer load-bearing tunnel lining structure in hard rock masses,openalex,journal_article,TIER_B,2.2.1,2.4;1.4;5.4.1;2.4.1,0.6108,TITLE_METADATA_ONLY,classification_status_not_allowed,,/Users/bulsahkecici/Projects/paper-crawler-agent/tunel_makaleleri/pdfs/2022_Single-layer_load-bearing_tunnel_lining_structure_in_hard_rock_masses.pdf
10.47072/demiryolu.1064319,CAN_FC10A552CBCEAD513A76,"Şehir İçerisinde Açılan Tünellerde Portal Şev Stabilitesi ile Tünel Kazı İlişkisine Bir Örnek (T7 Tüneli, Ankara-Sivas Yüksek Hızlı Tren Projesi (Kayaş-Elmadağ Kesimi))",openalex,journal_article,TIER_B,5.9.1,1.5;2.4.3;1.4.2;5.8,0.3802,TITLE_METADATA_ONLY,classification_status_not_allowed,,/Users/bulsahkecici/Projects/paper-crawler-agent/tunel_makaleleri/pdfs/2022_Şehir_İçerisinde_Açılan_Tünellerde_Portal_Şev_Stabilitesi_ile_Tünel_Kazı_İlişkisine_Bir_Ör.pdf
10.1021/acsomega.2c01397,CAN_42F4A1F5E5152BE9E70A,Study of the Diffusion Law of Harmful Gases in Tunnel Construction on Plateaus and Optimization of Ventilation Parameters.,europe_pmc,journal_article,TIER_B,2.2,,0.85,TITLE_METADATA_ONLY,insufficient_evidence_level,,/Users/bulsahkecici/Projects/paper-crawler-agent/tunel_makaleleri/pdfs/2022_Study_of_the_Diffusion_Law_of_Harmful_Gases_in_Tunnel_Construction_on_Plateaus_and_Optimiz.pdf
10.1371/journal.pone.0266773,CAN_F5BBD083CE57FF60785B,Experimental study on fire characteristics in cable compartment of utility tunnel with natural ventilation.,europe_pmc,journal_article,TIER_B,1.5,,0.85,TITLE_METADATA_ONLY,insufficient_evidence_level,,/Users/bulsahkecici/Projects/paper-crawler-agent/tunel_makaleleri/pdfs/2022_Experimental_study_on_fire_characteristics_in_cable_compartment_of_utility_tunnel_with_nat.pdf
10.3390/geosciences11070291,CAN_4AF868E87E30457B5189,Biopolymers as Green Binders for Soil Improvement in Geotechnical Applications: A Review,openalex,journal_article,TIER_B,5.9.2,1.4;2.4;2.4.1;2.4.1.1,0.5874,TITLE_METADATA_ONLY,classification_status_not_allowed,,/Users/bulsahkecici/Projects/paper-crawler-agent/tunel_makaleleri/pdfs/2021_Biopolymers_as_Green_Binders_for_Soil_Improvement_in_Geotechnical_Applications_A_Review.pdf
10.3390/polym13234129,CAN_BD7DBADE4C6F6EF246F4,Microplastic Contamination in Soils: A Review from Geotechnical Engineering View,openalex,journal_article,TIER_B,2.4.1,2.4;2.4.1.1;1.4;5.4.1,0.3643,TITLE_METADATA_ONLY,classification_status_not_allowed,,/Users/bulsahkecici/Projects/paper-crawler-agent/tunel_makaleleri/pdfs/2021_Microplastic_Contamination_in_Soils_A_Review_from_Geotechnical_Engineering_View.pdf
10.1016/j.firesaf.2021.103351,CAN_138BA3BD6B5B6ABAF87E,The combined effect of a water mist system and longitudinal ventilation on the fire and smoke dynamics in a tunnel,openalex,journal_article,TIER_B,1.5.1,1.4;1.5;5.9.2;5.9,0.3748,TITLE_METADATA_ONLY,classification_status_not_allowed,,/Users/bulsahkecici/Projects/paper-crawler-agent/tunel_makaleleri/pdfs/2021_The_combined_effect_of_a_water_mist_system_and_longitudinal_ventilation_on_the_fire_and_sm.pdf
10.3390/ma13071774,CAN_03F70556F1F83AE2E60B,Review of Application and Innovation of Geotextiles in Geotechnical Engineering,openalex,journal_article,TIER_B,5.9.2,2.4;1.4;2.4.1;2.4.1.1,0.5948,TITLE_METADATA_ONLY,classification_status_not_allowed,,/Users/bulsahkecici/Projects/paper-crawler-agent/tunel_makaleleri/pdfs/2020_Review_of_Application_and_Innovation_of_Geotextiles_in_Geotechnical_Engineering.pdf
10.14256/jce.2671.2019,CAN_EEE92C99A0880102A939,Model tests of fire smoke control effects in highway tunnels,openalex,journal_article,TIER_B,1.4.1,1.4;1.5.1;1.5;5.9.2,0.6037,TITLE_METADATA_ONLY,classification_status_not_allowed,,/Users/bulsahkecici/Projects/paper-crawler-agent/tunel_makaleleri/pdfs/2020_Model_tests_of_fire_smoke_control_effects_in_highway_tunnels.pdf
10.3303/cet2082052,CAN_4418419D8A72015F70BA,Safety in Road Tunnels: Accident Data Analysis of the Italian Motorway A24 and A25,openalex,journal_article,TIER_B,1.4.1,,0.85,TITLE_METADATA_ONLY,insufficient_evidence_level,,/Users/bulsahkecici/Projects/paper-crawler-agent/tunel_makaleleri/pdfs/2020_Safety_in_Road_Tunnels_Accident_Data_Analysis_of_the_Italian_Motorway_A24_and_A25.pdf
10.1016/j.firesaf.2020.103002,CAN_2B496E421274A6B646D0,Analysis of experimental data on the effect of fire source elevation on fire and smoke dynamics and the critical velocity in a tunnel with longitudinal ventilation,openalex,journal_article,TIER_B,5.7,1.5.1;1.4;1.5;2.4,0.6005,TITLE_METADATA_ONLY,classification_status_not_allowed,,/Users/bulsahkecici/Projects/paper-crawler-agent/tunel_makaleleri/pdfs/2020_Analysis_of_experimental_data_on_the_effect_of_fire_source_elevation_on_fire_and_smoke_dyn.pdf
10.1016/j.tust.2020.103543,CAN_5AF8A18D5800AE6EA295,Flow fields induced by longitudinal ventilation and water spray system in reduced-scale tunnel fires,openalex,journal_article,TIER_B,1.5,1.5.1;1.4;5.7.2;5.9,0.7304,TITLE_METADATA_ONLY,classification_status_not_allowed,,/Users/bulsahkecici/Projects/paper-crawler-agent/tunel_makaleleri/pdfs/2020_Flow_fields_induced_by_longitudinal_ventilation_and_water_spray_system_in_reduced-scale_tu.pdf
10.56958/jesi.2020.5.1.8,CAN_38F176B336A3B831D831,Calculation of railway tunnels ventilation,openalex,journal_article,TIER_B,5.7,,0.85,TITLE_METADATA_ONLY,insufficient_evidence_level,,/Users/bulsahkecici/Projects/paper-crawler-agent/tunel_makaleleri/pdfs/2020_Calculation_of_railway_tunnels_ventilation.pdf
10.15302/j-fem-2018206,CAN_E074995D1314D67C7DB1,"Technical innovation for super-large-diameter shield tunnel project of combined highway and railway construction in Sanyang Road, Wuhan",crossref,journal_article,TIER_B,1.4,,0.75,TITLE_METADATA_ONLY,insufficient_evidence_level,,/Users/bulsahkecici/Projects/paper-crawler-agent/tunel_makaleleri/pdfs/2018_Technical_innovation_for_super-large-diameter_shield_tunnel_project_of_combined_highway_an.pdf
10.3846/transport.2018.1574,CAN_19F35DFAA25232114082,EVALUATING THE EFFECTIVENESS OF SPEED REDUCTION MARKINGS IN HIGHWAY TUNNELS,openalex,journal_article,TIER_B,1.4.1,1.4;5.9.2;2.4;5.9,0.6075,TITLE_METADATA_ONLY,classification_status_not_allowed,,/Users/bulsahkecici/Projects/paper-crawler-agent/tunel_makaleleri/pdfs/2018_EVALUATING_THE_EFFECTIVENESS_OF_SPEED_REDUCTION_MARKINGS_IN_HIGHWAY_TUNNELS.pdf
10.3390/ma10010082,CAN_414DE88A7979F18ADAA8,An Extended Damage Plasticity Model for Shotcrete: Formulation and Comparison with Other Shotcrete Models,openalex,journal_article,TIER_B,1.4,5.4.1;2.4;1.4.1;1.5,0.3671,TITLE_METADATA_ONLY,classification_status_not_allowed,,/Users/bulsahkecici/Projects/paper-crawler-agent/tunel_makaleleri/pdfs/2017_An_Extended_Damage_Plasticity_Model_for_Shotcrete_Formulation_and_Comparison_with_Other_Sh.pdf
10.1007/s10706-017-0356-z,CAN_1C2A904B62526741DE21,Applications of Particle Swarm Optimization in Geotechnical Engineering: A Comprehensive Review,openalex,journal_article,TIER_B,5.7.1,2.4;1.4;2.4.1;2.4.1.1,0.5922,TITLE_METADATA_ONLY,classification_status_not_allowed,,/Users/bulsahkecici/Projects/paper-crawler-agent/tunel_makaleleri/pdfs/2017_Applications_of_Particle_Swarm_Optimization_in_Geotechnical_Engineering_A_Comprehensive_Re.pdf
10.1016/j.tust.2016.12.016,CAN_D94F61A1B76541F16A39,Reducing the computational requirements for simulating tunnel fires by combining multiscale modelling and multiple processor calculation,openalex,journal_article,TIER_B,1.4,2.4;1.5.1;5.4.2;5.7,0.3738,TITLE_METADATA_ONLY,classification_status_not_allowed,,/Users/bulsahkecici/Projects/paper-crawler-agent/tunel_makaleleri/pdfs/2017_Reducing_the_computational_requirements_for_simulating_tunnel_fires_by_combining_multiscal.pdf
10.5762/kais.2016.17.4.59,CAN_37541CCFA49EB6F31DBC,A Study on the Methodology modelling of Risk Assessment in Road Tunnels,openalex,journal_article,TIER_B,1.4.1,,0.85,TITLE_METADATA_ONLY,insufficient_evidence_level,,/Users/bulsahkecici/Projects/paper-crawler-agent/tunel_makaleleri/pdfs/2016_A_Study_on_the_Methodology_modelling_of_Risk_Assessment_in_Road_Tunnels.pdf
10.3390/s150408664,CAN_5EA2D220F6F7F1E5B184,Multi-Camera and Structured-Light Vision System (MSVS) for Dynamic High-Accuracy 3D Measurements of Railway Tunnels,openalex,journal_article,TIER_B,1.4,2.4;1.4.1;5.7;5.4.1,0.3766,TITLE_METADATA_ONLY,classification_status_not_allowed,,/Users/bulsahkecici/Projects/paper-crawler-agent/tunel_makaleleri/pdfs/2015_Multi-Camera_and_Structured-Light_Vision_System_(MSVS)_for_Dynamic_High-Accuracy_3D_Measur.pdf
10.15623/ijret.2012.0101001,CAN_DDCAFCCB4EDB60998C19,UNCERTAINTY MODELLING AND LIMIT STATE RELIABILITY OF TUNNEL SUPPORTS UNDER SEISMIC EFFECTS,openalex,journal_article,TIER_B,1.4,5.9;5.9.2;5.4.1;5.7.1,0.372,TITLE_METADATA_ONLY,classification_status_not_allowed,,/Users/bulsahkecici/Projects/paper-crawler-agent/tunel_makaleleri/pdfs/2012_UNCERTAINTY_MODELLING_AND_LIMIT_STATE_RELIABILITY_OF_TUNNEL_SUPPORTS_UNDER_SEISMIC_EFFECTS.pdf
10.4334/jkci.2002.14.3.341,CAN_4DFA00880D5271060570,Stress Analysis of Tunnel Concrete Lining for Maintenance Monitoring,crossref,journal_article,TIER_B,5.4.1,,0.85,TITLE_METADATA_ONLY,insufficient_evidence_level,,/Users/bulsahkecici/Projects/paper-crawler-agent/tunel_makaleleri/pdfs/2002_Stress_Analysis_of_Tunnel_Concrete_Lining_for_Maintenance_Monitoring.pdf
10.47072/demiryolu.1775390,CAN_EF76841E7EE268AF1AEC,Demiryolu Tünel Püskürtme Betonu Üretiminde Kireçtaşı-Kuvars ve Mermer Atıklarının Kullanılabilirliği,crossref,journal_article,TIER_B,5.9.1,2.4.3;1.4.2;3;1.5.2,0.3717,TITLE_METADATA_ONLY,classification_status_not_allowed,,/Users/bulsahkecici/Projects/paper-crawler-agent/tunel_makaleleri/pdfs/2026_Demiryolu_Tünel_Püskürtme_Betonu_Üretiminde_Kireçtaşı-Kuvars_ve_Mermer_Atıklarının_Kullanı.pdf
10.33203/mfy.1621381,CAN_A8FBF68456492AB37359,Ekonomik Sürdürülebilirliğin Güçlendirilmesinde Karbon Tünel Bakışı,crossref,journal_article,TIER_B,6.2.1,2.4.3;5.9.1;4;3,0.3692,TITLE_METADATA_ONLY,classification_status_not_allowed,,/Users/bulsahkecici/Projects/paper-crawler-agent/tunel_makaleleri/pdfs/2025_Ekonomik_Sürdürülebilirliğin_Güçlendirilmesinde_Karbon_Tünel_Bakışı.pdf
10.54254/2755-2721/2025.mh25027,CAN_2B5295F3ADD0330CD1E3,Analysis of Risk Management Methods for Shield Tunnel Construction Phase,crossref,journal_article,TIER_B,1.4,5.9.2;5.7.1;5.9;2.4,0.3798,TITLE_METADATA_ONLY,classification_status_not_allowed,,/Users/bulsahkecici/Projects/paper-crawler-agent/tunel_makaleleri/pdfs/2025_Analysis_of_Risk_Management_Methods_for_Shield_Tunnel_Construction_Phase.pdf
10.24232/jmd.1666024,CAN_72850C4307B5A1DBC520,"Zayıf ve Sıkışan Kaya Kütlesinde Açılan Bir Tünel için Rijit Destek Sistemi Çözümü (T34-GT2 Tüneli, Ankara-İstanbul YHT Projesi)",crossref,journal_article,TIER_B,2.4.3,5.9.1;1.4.2;3;1.5.2,0.3815,TITLE_METADATA_ONLY,classification_status_not_allowed,,/Users/bulsahkecici/Projects/paper-crawler-agent/tunel_makaleleri/pdfs/2025_Zayıf_ve_Sıkışan_Kaya_Kütlesinde_Açılan_Bir_Tünel_için_Rijit_Destek_Sistemi_Çözümü_(T34-GT.pdf
10.47072/demiryolu.1384548,CAN_78AB98B9A698E2AC92FD,Konvansiyonel Kazı Yöntemleriyle Açılan Demiryolu Tünel Projeleri Yapım ve İşletme Süreçleri çin Risk Esaslı Uygulama Modeli Önerisi,crossref,journal_article,TIER_B,2.4.3,1.5;1.5.2;1.4;5.9.1,0.3726,TITLE_METADATA_ONLY,classification_status_not_allowed,https://doi.org/10.47072/demiryolu.1384548,/Users/bulsahkecici/Projects/paper-crawler-agent/tunel_makaleleri/pdfs/2024_Konvansiyonel_Kazı_Yöntemleriyle_Açılan_Demiryolu_Tünel_Projeleri_Yapım_ve_İşletme_Süreçle.pdf
10.53501/rteufemud.1360241,CAN_39B87F48233117182D12,Kentsel Alanda Gerçekleştirilen Tünel Kazılarında Patlatma Kaynaklı Yüzey Titreşimlerinin Kontrolü: Geniş Kesitli Bir Tünel Örneği,crossref,journal_article,TIER_B,5.9.1,2.4.3;3;1.5.2;1.5,0.3729,TITLE_METADATA_ONLY,classification_status_not_allowed,,/Users/bulsahkecici/Projects/paper-crawler-agent/tunel_makaleleri/pdfs/2023_Kentsel_Alanda_Gerçekleştirilen_Tünel_Kazılarında_Patlatma_Kaynaklı_Yüzey_Titreşimlerinin.pdf
10.3208/jgs.17.135,CAN_D908CE3AADCCDA7ED06A,Extension simplified seepage analysis system assessment of water inflow quantity during a tunnel construction and its application to an actual tunnel construction,crossref,journal_article,TIER_B,5.4.1,1.4;2.4;5.9;2.2,0.3831,TITLE_METADATA_ONLY,classification_status_not_allowed,,/Users/bulsahkecici/Projects/paper-crawler-agent/tunel_makaleleri/pdfs/2022_Extension_simplified_seepage_analysis_system_assessment_of_water_inflow_quantity_during_a.pdf
10.1299/jsmermd.2020.1p2-l09,CAN_E169094CA6C208080F0E,Localization in tunnel for periodic inspection of tunnel,crossref,journal_article,TIER_B,5.4.1,,0.72,TITLE_METADATA_ONLY,insufficient_evidence_level,,/Users/bulsahkecici/Projects/paper-crawler-agent/tunel_makaleleri/pdfs/2020_Localization_in_tunnel_for_periodic_inspection_of_tunnel.pdf
10.3208/jgs.15.435,CAN_AE1D567F6E883657ECE9,Development of selenium insolubilized material eluted from tunnel excavation rock,crossref,journal_article,TIER_B,2.4.1.1,1.4;2.4.1;2.2;5.4.1,0.3743,TITLE_METADATA_ONLY,classification_status_not_allowed,,/Users/bulsahkecici/Projects/paper-crawler-agent/tunel_makaleleri/pdfs/2020_Development_of_selenium_insolubilized_material_eluted_from_tunnel_excavation_rock.pdf
10.30706/uybd.417260,CAN_48CB6F046762DB2958AC,ŞEHİR İÇİNDE KARAYOLU ALTINDAN GEÇEN ÇOK SIĞ BİR TÜNEL İÇİN ÖZEL METOD,openalex,journal_article,TIER_B,5.9.1,3;2.4.3;1.5.2;1.4.2,0.535,ABSTRACT,classification_status_not_allowed,https://doi.org/10.30706/uybd.417260,/Users/bulsahkecici/Projects/paper-crawler-agent/tunel_makaleleri/discovery_sources/pdfs/2018_ŞEHİR_İÇİNDE_KARAYOLU_ALTINDAN_GEÇEN_ÇOK_SIĞ_BİR_TÜNEL_İÇİN_ÖZEL_METOD.pdf
10.1017/flo.2023.10,CAN_BFD48576DA98AF940A39,Measurements and scaling of buoyancy-induced flows in ventilated tunnels,openalex,journal_article,TIER_B,5.7,2.2;1.5.1;1.2;1.4,0.5325,ABSTRACT,classification_status_not_allowed,https://doi.org/10.1017/flo.2023.10,/Users/bulsahkecici/Projects/paper-crawler-agent/tunel_makaleleri/pdfs/2023_Measurements_and_scaling_of_buoyancy-induced_flows_in_ventilated_tunnels.pdf
10.12652/ksce.2016.36.6.0955,CAN_4015D57ADB4B9B3946A4,Hydrodynamic Analysis of Submerged Floating Tunnel Structures by Finite Element Analysis,openalex,journal_article,TIER_B,2.2.3,5.4.1;2.2;1.4;2.4,0.737,ABSTRACT,classification_status_not_allowed,https://doi.org/10.12652/ksce.2016.36.6.0955,/Users/bulsahkecici/Projects/paper-crawler-agent/tunel_makaleleri/pdfs/2016_Hydrodynamic_Analysis_of_Submerged_Floating_Tunnel_Structures_by_Finite_Element_Analysis.pdf
10.1021/acsomega.4c01425,CAN_0DF37E35BEE5A6E5573F,Study on the Length of Smoke Backlayering of Double-Source Fire in Tunnels.,europe_pmc,journal_article,TIER_B,1.5.1,2.2;1.4;2.4;1.2,0.3829,ABSTRACT,classification_status_not_allowed,https://europepmc.org/articles/PMC11238239,/Users/bulsahkecici/Projects/paper-crawler-agent/tunel_makaleleri/pdfs/2024_Study_on_the_Length_of_Smoke_Backlayering_of_Double-Source_Fire_in_Tunnels.pdf
10.29136/mediterranean.360971,CAN_6479D277095C6CFBE272,Kırşehir ilindeki sera ve yüksek tünellerin mevcut durumu üzerine bir araştırma,openalex,journal_article,TIER_B,5.8,3;5.9.1;1.4.2;2.4.3,0.3844,ABSTRACT,classification_status_not_allowed,https://doi.org/10.29136/mediterranean.360971,/Users/bulsahkecici/Projects/paper-crawler-agent/tunel_makaleleri/pdfs/2018_Kırşehir_ilindeki_sera_ve_yüksek_tünellerin_mevcut_durumu_üzerine_bir_araştırma.pdf
10.28948/ngumuh.386502,CAN_AB97C23A1C22605DB137,ÜSKÜDAR–ÜMRANİYE–ÇEKMEKÖY METRO HATTINDA YAPILAN UYGULAMA DEĞİŞİKLİKLERİNİN PROJEYE MALİ VE SÜRESEL ETKİSİ,openalex,journal_article,TIER_B,5.9.1,1.4.2;2.4.3;5.8;3,0.5449,ABSTRACT,classification_status_not_allowed,https://doi.org/10.28948/ngumuh.386502,/Users/bulsahkecici/Projects/paper-crawler-agent/tunel_makaleleri/pdfs/2018_ÜSKÜDAR–ÜMRANİYE–ÇEKMEKÖY_METRO_HATTINDA_YAPILAN_UYGULAMA_DEĞİŞİKLİKLERİNİN_PROJEYE_MALİ_V.pdf
10.1038/s41598-025-91893-1,CAN_CCB1A0A7CC13EA65A486,Influence of soil-rock composite stratum on mechanical response and failure modes of underground utility tunnel.,europe_pmc,journal_article,TIER_B,1.4,5.9;5.4.1;5.9.2;2.4,0.3792,TITLE_METADATA_ONLY,classification_status_not_allowed,https://europepmc.org/articles/PMC11882972,/Users/bulsahkecici/Projects/paper-crawler-agent/tunel_makaleleri/pdfs/2025_Influence_of_soil-rock_composite_stratum_on_mechanical_response_and_failure_modes_of_under.pdf
10.1038/s41598-025-90837-z,CAN_53805111AB188F7BA2D9,Study on risk assessment of tunnel construction across mined-out region based on combined weight-two-dimensional cloud model.,europe_pmc,journal_article,TIER_B,1.4,5.9.2;2.4;2.4.1;2.4.1.1,0.3733,TITLE_METADATA_ONLY,classification_status_not_allowed,https://europepmc.org/articles/PMC11871022,/Users/bulsahkecici/Projects/paper-crawler-agent/tunel_makaleleri/pdfs/2025_Study_on_risk_assessment_of_tunnel_construction_across_mined-out_region_based_on_combined_.pdf
10.1038/s41598-025-86864-5,CAN_CFDC0133B915F83EB3C8,Diffusion principles of SF 6 tracer gas: constraints on SF 6 mixing distance in mine tunnels.,europe_pmc,journal_article,TIER_B,1.4,2.2;2.4;5.7;5.7.2,0.3762,TITLE_METADATA_ONLY,classification_status_not_allowed,https://europepmc.org/articles/PMC11954950,/Users/bulsahkecici/Projects/paper-crawler-agent/tunel_makaleleri/pdfs/2025_Diffusion_principles_of_SF_6_tracer_gas_constraints_on_SF_6_mixing_distance_in_mine_tunnel.pdf
10.1038/s41598-024-64916-6,CAN_D90FFB2DE43DCB43EC1B,Railway track settlement patterns and control measures for multi-tunnel construction underneath a station track group: a case study.,europe_pmc,journal_article,TIER_B,1.4,2.4;5.9.2;1.2;5.9,0.3793,TITLE_METADATA_ONLY,classification_status_not_allowed,https://europepmc.org/articles/PMC11196254,/Users/bulsahkecici/Projects/paper-crawler-agent/tunel_makaleleri/pdfs/2024_Railway_track_settlement_patterns_and_control_measures_for_multi-tunnel_construction_under.pdf
10.24232/jeoloji-muhendisligi-dergisi.295353,CAN_CE62588BDA6D351BD171,Tünel Açma Yöntemlerinin Mühendislik Jeolojisi ve Kaya Sınıflama Sistemleri ile Değerlendirilmesi,crossref,journal_article,TIER_B,1.5,3;2.4.3;5.9.1;1.5.2,0.3733,TITLE_METADATA_ONLY,classification_status_not_allowed,https://doi.org/10.24232/jeoloji-muhendisligi-dergisi.295353,/Users/bulsahkecici/Projects/paper-crawler-agent/tunel_makaleleri/pdfs/2015_Tünel_Açma_Yöntemlerinin_Mühendislik_Jeolojisi_ve_Kaya_Sınıflama_Sistemleri_ile_Değerlendi.pdf
10.7843/kgs.2012.28.4.79,CAN_224BE2E32C1243730E54,A Study on the Closure Ratio for Tunnel Face Stabilization during Tunnel Excavation in Sand Soil,crossref,journal_article,TIER_B,2.4.1,2.4;5.9;1.4;5.9.2,0.3846,TITLE_METADATA_ONLY,classification_status_not_allowed,https://doi.org/10.7843/kgs.2012.28.4.79,/Users/bulsahkecici/Projects/paper-crawler-agent/tunel_makaleleri/pdfs/2012_A_Study_on_the_Closure_Ratio_for_Tunnel_Face_Stabilization_during_Tunnel_Excavation_in_San.pdf
10.2208/procm.13.101,CAN_18725F256FE667DAEB7F,A STUDY ON ESTIMATION OF COST VARIATION ON TUNNEL CONSTRUCTION PROJECTS,crossref,journal_article,TIER_B,6.2,6.2.2;6.1;6.2.1;1.4,0.3898,TITLE_METADATA_ONLY,classification_status_not_allowed,https://doi.org/10.2208/procm.13.101,/Users/bulsahkecici/Projects/paper-crawler-agent/tunel_makaleleri/pdfs/2006_A_STUDY_ON_ESTIMATION_OF_COST_VARIATION_ON_TUNNEL_CONSTRUCTION_PROJECTS.pdf
10.1038/s41598-026-45235-4,CAN_C2A4C03AD8FF03D4585B,Study on the failure effect of gas tunnel blasting considering the influence of delay time and its engineering application.,europe_pmc,journal_article,TIER_B,1.4,5.9;5.9.2;2.4;1.5,0.3764,TITLE_METADATA_ONLY,classification_status_not_allowed,https://europepmc.org/articles/PMC13149535,/Users/bulsahkecici/Projects/paper-crawler-agent/tunel_makaleleri/pdfs/2026_Study_on_the_failure_effect_of_gas_tunnel_blasting_considering_the_influence_of_delay_time.pdf
10.1038/s41598-024-72384-1,CAN_17233584CF110D13ECD8,Study of the static response and zoning of the existing tunnel adjacent to the suspension bridge's tunnel-type anchorage.,europe_pmc,journal_article,TIER_B,1.4,2.4;5.9.2;5.9;5.4.1,0.3804,TITLE_METADATA_ONLY,classification_status_not_allowed,https://europepmc.org/articles/PMC11399146,/Users/bulsahkecici/Projects/paper-crawler-agent/tunel_makaleleri/pdfs/2024_Study_of_the_static_response_and_zoning_of_the_existing_tunnel_adjacent_to_the_suspension_.pdf
10.1016/j.enggeo.2013.02.010,CAN_4E82C83DB270CA153662,Geological engineering problems associated with tunnel construction in karst rock masses: The case of Gavarres tunnel (Spain),openalex,journal_article,TIER_B,2.2.1,2.4.1;2.4;1.4;2.4.1.1,0.6146,TITLE_METADATA_ONLY,classification_status_not_allowed,https://doi.org/10.1016/j.enggeo.2013.02.010,
10.1016/j.ijrmms.2014.02.002,CAN_26B361B2CF69402479EE,An analytical approach for the sequential excavation of axisymmetric lined tunnels in viscoelastic rock,openalex,journal_article,TIER_B,2.4,2.4.1;1.4;1.4.1;5.9,0.3794,TITLE_METADATA_ONLY,classification_status_not_allowed,https://doi.org/10.1016/j.ijrmms.2014.02.002,
10.1016/j.ijrmms.2004.03.133,CAN_DD430F59734E3C41077C,Design of tunnel shotcrete-bolting support based on a support vector machine,crossref,journal_article,TIER_B,2.4,1.4;2.4.1;1.4.1;5.9.2,0.3794,ABSTRACT,classification_status_not_allowed,https://doi.org/10.1016/j.ijrmms.2004.03.133,/Users/bulsahkecici/Projects/paper-crawler-agent/tunel_makaleleri/discovery_sources/web/Design_of_tunnel_shotcrete-bolting_support_based_on_a_support_vector_machine_acf83c3867/source.md
10.47939/et.v3i1.235,CAN_849B4F729EC329DA28A0,Process Control of Highway Tunnel Construction Technology Quality,crossref,journal_article,TIER_B,1.4.1,1.4;2.4;5.9.2;5.9,0.6067,ABSTRACT,classification_status_not_allowed,https://doi.org/10.47939/et.v3i1.235,/Users/bulsahkecici/Projects/paper-crawler-agent/tunel_makaleleri/discovery_sources/web/Process_Control_of_Highway_Tunnel_Construction_Technology_Quality_62667fb3b9/source.md
10.47939/et.v2i12.56,CAN_A826CE09DE1A91A1D000,Application Research on Construction Technology of Highway Tunnel,crossref,journal_article,TIER_B,1.4.1,2.4;1.4;5.9.2;5.9,0.6117,ABSTRACT,classification_status_not_allowed,https://doi.org/10.47939/et.v2i12.56,/Users/bulsahkecici/Projects/paper-crawler-agent/tunel_makaleleri/discovery_sources/web/Application_Research_on_Construction_Technology_of_Highway_Tunnel_0579cb3ee3/source.md
10.1038/s41598-026-49521-z,CAN_976B95759E048C4CF2A4,Regional variation and prediction model of carbon emissions in the highway construction stage.,europe_pmc,journal_article,TIER_B,5.7,4.3.5;2.4;5.7.2;1.4.1,0.6108,ABSTRACT,classification_status_not_allowed,https://europepmc.org/articles/PMC13276237,
10.3389/fmicb.2021.740118,CAN_5DAECECE19907C4D5A2F,Bioaugmentation With a Consortium of Bacterial Sodium Lauryl Ether Sulfate-Degraders for Remediation of Contaminated Soils,doaj,journal_article,TIER_B,2.2,,0.95,ABSTRACT,not_handoff_candidate,https://www.frontiersin.org/articles/10.3389/fmicb.2021.740118/full,
10.1109/TITS.2022.3160235,CAN_8E0A8337A72D76035071,Tunnel Facility-based Vehicle Localization in Highway Tunnel using 3D LIDAR,arxiv,journal_article,TIER_B,1.4.1,1.4;2.4;2.4.1.2;1.2,0.619,ABSTRACT,classification_status_not_allowed,https://arxiv.org/abs/2012.13168v1,/Users/bulsahkecici/Projects/paper-crawler-agent/tunel_makaleleri/discovery_sources/pdfs/2020_Tunnel_Facility-based_Vehicle_Localization_in_Highway_Tunnel_using_3D_LIDAR.pdf
10.1201/9781042001064-16,CAN_8F6D318B649019059796,Challenges and solutions of large diameter TBM assembly in deep cavern construction inside the Highway Tunnel in Istanbul,openaire,journal_article,TIER_B,2.2,2.4;1.4;2.4.3;2.2.1,0.7226,ABSTRACT,classification_status_not_allowed,https://doi.org/10.1201/9781042001064-16,/Users/bulsahkecici/Projects/paper-crawler-agent/tunel_makaleleri/discovery_sources/web/Challenges_and_solutions_of_large_diameter_TBM_assembly_in_deep_cavern_construction_inside_9d63449145/source.md
10.1038/s41598-026-48445-y,CAN_A1FACCAC6F56852C3165,Valorization of coal gangue as a sustainable supplementary cementitious material for immersed tube tunnel construction: equivalent strength performance in LC3 systems,doaj,journal_article,TIER_B,5.4.1,4.3.5;2.4;5.7.1;5.7,0.3757,ABSTRACT,classification_status_not_allowed,https://doi.org/10.1038/s41598-026-48445-y,
10.3390/jmse10101525,CAN_693096AF21E06AFCFDB4,Experimental Study on Wave Current Characteristics and Stability of the Junction of Artificial Island and Subsea Tunnel,doaj,journal_article,TIER_B,2.2.3,2.2;5.4.1;5.9;2.4.1,0.7388,ABSTRACT,classification_status_not_allowed,https://www.mdpi.com/2077-1312/10/10/1525,
10.3724/SP.J.1249.2022.04402,CAN_482C4B58803EA3F096B1,Closure state measurement of final joint of the immersed tunnel of the Hong Kong-Zhuhai-Macao Bridge,doaj,journal_article,TIER_B,2.2.3,2.2;5.4.1;2.4.1.2;2.4,0.738,ABSTRACT,classification_status_not_allowed,https://journal.szu.edu.cn/en/#/digest?ArticleID=2441,
10.13225/j.cnki.jccs.2024.1083,CAN_A4BBFBAD5516B31B52CE,On the academic ideology of “Digging is modelling”,doaj,journal_article,TIER_B,2.2,,0.91,ABSTRACT,not_handoff_candidate,http://www.mtxb.com.cn/article/doi/10.13225/j.cnki.jccs.2024.1083,
10.1007/s10706-025-03323-8,CAN_28688AA313A811B2EAFD,Numerical Investigation of Tunnel-to-Tunnel Blast Effects Based on PPV Variations,crossref,journal_article,TIER_B,1.4,2.4;2.4.1;1.4.1;5.7,0.3793,TITLE_METADATA_ONLY,classification_status_not_allowed,https://doi.org/10.1007/s10706-025-03323-8,
10.1680/geng.2006.159.2.125,CAN_2C26F52C1FF75D6DD018,Discussion: Hull wastewater flow transfer tunnel: tunnel collapse and causation investigation,crossref,journal_article,TIER_B,5.4.1,5.9;1.4;5.9.2;2.2,0.3727,TITLE_METADATA_ONLY,classification_status_not_allowed,https://doi.org/10.1680/geng.2006.159.2.125,
10.3390/ma19112385,CAN_68BE47E6CC72B049BDDF,"A Review of Modelling Test Study on the Effect of Single-Line Tunnelling on Adjacent Piles: Test Materials, Methodologies and Results.",europe_pmc,journal_article,TIER_B,1.4,2.4;2.4.1.1;2.4.2.2;2.4.1,0.3822,ABSTRACT,classification_status_not_allowed,https://europepmc.org/articles/PMC13258070,
10.1186/s44147-024-00416-8,CAN_BF5008395E7DC4852FC9,The unconfined compressive strength estimation of rocks using a novel hybridization technique based on the regulated Gaussian processor,doaj,journal_article,TIER_B,2.4.2.1,2.4.1.1;2.2.1;5.7.1;2.4,0.5223,ABSTRACT,classification_status_not_allowed,https://doi.org/10.1186/s44147-024-00416-8,
10.1016/j.proeng.2016.08.434,CAN_F6C5421FE5E8CC2692BB,Behaviour of a Segmental Tunnel Lining Under Seismic Actions,crossref,journal_article,TIER_B,2.4,1.4;2.4.1;1.4.1;5.9,0.3715,ABSTRACT,classification_status_not_allowed,https://doi.org/10.1016/j.proeng.2016.08.434,/Users/bulsahkecici/Projects/paper-crawler-agent/tunel_makaleleri/discovery_sources/web/Behaviour_of_a_Segmental_Tunnel_Lining_Under_Seismic_Actions_9004d6d48d/source.md
10.3166/rmpd.6.255-268,CAN_C57BF4552BF3A9239A2F,Mixture Design of Fire-Retarded OGFC in Road Tunnel,crossref,journal_article,TIER_B,1.4.1,1.4;2.4;1.5;5.9.2,0.6143,TITLE_METADATA_ONLY,classification_status_not_allowed,https://doi.org/10.3166/rmpd.6.255-268,
10.1061/jhtrcq.0000599,CAN_F995D92C4256841C5788,Net Distance between an Urban Road Grade Crossing and a Tunnel,crossref,journal_article,TIER_B,1.4.1,1.4;2.4;5.9.2;6.2,0.3814,TITLE_METADATA_ONLY,classification_status_not_allowed,https://doi.org/10.1061/jhtrcq.0000599,
10.1061/jhtrcq.0000275,CAN_2BB77A42D434F217172E,Research on Reduction Rate of CO and Smoke Criterion Emission in Road Tunnel Ventilation,openaire,journal_article,TIER_B,1.4.1,1.4;5.7.2;5.9.2;5.7,0.608,TITLE_METADATA_ONLY,classification_status_not_allowed,https://doi.org/10.1061/jhtrcq.0000275,
10.1016/j.firesaf.2020.103180,CAN_6138FE8140A1DCFBE45E,Estimating water density for tunnel fixed firefighting system and ventilation requirements to control fires in road tunnels,crossref,journal_article,TIER_B,1.5,1.4;5.9.2;1.5.1;5.9,0.3771,ABSTRACT,classification_status_not_allowed,https://doi.org/10.1016/j.firesaf.2020.103180,/Users/bulsahkecici/Projects/paper-crawler-agent/tunel_makaleleri/discovery_sources/web/Estimating_water_density_for_tunnel_fixed_firefighting_system_and_ventilation_requirements_c313c0e52a/source.md
10.1016/j.firesaf.2010.07.004,CAN_9BACB83EFBC066581E50,Model scale tunnel fire tests with longitudinal ventilation,crossref,journal_article,TIER_B,1.5,1.4;1.5.1;5.9;5.9.2,0.7312,ABSTRACT,classification_status_not_allowed,https://doi.org/10.1016/j.firesaf.2010.07.004,/Users/bulsahkecici/Projects/paper-crawler-agent/tunel_makaleleri/discovery_sources/web/Model_scale_tunnel_fire_tests_with_longitudinal_ventilation_8ab7e796c6/source.md
10.1016/j.firesaf.2011.08.003,CAN_CE2C2C96D5B7F931F93D,Critical ventilation velocity for tunnel fires occurring near tunnel exits,crossref,journal_article,TIER_B,1.5,1.5.1;1.4;5.9;5.9.2,0.7327,ABSTRACT,classification_status_not_allowed,https://doi.org/10.1016/j.firesaf.2011.08.003,/Users/bulsahkecici/Projects/paper-crawler-agent/tunel_makaleleri/discovery_sources/web/Critical_ventilation_velocity_for_tunnel_fires_occurring_near_tunnel_exits_479792366e/source.md
10.3390/app13095618,CAN_44A1126C083C9EB74CBE,Effects of the Ventilation System by Using Jet Fans during a Fire in Road Tunnels,doaj,journal_article,TIER_B,5.4.2,1.5.1;1.5;5.7.2;1.4,0.7097,ABSTRACT,classification_status_not_allowed,https://www.mdpi.com/2076-3417/13/9/5618,
10.3390/app14209191,CAN_D5EB339E33BF20CC29A2,A Numerical Evaluation for Estimating the Consequences on Users and Rescue Teams Due to the Fire of an Electric Bus in a Road Tunnel,doaj,journal_article,TIER_B,1.5.1,1.5;5.4.2;5.7;1.4,0.3824,ABSTRACT,classification_status_not_allowed,https://www.mdpi.com/2076-3417/14/20/9191,
6ad0497151e9fbbca8814604e5f9d047edd13d798a73148dc5c50df4a1e465b2,CAN_BE667971D0F72BE5F435,The Proper use of emergency ventilation systems can significantly enhance road tunnels fire safety,openaire,journal_article,TIER_B,1.4.1,1.5;1.4;2.4;1.5.1,0.611,ABSTRACT,classification_status_not_allowed,http://vocabularies.coar-repositories.org/documentation/access_rights/,/Users/bulsahkecici/Projects/paper-crawler-agent/tunel_makaleleri/discovery_sources/web/The_Proper_use_of_emergency_ventilation_systems_can_significantly_enhance_road_tunnels_fir_f20b06e94a/source.md
10.1016/j.tust.2014.05.012,CAN_7F463AD1BDD1A68B4EEF,Fire safety investigation for road tunnel ventilation systems – An overview,openaire,journal_article,TIER_B,1.4.1,1.5;1.4;1.5.1;5.9.2,0.6058,ABSTRACT,classification_status_not_allowed,https://doi.org/10.1016/j.tust.2014.05.012,/Users/bulsahkecici/Projects/paper-crawler-agent/tunel_makaleleri/discovery_sources/web/Fire_safety_investigation_for_road_tunnel_ventilation_systems_–_An_overview_daa6251f78/source.md
10.4028/www.scientific.net/amr.1065-1069.323,CAN_575F3DDCAC7BA6DBD784,Approach Emergency Ventilation System of Long Highway Tunnel in Fire Case,crossref,journal_article,TIER_B,1.5,1.4;1.5.1;2.4;5.7.2,0.6238,ABSTRACT,classification_status_not_allowed,https://doi.org/10.4028/www.scientific.net/amr.1065-1069.323,
966254c949ffdee299826d92ce70020e5b9b446eaa12b0c5c62abca52f577531,CAN_FE94BA11265DF3B69B9D,Yayınlar,institutional:KGM,inventory,TIER_A,3,2.4.3;5.8;5.9.1;1.4.2,0.5337,ABSTRACT,classification_status_not_allowed,https://www.kgm.gov.tr/Sayfalar/KGM/SiteTr/Yayinlar/Yayinlar.aspx,/Users/bulsahkecici/Projects/paper-crawler-agent/tunel_makaleleri/discovery_sources/web/Yayınlar_fa0e031ff2/source.md
5c2983ff4ac61dc979ff65bad5986e0934944ce8e04c02b25674359f9af5ca39,CAN_E97B9C0E6B300E36FCDD,"2022​​ Yılı Yol, Köprü, Tünel, Bitümlü Kaplamalar, Bakım ve Trafik işlerine ait Birim Fiyat Listesi​",institutional:KGM,technical_report,TIER_A,3,2.4.3;5.8;1.4.2;1.5.2,0.5537,ABSTRACT,classification_status_not_allowed,https://www.kgm.gov.tr/SiteCollectionDocuments/KGMdocuments/MerkezBirimler/ProgramIzlemeDairesiBaskanligi/2022Yili3BirimFiyatListesi.pdf,"/Users/bulsahkecici/Projects/paper-crawler-agent/tunel_makaleleri/discovery_sources/pdfs/2022​​_Yılı_Yol,_Köprü,_Tünel,_Bitümlü_Kaplamalar,_Bakım_ve_Trafik_işlerine_ait_Birim_Fiya.pdf"
a21097fe5ed2bfd48fb463f9584633bb085814c76ca76335360ab9430eaad4d6,CAN_3C639BB7902CBDFB83B8,"Karayolları Genel Müdürlüğü Görev Alanına Giren Köprü, Viyadük, Tünel'ler ile Bina ve Tesislerine Verilecek İsimlere ait Tespit ve Uygulama Yönergesi",institutional:KGM,guideline,TIER_A,3,2.4.3;5.8;1.4.2;1.5.2,0.5574,ABSTRACT,classification_status_not_allowed,https://www.kgm.gov.tr/SiteCollectionDocuments/KGMdocuments/Yayinlar/YayinPdf/tespitveuygulamayonergesi.pdf,"/Users/bulsahkecici/Projects/paper-crawler-agent/tunel_makaleleri/discovery_sources/pdfs/Karayolları_Genel_Müdürlüğü_Görev_Alanına_Giren_Köprü,_Viyadük,_Tünel'ler_ile_Bina_ve_Tesi.pdf"
b3e77f9cb3ea8b5cd6ad3678eec46a916f585c68448030eb235bf334bc860850,CAN_BFD593B7CCEA9043BE36,Bakım-İşletme Maliyet Bilgileri,institutional:KGM,inventory,TIER_A,5.8,3;2.4.3;1.4.2;1.5.2,0.5389,ABSTRACT,classification_status_not_allowed,https://www.kgm.gov.tr/Sayfalar/KGM/SiteTr/Istatistikler/YapimBakimIsletmeMaliyet.aspx,/Users/bulsahkecici/Projects/paper-crawler-agent/tunel_makaleleri/discovery_sources/web/Bakım-İşletme_Maliyet_Bilgileri_1a7531618e/source.md
42bd6b893797eb5afdc41239110c1a7d49c53da1ae86da2158bd092548b5feeb,CAN_730B178A417F041AAFE8,DevletveIlYollariBakimIsletmeMaliyetleri,institutional:KGM,inventory,TIER_A,3,5.8;2.4.3;1.4.2;1.5.2,0.5298,ABSTRACT,classification_status_not_allowed,https://www.kgm.gov.tr/Sayfalar/KGM/SiteTr/Yayinlar/DevletveIlYollariBakimIsletmeMaliyetleri.aspx,/Users/bulsahkecici/Projects/paper-crawler-agent/tunel_makaleleri/discovery_sources/web/DevletveIlYollariBakimIsletmeMaliyetleri_1d14359730/source.md
1ee557a4d06752c34fc0d1395affaf7201bea5acce87531b8782a4f876c78783,CAN_C8A4F96077D0F9C3F4B1,5YıllıkDevletveİlYollarıBakımİşletmeHarcamalarıAnalizi,institutional:KGM,inventory,TIER_A,3,5.8;2.4.3;5.9.1;1.4.2,0.535,ABSTRACT,classification_status_not_allowed,https://www.kgm.gov.tr/Sayfalar/KGM/SiteTr/Yayinlar/BesYillik.aspx,/Users/bulsahkecici/Projects/paper-crawler-agent/tunel_makaleleri/discovery_sources/web/5YıllıkDevletveİlYollarıBakımİşletmeHarcamalarıAnalizi_f3d3f90339/source.md
b4a7081a86ff888cf3c6802857092446970d90168e3270c18671b4cb891503eb,CAN_DF8CC646B62866BE404D,Tunnel Library - Tunnels - Structures - Bridges & Structures - Federal Highway Administration,institutional:FHWA,guideline,TIER_A,1.4,5.4.1;1.4.1;2.4;1.5.1,0.6324,ABSTRACT,classification_status_not_allowed,https://www.fhwa.dot.gov/bridge/tunnel/library.cfm,/Users/bulsahkecici/Projects/paper-crawler-agent/tunel_makaleleri/discovery_sources/web/Tunnel_Library_-_Tunnels_-_Structures_-_Bridges_Structures_-_Federal_Highway_Administratio_38b1690617/source.md
13aa9159f3c8cd0c2a6be30f0e33a34347f472ba32cece3a854fe2522a12ee57,CAN_EFFF6E052CB2FA4806C7,"Precast Concrete Segmental Liners for Large Diameter Road Tunnels -- Workshop Report, FHWA-HIF-20-036",institutional:FHWA,institutional_webpage,TIER_A,1.4.1,2.4;1.4;2.4.1.1;5.4.1,0.6714,ABSTRACT,classification_status_not_allowed,https://www.fhwa.dot.gov/bridge/tunnel/pubs/hif20036.pdf,"/Users/bulsahkecici/Projects/paper-crawler-agent/tunel_makaleleri/discovery_sources/pdfs/Precast_Concrete_Segmental_Liners_for_Large_Diameter_Road_Tunnels_--_Workshop_Report,_FHWA.pdf"
153e9e2a4af4519f1e27a0440e0b3b06b3433db721cb527217f3a14f050abbdd,CAN_B752382DD074DDBA85A7,Technical Manual for Design and Construction of Road Tunnels - Civil Elements,institutional:FHWA,guideline,TIER_A,1.4,1.4.1;1.2;2.4;5.9.2,0.6861,ABSTRACT,classification_status_not_allowed,https://www.fhwa.dot.gov/bridge/tunnel/pubs/nhi09010/tunnel_manual.pdf,/Users/bulsahkecici/Projects/paper-crawler-agent/tunel_makaleleri/discovery_sources/pdfs/Technical_Manual_for_Design_and_Construction_of_Road_Tunnels_-_Civil_Elements.pdf
39233dc35658966a27ef73f0ca8d33db0ab0fd51d7a3d45d57d3991b742f79a2,CAN_0FE0577F5B998306667B,Safety Inspection - Bridges & Structures - Federal Highway Administration,institutional:FHWA,institutional_webpage,TIER_A,5.4.1,1.4.1;1.4;2.4.1.1;5.4.3,0.381,ABSTRACT,classification_status_not_allowed,https://www.fhwa.dot.gov/bridge/safety.cfm,/Users/bulsahkecici/Projects/paper-crawler-agent/tunel_makaleleri/discovery_sources/web/Safety_Inspection_-_Bridges_Structures_-_Federal_Highway_Administration_b5eb617df2/source.md
bb6c06ab963c04032a53103f125dc913bc174804b81cdee486e8af310fd8aa85,CAN_5BB4C32D70E88506600A,Tunnels - Structures - Bridges & Structures - Federal Highway Administration,institutional:FHWA,institutional_webpage,TIER_A,1.4.1,1.4;2.4;5.4.1;1.2,0.4004,ABSTRACT,classification_status_not_allowed,https://www.fhwa.dot.gov/bridge/tunnel/,/Users/bulsahkecici/Projects/paper-crawler-agent/tunel_makaleleri/discovery_sources/web/Tunnels_-_Structures_-_Bridges_Structures_-_Federal_Highway_Administration_e939d2b068/source.md
81e377ec846aa05eec162a6283e7905497c8d4fc97c712086cb3a31149beafab,CAN_5834618780AC1F057FEC,Tunnel Inspection - Safety Inspection - Bridges & Structures - Federal Highway Administration,institutional:FHWA,inventory,TIER_A,2.4.1.3,5.4.1;1.4;5.4.3;1.4.1,0.619,ABSTRACT,classification_status_not_allowed,https://www.fhwa.dot.gov/bridge/inspection/tunnel/,/Users/bulsahkecici/Projects/paper-crawler-agent/tunel_makaleleri/discovery_sources/web/Tunnel_Inspection_-_Safety_Inspection_-_Bridges_Structures_-_Federal_Highway_Administratio_c72a9acfcb/source.md
ec356b6dabe0570ae1117c61edffd06e0c60e12707ee4831c39a57baf79b4181,CAN_68F6E045F67BB9B7B6A0,Tunnel Research Projects - Tunnels - Structures - Bridges & Structures - Federal Highway Administration,institutional:FHWA,institutional_webpage,TIER_A,1.5.1,1.4;5.4.2;1.5;5.4.1,0.393,ABSTRACT,classification_status_not_allowed,https://www.fhwa.dot.gov/bridge/tunnel/tunres2.cfm,/Users/bulsahkecici/Projects/paper-crawler-agent/tunel_makaleleri/discovery_sources/web/Tunnel_Research_Projects_-_Tunnels_-_Structures_-_Bridges_Structures_-_Federal_Highway_Adm_085c7d8e52/source.md
6cb0fd5fdb6eb47e89a184ec6cf3027b9e311e1737c980f463d827bb8be3c4ea,CAN_A809CE14B2B8894E72FF,Bridge Inspection - Safety Inspection - Bridges & Structures - Federal Highway Administration,institutional:FHWA,guideline,TIER_A,5.4,2.4.1.3;5.4.1;1.4;5.4.3,0.608,ABSTRACT,classification_status_not_allowed,https://www.fhwa.dot.gov/bridge/inspection/,/Users/bulsahkecici/Projects/paper-crawler-agent/tunel_makaleleri/discovery_sources/web/Bridge_Inspection_-_Safety_Inspection_-_Bridges_Structures_-_Federal_Highway_Administratio_c10e8df97f/source.md
5b75eb81325a583d3523d685c09141fe1e0564c62227c93c98383ae9de945877,CAN_1DE85C2E29CA4AE89E3E,Road Tunnels Manual - PIARC (World Road Association) | Road Tunnels Manual,institutional:PIARC,guideline,TIER_A,1.4,1.4.1;5.9.2;5.4;2.4,0.6359,ABSTRACT,classification_status_not_allowed,https://tunnelsmanual.piarc.org/en,/Users/bulsahkecici/Projects/paper-crawler-agent/tunel_makaleleri/discovery_sources/web/Road_Tunnels_Manual_-_PIARC_(World_Road_Association)_Road_Tunnels_Manual_59ee8c17cb/source.md
2fcf9bc8c6ea9dada2383b51a719b6ac91b38503e75045a6a614727b5b464e44,CAN_73D5F077D7EE643276D0,Log in | Road Tunnels Manual - PIARC (World Road Association),institutional:PIARC,guideline,TIER_A,1.4,1.4.1;5.9.2;5.4;5.9,0.6265,ABSTRACT,classification_status_not_allowed,https://tunnelsmanual.piarc.org/en/user/login,/Users/bulsahkecici/Projects/paper-crawler-agent/tunel_makaleleri/discovery_sources/web/Log_in_Road_Tunnels_Manual_-_PIARC_(World_Road_Association)_69c75115b9/source.md
a41c3eb03f733639ef077720c8bd1dea1ef328335aa0050dfb42e94ec02e63ec,CAN_9082D27B0E2404661EB5,Subscribe | Road Tunnels Manual - PIARC (World Road Association),institutional:PIARC,guideline,TIER_A,1.4,1.4.1;5.9.2;5.4;2.4,0.6237,ABSTRACT,classification_status_not_allowed,https://tunnelsmanual.piarc.org/en/subscribe,/Users/bulsahkecici/Projects/paper-crawler-agent/tunel_makaleleri/discovery_sources/web/Subscribe_Road_Tunnels_Manual_-_PIARC_(World_Road_Association)_aa060f8032/source.md
02f230e4f61093fe5dd8ca30ab1fbe199e2321213fad805e3190aca4843b3232,CAN_81E9924061DD1BA1815F,Sustainability Issues | Road Tunnels Manual - PIARC (World Road Association),institutional:PIARC,guideline,TIER_A,1.4,1.4.1;5.9.2;2.4;5.4,0.631,ABSTRACT,classification_status_not_allowed,https://tunnelsmanual.piarc.org/en/strategy-and-general-design/sustainability-issues,/Users/bulsahkecici/Projects/paper-crawler-agent/tunel_makaleleri/discovery_sources/web/Sustainability_Issues_Road_Tunnels_Manual_-_PIARC_(World_Road_Association)_4e43fd0dbd/source.md
cf0ba30186fc6561020b1461c66f773740b1b111f5c5611cafeab947700d2ec9,CAN_032841686CFB0A657BAF,Safety measures | Road Tunnels Manual - PIARC (World Road Association),institutional:PIARC,guideline,TIER_A,1.4,1.4.1;5.9.2;5.4;1.5,0.6363,ABSTRACT,classification_status_not_allowed,https://tunnelsmanual.piarc.org/en/safety/safety-measures,/Users/bulsahkecici/Projects/paper-crawler-agent/tunel_makaleleri/discovery_sources/web/Safety_measures_Road_Tunnels_Manual_-_PIARC_(World_Road_Association)_a12833ebd0/source.md
ce493144599b9a5c6954b425f33ae6b520eccb3b38097a5c589fc2dfb1e39f29,CAN_15593630660D63B9CA1E,Tools for safety management | Road Tunnels Manual - PIARC (World Road Association),institutional:PIARC,guideline,TIER_A,5.4,1.4;1.4.1;5.9.2;1.5,0.679,ABSTRACT,classification_status_not_allowed,https://tunnelsmanual.piarc.org/en/safety/tools-safety-management,/Users/bulsahkecici/Projects/paper-crawler-agent/tunel_makaleleri/discovery_sources/web/Tools_for_safety_management_Road_Tunnels_Manual_-_PIARC_(World_Road_Association)_0d57f79b72/source.md
fd93ece4f712527ad32babf746eb3925550646846c98fc126c9eb87e56d7a592,CAN_F65B57A797A495FECA60,Equipment & systems | Road Tunnels Manual - PIARC (World Road Association),institutional:PIARC,guideline,TIER_A,1.4,1.4.1;5.9.2;5.4;2.4,0.6342,ABSTRACT,classification_status_not_allowed,https://tunnelsmanual.piarc.org/en/equipment-systems,/Users/bulsahkecici/Projects/paper-crawler-agent/tunel_makaleleri/discovery_sources/web/Equipment_systems_Road_Tunnels_Manual_-_PIARC_(World_Road_Association)_918357ae95/source.md
url:https://tunnelsmanual.piarc.org/sites/tunnels/files/public/wysiwyg/import/Chapters%20PIARC%20reports/2008%20R15%20Chap%203.pdf,CAN_48BD05D50C032DBB46C5,"Chapter 3 of the report 2008R15 ""Urban road tunnels""",institutional:PIARC,guideline,TIER_A,1.4.1,1.4;5.9.2;2.4;1.3,0.6181,TITLE_METADATA_ONLY,classification_status_not_allowed,https://tunnelsmanual.piarc.org/sites/tunnels/files/public/wysiwyg/import/Chapters%20PIARC%20reports/2008%20R15%20Chap%203.pdf,
52569309072465cb004716cfdf1456c7d10510a44d3ea3a84e89908b58c8239c,CAN_738199E97C4983709765,Monitoring/Incident detection | Road Tunnels Manual - PIARC (World Road Association),institutional:PIARC,guideline,TIER_A,1.4,1.4.1;5.4;1.5.1;1.5,0.6302,ABSTRACT,classification_status_not_allowed,https://tunnelsmanual.piarc.org/en/equipment-systems/monitoringincident-detection,/Users/bulsahkecici/Projects/paper-crawler-agent/tunel_makaleleri/discovery_sources/web/MonitoringIncident_detection_Road_Tunnels_Manual_-_PIARC_(World_Road_Association)_92021ed230/source.md
cf63b14372473b3a39729d3a498e1ff154fb1faa532a5760e4df1c0677b4a509,CAN_9AA1559B1E6D34874F8C,Communicating with users | Road Tunnels Manual - PIARC (World Road Association),institutional:PIARC,guideline,TIER_A,1.4,1.4.1;5.9.2;5.4;2.4,0.6278,ABSTRACT,classification_status_not_allowed,https://tunnelsmanual.piarc.org/en/equipment-systems/communicating-users,/Users/bulsahkecici/Projects/paper-crawler-agent/tunel_makaleleri/discovery_sources/web/Communicating_with_users_Road_Tunnels_Manual_-_PIARC_(World_Road_Association)_507c871568/source.md
url:https://tunnelsmanual.piarc.org/sites/tunnels/files/public/wysiwyg/import/Other%20documents/European%20Directive%20En.pdf,CAN_8C61535096870F6926E1,Directive 2004/54/CE,institutional:PIARC,guideline,TIER_A,1.4,1.4.1;5.9.2;2.4;1.5,0.5299,TITLE_METADATA_ONLY,classification_status_not_allowed,https://tunnelsmanual.piarc.org/sites/tunnels/files/public/wysiwyg/import/Other%20documents/European%20Directive%20En.pdf,
c22e5322938fc700ef1d727bf60b8596f197808710850add72c5c8596896a502,CAN_E6DC0FACA631C10B0508,Environmental matters | Road Tunnels Manual - PIARC (World Road Association),institutional:PIARC,guideline,TIER_A,5.9.2,1.4;1.4.1;5.4;2.4,0.6771,ABSTRACT,classification_status_not_allowed,https://tunnelsmanual.piarc.org/en/operation-and-maintenance/environmental-matters,/Users/bulsahkecici/Projects/paper-crawler-agent/tunel_makaleleri/discovery_sources/web/Environmental_matters_Road_Tunnels_Manual_-_PIARC_(World_Road_Association)_c8ea81d457/source.md
837e349c33802fc9f68639f0667ae4133bd97b531239db7c9b5efe8899e3e751,CAN_AFF75D241C136B5C140F,Glossary | Road Tunnels Manual - PIARC (World Road Association),institutional:PIARC,guideline,TIER_A,5.9.2,1.4.1;1.4;2.4;5.4,0.6757,ABSTRACT,classification_status_not_allowed,https://tunnelsmanual.piarc.org/en/glossary,/Users/bulsahkecici/Projects/paper-crawler-agent/tunel_makaleleri/discovery_sources/web/Glossary_Road_Tunnels_Manual_-_PIARC_(World_Road_Association)_f1945b950c/source.md
b114d6e21bb2fe8544996587512e84f13e91d906da6a0a3b9843ade423f3a4b5,CAN_8A7511CF1FCBC89E6B48,Useful links | Road Tunnels Manual - PIARC (World Road Association),institutional:PIARC,guideline,TIER_A,1.4,1.4.1;5.9.2;2.4;5.4,0.6278,ABSTRACT,classification_status_not_allowed,https://tunnelsmanual.piarc.org/en/useful-links,/Users/bulsahkecici/Projects/paper-crawler-agent/tunel_makaleleri/discovery_sources/web/Useful_links_Road_Tunnels_Manual_-_PIARC_(World_Road_Association)_5d5cdb0f55/source.md
05f82e031b5d96218301bd0c6a81c4c01f2459fbc99178bc7c59db235453ba17,CAN_77CB359C613FF74FA680,Acronyms | Road Tunnels Manual - PIARC (World Road Association),institutional:PIARC,guideline,TIER_A,1.4,1.4.1;5.4;5.9.2;2.4,0.6234,ABSTRACT,classification_status_not_allowed,https://tunnelsmanual.piarc.org/en/acronyms,/Users/bulsahkecici/Projects/paper-crawler-agent/tunel_makaleleri/discovery_sources/web/Acronyms_Road_Tunnels_Manual_-_PIARC_(World_Road_Association)_df86bc2ae3/source.md
url:https://tunnelsmanual.piarc.org/en/site-map,CAN_82FED99E6018AD7D3BF7,site-map,sitemap:PIARC,unknown,TIER_A,1.4,1.4.1;2.4;5.9.2;2.4.3,0.5167,TITLE_METADATA_ONLY,classification_status_not_allowed,https://tunnelsmanual.piarc.org/en/site-map,
url:https://tunnelsmanual.piarc.org/en/technical-requirements,CAN_F793902437A560916C88,technical-requirements,sitemap:PIARC,unknown,TIER_A,1.4,1.4.1;5.9.2;2.4;2.4.3,0.5307,TITLE_METADATA_ONLY,classification_status_not_allowed,https://tunnelsmanual.piarc.org/en/technical-requirements,
url:https://tunnelsmanual.piarc.org/en/credits,CAN_BE379A30F1AA05D13046,credits,sitemap:PIARC,unknown,TIER_A,1.4,1.4.1;5.9.2;2.4;4.3.5,0.5133,TITLE_METADATA_ONLY,classification_status_not_allowed,https://tunnelsmanual.piarc.org/en/credits,
url:https://tunnelsmanual.piarc.org/en/copyright,CAN_C2FCA2AA3A976CCD7B98,copyright,sitemap:PIARC,unknown,TIER_A,1.4,1.4.1;5.9.2;2.4;1.4.2,0.516,TITLE_METADATA_ONLY,classification_status_not_allowed,https://tunnelsmanual.piarc.org/en/copyright,
url:https://tunnelsmanual.piarc.org/en/disclaimer,CAN_C9479B65293D6205CCCF,disclaimer,sitemap:PIARC,unknown,TIER_A,1.4,1.4.1;5.9.2;1.5;2.4,0.511,TITLE_METADATA_ONLY,classification_status_not_allowed,https://tunnelsmanual.piarc.org/en/disclaimer,
url:https://tunnelsmanual.piarc.org/en/privacy-policy-and-personal-data-protection,CAN_B2B0EE0193DFE3E898FC,privacy-policy-and-personal-data-protection,sitemap:PIARC,unknown,TIER_A,1.4,1.4.1;5.9.2;2.4;1.5,0.5189,TITLE_METADATA_ONLY,classification_status_not_allowed,https://tunnelsmanual.piarc.org/en/privacy-policy-and-personal-data-protection,
url:https://tunnelsmanual.piarc.org/en/strategy-and-general-design-strategic-issues/tunnel-complex-system,CAN_7ED014EC946327BE4EFE,tunnel-complex-system,sitemap:PIARC,unknown,TIER_A,1.4,1.4.1;2.4;5.9.2;1.5,0.5377,TITLE_METADATA_ONLY,classification_status_not_allowed,https://tunnelsmanual.piarc.org/en/strategy-and-general-design-strategic-issues/tunnel-complex-system,
url:https://tunnelsmanual.piarc.org/en/strategy-and-general-design-strategic-issues/general-design-tunnel,CAN_5D0F74115E2C27F48B6E,general-design-tunnel,sitemap:PIARC,unknown,TIER_A,1.4,1.4.1;2.4;5.9.2;2.4.3,0.5412,TITLE_METADATA_ONLY,classification_status_not_allowed,https://tunnelsmanual.piarc.org/en/strategy-and-general-design-strategic-issues/general-design-tunnel,
url:https://tunnelsmanual.piarc.org/en/strategy-and-general-design-strategic-issues/steps-tunnel-life,CAN_6524A52EB2F3E41525A8,steps-tunnel-life,sitemap:PIARC,unknown,TIER_A,1.4,1.4.1;5.9.2;2.4;1.5,0.5353,TITLE_METADATA_ONLY,classification_status_not_allowed,https://tunnelsmanual.piarc.org/en/strategy-and-general-design-strategic-issues/steps-tunnel-life,
url:https://tunnelsmanual.piarc.org/en/strategy-and-general-design-strategic-issues/costs-financial-aspects,CAN_F32FC8296CE570A30BD0,costs-financial-aspects,sitemap:PIARC,unknown,TIER_A,4.3.5,,0.95,TITLE_METADATA_ONLY,not_handoff_candidate,https://tunnelsmanual.piarc.org/en/strategy-and-general-design-strategic-issues/costs-financial-aspects,
url:https://tunnelsmanual.piarc.org/en/strategy-and-general-design-strategic-issues/regulations-recommendations,CAN_C00D6334569165B7B6B8,regulations-recommendations,sitemap:PIARC,unknown,TIER_A,1.4,,0.85,TITLE_METADATA_ONLY,not_handoff_candidate,https://tunnelsmanual.piarc.org/en/strategy-and-general-design-strategic-issues/regulations-recommendations,
url:https://tunnelsmanual.piarc.org/en/safety-safety-principles/safety-assessment-principles,CAN_DDB6D2D69840F3CEC04A,safety-assessment-principles,sitemap:PIARC,unknown,TIER_A,1.4,,0.85,TITLE_METADATA_ONLY,not_handoff_candidate,https://tunnelsmanual.piarc.org/en/safety-safety-principles/safety-assessment-principles,
url:https://tunnelsmanual.piarc.org/en/safety-safety-principles/integrated-approach,CAN_D3EDB89455D19BDBB833,integrated-approach,sitemap:PIARC,unknown,TIER_A,1.4,1.4.1;5.9.2;2.4;2.4.3,0.5232,TITLE_METADATA_ONLY,classification_status_not_allowed,https://tunnelsmanual.piarc.org/en/safety-safety-principles/integrated-approach,
url:https://tunnelsmanual.piarc.org/en/safety-safety-principles/experience-past-incidents,CAN_A3D779505AE5DBE437C7,experience-past-incidents,sitemap:PIARC,unknown,TIER_A,1.5,,0.92,TITLE_METADATA_ONLY,not_handoff_candidate,https://tunnelsmanual.piarc.org/en/safety-safety-principles/experience-past-incidents,
url:https://tunnelsmanual.piarc.org/en/safety-tools-safety-management/risk-assessment,CAN_6C42DD8107AE87E06C49,risk-assessment,sitemap:PIARC,unknown,TIER_A,1.4,,0.85,TITLE_METADATA_ONLY,not_handoff_candidate,https://tunnelsmanual.piarc.org/en/safety-tools-safety-management/risk-assessment,
url:https://tunnelsmanual.piarc.org/en/safety-specific-hazards-tunnels/fires,CAN_03CE67F208F45B165819,fires,sitemap:PIARC,unknown,TIER_A,1.5,,0.72,TITLE_METADATA_ONLY,not_handoff_candidate,https://tunnelsmanual.piarc.org/en/safety-specific-hazards-tunnels/fires,
url:https://tunnelsmanual.piarc.org/en/safety-safety-principles/dg-transport-regulations,CAN_03274818FB0B10805FC4,dg-transport-regulations,sitemap:PIARC,unknown,TIER_A,1.4,,0.85,TITLE_METADATA_ONLY,not_handoff_candidate,https://tunnelsmanual.piarc.org/en/safety-safety-principles/dg-transport-regulations,
url:https://tunnelsmanual.piarc.org/en/safety-tools-safety-management/incident-data,CAN_B3B3ED60CF974B940692,incident-data,sitemap:PIARC,unknown,TIER_A,1.5,,0.89,TITLE_METADATA_ONLY,not_handoff_candidate,https://tunnelsmanual.piarc.org/en/safety-tools-safety-management/incident-data,
url:https://tunnelsmanual.piarc.org/en/safety-tools-safety-management/improving-safety,CAN_EF669F1D3A3F8649B8D0,improving-safety,sitemap:PIARC,unknown,TIER_A,1.4,,0.75,TITLE_METADATA_ONLY,not_handoff_candidate,https://tunnelsmanual.piarc.org/en/safety-tools-safety-management/improving-safety,
url:https://tunnelsmanual.piarc.org/en/safety-safety-principles/human-factors-tunnel-users,CAN_AE62FA118670ACF8EA55,human-factors-tunnel-users,sitemap:PIARC,unknown,TIER_A,1.4,1.4.1;5.9.2;2.4;1.5,0.5392,TITLE_METADATA_ONLY,classification_status_not_allowed,https://tunnelsmanual.piarc.org/en/safety-safety-principles/human-factors-tunnel-users,
url:https://tunnelsmanual.piarc.org/en/safety-safety-principles/human-factors-operators,CAN_A3BBE410ED352B84E808,human-factors-operators,sitemap:PIARC,unknown,TIER_A,1.4,1.4.1;5.9.2;2.4;1.5,0.5242,TITLE_METADATA_ONLY,classification_status_not_allowed,https://tunnelsmanual.piarc.org/en/safety-safety-principles/human-factors-operators,
url:https://tunnelsmanual.piarc.org/en/operation-and-maintenance-operation/operational-tasks,CAN_D916122D6B4A6BCCBCB5,operational-tasks,sitemap:PIARC,unknown,TIER_A,5.4,,0.9,TITLE_METADATA_ONLY,not_handoff_candidate,https://tunnelsmanual.piarc.org/en/operation-and-maintenance-operation/operational-tasks,
url:https://tunnelsmanual.piarc.org/en/operation-and-maintenance-operation/stakeholder-cooperation,CAN_66DCFAF0D6612764B71C,stakeholder-cooperation,sitemap:PIARC,unknown,TIER_A,5.9.2,1.4.1;1.4;2.4;1.5,0.6449,TITLE_METADATA_ONLY,classification_status_not_allowed,https://tunnelsmanual.piarc.org/en/operation-and-maintenance-operation/stakeholder-cooperation,
url:https://tunnelsmanual.piarc.org/en/operation-and-maintenance-operation/organisation-operations,CAN_F8C207FC52E07918840B,organisation-operations,sitemap:PIARC,unknown,TIER_A,5.5.1,,0.92,TITLE_METADATA_ONLY,not_handoff_candidate,https://tunnelsmanual.piarc.org/en/operation-and-maintenance-operation/organisation-operations,
url:https://tunnelsmanual.piarc.org/en/operation-and-maintenance-operation/operating-procedures,CAN_7C060ED4C86C92E7E229,operating-procedures,sitemap:PIARC,unknown,TIER_A,5.9.2,5.9;1.4.1;1.4;2.4,0.601,TITLE_METADATA_ONLY,classification_status_not_allowed,https://tunnelsmanual.piarc.org/en/operation-and-maintenance-operation/operating-procedures,
url:https://tunnelsmanual.piarc.org/en/operation-and-maintenance-operation/operational-costs,CAN_2B95C9FFDCDCBE16023B,operational-costs,sitemap:PIARC,unknown,TIER_A,5.5.1,,0.82,TITLE_METADATA_ONLY,not_handoff_candidate,https://tunnelsmanual.piarc.org/en/operation-and-maintenance-operation/operational-costs,
url:https://tunnelsmanual.piarc.org/en/operation-and-maintenance-operation/staff-related-issues,CAN_C5224A90341423F46334,staff-related-issues,sitemap:PIARC,unknown,TIER_A,5.9.2,5.9;1.4;1.4.1;2.4,0.5954,TITLE_METADATA_ONLY,classification_status_not_allowed,https://tunnelsmanual.piarc.org/en/operation-and-maintenance-operation/staff-related-issues,
url:https://tunnelsmanual.piarc.org/en/operation-and-maintenance-operation/incident-feedback,CAN_8738937F88DF5373252B,incident-feedback,sitemap:PIARC,unknown,TIER_A,1.5,,0.76,TITLE_METADATA_ONLY,not_handoff_candidate,https://tunnelsmanual.piarc.org/en/operation-and-maintenance-operation/incident-feedback,
url:https://tunnelsmanual.piarc.org/en/operation-and-maintenance-maintenance/maintenance-equipment,CAN_EFFBA03611DF6CC2BE01,maintenance-equipment,sitemap:PIARC,unknown,TIER_A,5.4,,0.92,TITLE_METADATA_ONLY,not_handoff_candidate,https://tunnelsmanual.piarc.org/en/operation-and-maintenance-maintenance/maintenance-equipment,
url:https://tunnelsmanual.piarc.org/en/operation-and-maintenance-operation/maintenance-refurbishment,CAN_0C041208403CA8DACEC3,maintenance-refurbishment,sitemap:PIARC,unknown,TIER_A,5.4,,0.92,TITLE_METADATA_ONLY,not_handoff_candidate,https://tunnelsmanual.piarc.org/en/operation-and-maintenance-operation/maintenance-refurbishment,
url:https://tunnelsmanual.piarc.org/en/operation-and-maintenance-operation/shortlow-traffic-tunnels,CAN_65C268A8EA2A28CA6865,shortlow-traffic-tunnels,sitemap:PIARC,unknown,TIER_A,1.4.1,1.4;2.4;5.9.2;1.4.2,0.3879,TITLE_METADATA_ONLY,classification_status_not_allowed,https://tunnelsmanual.piarc.org/en/operation-and-maintenance-operation/shortlow-traffic-tunnels,
url:https://tunnelsmanual.piarc.org/en/operation-and-maintenance-environmental-issues/impact-outside-air-quality,CAN_F28D93E7F2C04D31CD76,impact-outside-air-quality,sitemap:PIARC,unknown,TIER_A,5.9.2,1.4.1;1.4;2.4;5.7.2,0.593,TITLE_METADATA_ONLY,classification_status_not_allowed,https://tunnelsmanual.piarc.org/en/operation-and-maintenance-environmental-issues/impact-outside-air-quality,
url:https://tunnelsmanual.piarc.org/en/operation-and-maintenance-environmental-issues/noise-and-vibration,CAN_B60A2CCE2475960601DC,noise-and-vibration,sitemap:PIARC,unknown,TIER_A,5.9.2,1.4.1;1.4;2.4;1.5,0.5925,TITLE_METADATA_ONLY,classification_status_not_allowed,https://tunnelsmanual.piarc.org/en/operation-and-maintenance-environmental-issues/noise-and-vibration,
url:https://tunnelsmanual.piarc.org/en/operation-and-maintenance-environmental-issues/water-impact,CAN_B3663076A6256CBA126C,water-impact,sitemap:PIARC,unknown,TIER_A,2.4,,0.75,TITLE_METADATA_ONLY,not_handoff_candidate,https://tunnelsmanual.piarc.org/en/operation-and-maintenance-environmental-issues/water-impact,
url:https://tunnelsmanual.piarc.org/en/operation-and-maintenance-environmental-issues/sustainable-operation,CAN_5C5B0683399F8311E809,sustainable-operation,sitemap:PIARC,unknown,TIER_A,4.3.5,,0.82,TITLE_METADATA_ONLY,not_handoff_candidate,https://tunnelsmanual.piarc.org/en/operation-and-maintenance-environmental-issues/sustainable-operation,
url:https://tunnelsmanual.piarc.org/en/strategy-and-general-design-construction-and-geometry/construction,CAN_7A01ADEA4B8A1084A7AE,construction,sitemap:PIARC,unknown,TIER_A,1.4,1.4.1;2.4;5.9.2;6.2.2,0.521,TITLE_METADATA_ONLY,classification_status_not_allowed,https://tunnelsmanual.piarc.org/en/strategy-and-general-design-construction-and-geometry/construction,
url:https://tunnelsmanual.piarc.org/en/strategy-and-general-design-construction-and-geometry/tunnel-traffic-capacity,CAN_2ADF5516E5FB5B32B762,tunnel-traffic-capacity,sitemap:PIARC,unknown,TIER_A,1.4,1.4.1;5.9.2;2.4;1.5,0.5385,TITLE_METADATA_ONLY,classification_status_not_allowed,https://tunnelsmanual.piarc.org/en/strategy-and-general-design-construction-and-geometry/tunnel-traffic-capacity,
url:https://tunnelsmanual.piarc.org/en/strategy-and-general-design-construction-and-geometry/general-alignment,CAN_F928F4C9EBABB6FA92FE,general-alignment,sitemap:PIARC,unknown,TIER_A,2.4,1.4;1.4.1;5.9.2;1.5,0.5997,TITLE_METADATA_ONLY,classification_status_not_allowed,https://tunnelsmanual.piarc.org/en/strategy-and-general-design-construction-and-geometry/general-alignment,
url:https://tunnelsmanual.piarc.org/en/strategy-and-general-design-construction-and-geometry/carriageway-geometry,CAN_DAF546A7A704A48C09D8,carriageway-geometry,sitemap:PIARC,unknown,TIER_A,1.4,,0.85,TITLE_METADATA_ONLY,not_handoff_candidate,https://tunnelsmanual.piarc.org/en/strategy-and-general-design-construction-and-geometry/carriageway-geometry,
url:https://tunnelsmanual.piarc.org/en/strategy-and-general-design-construction-and-geometry/emergency-exits,CAN_BBF9CDB04C2CB0DA511E,emergency-exits,sitemap:PIARC,unknown,TIER_A,1.5,1.4;1.4.1;5.9.2;1.5.1,0.6031,TITLE_METADATA_ONLY,classification_status_not_allowed,https://tunnelsmanual.piarc.org/en/strategy-and-general-design-construction-and-geometry/emergency-exits,
url:https://tunnelsmanual.piarc.org/en/strategy-and-general-design-construction-and-geometry/facilities-vehicles,CAN_85A7B47E4F18579D2268,facilities-vehicles,sitemap:PIARC,unknown,TIER_A,1.4,1.4.1;5.9.2;2.4;1.4.2,0.5253,TITLE_METADATA_ONLY,classification_status_not_allowed,https://tunnelsmanual.piarc.org/en/strategy-and-general-design-construction-and-geometry/facilities-vehicles,
url:https://tunnelsmanual.piarc.org/en/strategy-and-general-design-construction-and-geometry/other-facilities,CAN_9BB744F36E0E5F6B64EF,other-facilities,sitemap:PIARC,unknown,TIER_A,1.4,1.4.1;5.9.2;2.4;1.4.2,0.5205,TITLE_METADATA_ONLY,classification_status_not_allowed,https://tunnelsmanual.piarc.org/en/strategy-and-general-design-construction-and-geometry/other-facilities,
url:https://tunnelsmanual.piarc.org/en/equipment-systems-general-support/electrical-power-supply,CAN_62C29D73D1DF5CA4D678,electrical-power-supply,sitemap:PIARC,unknown,TIER_A,5.7.2,,0.85,TITLE_METADATA_ONLY,not_handoff_candidate,https://tunnelsmanual.piarc.org/en/equipment-systems-general-support/electrical-power-supply,
url:https://tunnelsmanual.piarc.org/en/equipment-systems-general-support/scada,CAN_C1BE5AFCBA3465F37907,scada,sitemap:PIARC,unknown,TIER_A,1.4,1.4.1;2.4;5.9.2;1.5,0.5196,TITLE_METADATA_ONLY,classification_status_not_allowed,https://tunnelsmanual.piarc.org/en/equipment-systems-general-support/scada,
url:https://tunnelsmanual.piarc.org/en/equipment-systems-general-support/tunnel-lighting-system,CAN_8BE9D8B7C81187770D0B,tunnel-lighting-system,sitemap:PIARC,unknown,TIER_A,1.4,1.4.1;2.4;5.7.2;5.9.2,0.5355,TITLE_METADATA_ONLY,classification_status_not_allowed,https://tunnelsmanual.piarc.org/en/equipment-systems-general-support/tunnel-lighting-system,
url:https://tunnelsmanual.piarc.org/en/equipment-systems-general-support/tunnel-ventilation-system,CAN_E60120B642CCE3FBF82E,tunnel-ventilation-system,sitemap:PIARC,unknown,TIER_A,1.4,1.4.1;2.4;5.9.2;5.7.2,0.5362,TITLE_METADATA_ONLY,classification_status_not_allowed,https://tunnelsmanual.piarc.org/en/equipment-systems-general-support/tunnel-ventilation-system,
url:https://tunnelsmanual.piarc.org/en/equipment-systems-emergency-services-response/fire-mains-and-hydrant-systems,CAN_CCF806F8C44DAAF2C398,fire-mains-and-hydrant-systems,sitemap:PIARC,unknown,TIER_A,1.4,,0.75,TITLE_METADATA_ONLY,not_handoff_candidate,https://tunnelsmanual.piarc.org/en/equipment-systems-emergency-services-response/fire-mains-and-hydrant-systems,
url:https://tunnelsmanual.piarc.org/en/equipment-systems-mitigation-fire-hazards/fixed-fire-fighting-systems,CAN_67696C8C751B035E1362,fixed-fire-fighting-systems,sitemap:PIARC,unknown,TIER_A,1.4,1.4.1;5.9.2;1.5;1.5.1,0.5261,TITLE_METADATA_ONLY,classification_status_not_allowed,https://tunnelsmanual.piarc.org/en/equipment-systems-mitigation-fire-hazards/fixed-fire-fighting-systems,
url:https://tunnelsmanual.piarc.org/en/equipment-systems-monitoringincident-detection/cctv-system,CAN_0B5C4A9856421AE98C6C,cctv-system,sitemap:PIARC,unknown,TIER_A,1.4,1.4.1;2.4;5.9.2;1.5,0.5216,TITLE_METADATA_ONLY,classification_status_not_allowed,https://tunnelsmanual.piarc.org/en/equipment-systems-monitoringincident-detection/cctv-system,
url:https://tunnelsmanual.piarc.org/en/equipment-systems-traffic-management/signssignals-tunnel,CAN_ADA8656ADA838871096E,signssignals-tunnel,sitemap:PIARC,unknown,TIER_A,1.4,1.4.1;2.4;5.9.2;1.5,0.5394,TITLE_METADATA_ONLY,classification_status_not_allowed,https://tunnelsmanual.piarc.org/en/equipment-systems-traffic-management/signssignals-tunnel,
url:https://tunnelsmanual.piarc.org/en/equipment-systems-mitigation-fire-hazards/fire-resistance-structures,CAN_451732BA0E675043AF0C,fire-resistance-structures,sitemap:PIARC,unknown,TIER_A,1.4,1.4.1;1.5.1;1.5;2.4,0.5275,TITLE_METADATA_ONLY,classification_status_not_allowed,https://tunnelsmanual.piarc.org/en/equipment-systems-mitigation-fire-hazards/fire-resistance-structures,
url:https://tunnelsmanual.piarc.org/en/equipment-systems-mitigation-fire-hazards/fire-resistance-equipment,CAN_9035E8F3E4192216A162,fire-resistance-equipment,sitemap:PIARC,unknown,TIER_A,1.4,1.4.1;5.9.2;1.5;1.5.1,0.5296,TITLE_METADATA_ONLY,classification_status_not_allowed,https://tunnelsmanual.piarc.org/en/equipment-systems-mitigation-fire-hazards/fire-resistance-equipment,
url:https://tunnelsmanual.piarc.org/en/strategy-and-general-design-strategic-issues/complex-underground-networks,CAN_A377BB8F0A1238EB1706,complex-underground-networks,sitemap:PIARC,unknown,TIER_A,1.4,1.4.1;2.4;5.9.2;2.4.3,0.5304,TITLE_METADATA_ONLY,classification_status_not_allowed,https://tunnelsmanual.piarc.org/en/strategy-and-general-design-strategic-issues/complex-underground-networks,
url:https://tunnelsmanual.piarc.org/en/safety-specific-hazards-tunnels/significant-incidents,CAN_D6877EFA436A66668FBE,significant-incidents,sitemap:PIARC,unknown,TIER_A,1.5.1,,0.92,TITLE_METADATA_ONLY,not_handoff_candidate,https://tunnelsmanual.piarc.org/en/safety-specific-hazards-tunnels/significant-incidents,
url:https://tunnelsmanual.piarc.org/en/safety-specific-hazards-tunnels/collisions,CAN_403BB493E0652D178AC8,collisions,sitemap:PIARC,unknown,TIER_A,1.5,,0.75,TITLE_METADATA_ONLY,not_handoff_candidate,https://tunnelsmanual.piarc.org/en/safety-specific-hazards-tunnels/collisions,
url:https://tunnelsmanual.piarc.org/en/strategy-and-general-design-ventilation-concepts/ventilation-principles,CAN_F9C79B46187AD3F8850F,ventilation-principles,sitemap:PIARC,unknown,TIER_A,1.4,1.4.1;5.9.2;2.4;5.7.2,0.5276,TITLE_METADATA_ONLY,classification_status_not_allowed,https://tunnelsmanual.piarc.org/en/strategy-and-general-design-ventilation-concepts/ventilation-principles,
url:https://tunnelsmanual.piarc.org/en/strategy-and-general-design-ventilation-concepts/design-and-dimensioning,CAN_56FC109B9F9A181EC08C,design-and-dimensioning,sitemap:PIARC,unknown,TIER_A,2.4,,0.95,TITLE_METADATA_ONLY,not_handoff_candidate,https://tunnelsmanual.piarc.org/en/strategy-and-general-design-ventilation-concepts/design-and-dimensioning,
url:https://tunnelsmanual.piarc.org/en/strategy-and-general-design-ventilation-concepts/control-and-monitoring,CAN_9F382965EC0F9F483022,control-and-monitoring,sitemap:PIARC,unknown,TIER_A,1.4,1.4.1;5.9.2;2.4;5.7.1,0.5248,TITLE_METADATA_ONLY,classification_status_not_allowed,https://tunnelsmanual.piarc.org/en/strategy-and-general-design-ventilation-concepts/control-and-monitoring,
url:https://tunnelsmanual.piarc.org/en/strategy-and-general-design-sustainability-issues/economic-issues,CAN_DFA847C68679CDEECFAF,economic-issues,sitemap:PIARC,unknown,TIER_A,4.3.5,,0.92,TITLE_METADATA_ONLY,not_handoff_candidate,https://tunnelsmanual.piarc.org/en/strategy-and-general-design-sustainability-issues/economic-issues,
url:https://tunnelsmanual.piarc.org/en/strategy-and-general-design-sustainability-issues/environmental-issues,CAN_71D2D479358F25EC284B,environmental-issues,sitemap:PIARC,unknown,TIER_A,1.4,1.4.1;5.9.2;2.4;1.5,0.5198,TITLE_METADATA_ONLY,classification_status_not_allowed,https://tunnelsmanual.piarc.org/en/strategy-and-general-design-sustainability-issues/environmental-issues,
url:https://tunnelsmanual.piarc.org/en/strategy-and-general-design-sustainability-issues/societal-issues,CAN_1DD72947FFA835885157,societal-issues,sitemap:PIARC,unknown,TIER_A,1.5,,0.74,TITLE_METADATA_ONLY,not_handoff_candidate,https://tunnelsmanual.piarc.org/en/strategy-and-general-design-sustainability-issues/societal-issues,
url:https://tunnelsmanual.piarc.org/en/strategy-and-general-design-sustainability-issues/energy-consumption,CAN_E009F99BE0E800DE97F1,energy-consumption,sitemap:PIARC,unknown,TIER_A,5.7,,0.92,TITLE_METADATA_ONLY,not_handoff_candidate,https://tunnelsmanual.piarc.org/en/strategy-and-general-design-sustainability-issues/energy-consumption,
url:https://tunnelsmanual.piarc.org/en/equipment-systems-traffic-management/approach-signssignals,CAN_B6E764456ED2A66272F9,approach-signssignals,sitemap:PIARC,unknown,TIER_A,1.4,1.4.1;2.4;5.9.2;1.5,0.5317,TITLE_METADATA_ONLY,classification_status_not_allowed,https://tunnelsmanual.piarc.org/en/equipment-systems-traffic-management/approach-signssignals,
url:https://tunnelsmanual.piarc.org/en/equipment-systems-traffic-management/portal-message-signs,CAN_1D3749C400ACB9891F89,portal-message-signs,sitemap:PIARC,unknown,TIER_A,1.4,1.4.1;2.4;5.9.2;1.5,0.5193,TITLE_METADATA_ONLY,classification_status_not_allowed,https://tunnelsmanual.piarc.org/en/equipment-systems-traffic-management/portal-message-signs,
url:https://tunnelsmanual.piarc.org/en/equipment-systems-traffic-management/diversion-signssignals,CAN_A949B1FA63B781BD2659,diversion-signssignals,sitemap:PIARC,unknown,TIER_A,1.4,1.4.1;2.4;5.9.2;1.5,0.5296,TITLE_METADATA_ONLY,classification_status_not_allowed,https://tunnelsmanual.piarc.org/en/equipment-systems-traffic-management/diversion-signssignals,
url:https://tunnelsmanual.piarc.org/en/equipment-systems-monitoringincident-detection/emergency-telephones,CAN_D63A58492B51DFA38C09,emergency-telephones,sitemap:PIARC,unknown,TIER_A,1.5,,0.72,TITLE_METADATA_ONLY,not_handoff_candidate,https://tunnelsmanual.piarc.org/en/equipment-systems-monitoringincident-detection/emergency-telephones,
url:https://tunnelsmanual.piarc.org/en/equipment-systems-monitoringincident-detection/doors-and-extinguishers,CAN_8E051557D33D57C33C20,doors-and-extinguishers,sitemap:PIARC,unknown,TIER_A,1.4,1.4.1;5.9.2;2.4;1.5,0.5296,TITLE_METADATA_ONLY,classification_status_not_allowed,https://tunnelsmanual.piarc.org/en/equipment-systems-monitoringincident-detection/doors-and-extinguishers,
url:https://tunnelsmanual.piarc.org/en/equipment-systems-monitoringincident-detection/manual-call-points,CAN_1DD31B07694A687E432B,manual-call-points,sitemap:PIARC,unknown,TIER_A,1.4,1.4.1;5.9.2;2.4;2.4.3,0.603,TITLE_METADATA_ONLY,classification_status_not_allowed,https://tunnelsmanual.piarc.org/en/equipment-systems-monitoringincident-detection/manual-call-points,
url:https://tunnelsmanual.piarc.org/en/equipment-systems-monitoringincident-detection/automatic-incident-detection,CAN_968CBC776ADBBF137B9B,automatic-incident-detection,sitemap:PIARC,unknown,TIER_A,1.4,1.4.1;1.5;5.9.2;1.5.1,0.5242,TITLE_METADATA_ONLY,classification_status_not_allowed,https://tunnelsmanual.piarc.org/en/equipment-systems-monitoringincident-detection/automatic-incident-detection,
url:https://tunnelsmanual.piarc.org/en/equipment-systems-monitoringincident-detection/fire-detection-systems,CAN_BEFE42243811FA2DE315,fire-detection-systems,sitemap:PIARC,unknown,TIER_A,1.4,1.5.1;1.4.1;1.5;5.9.2,0.5229,TITLE_METADATA_ONLY,classification_status_not_allowed,https://tunnelsmanual.piarc.org/en/equipment-systems-monitoringincident-detection/fire-detection-systems,
url:https://tunnelsmanual.piarc.org/en/equipment-systems-communicating-users/radio-break-systems,CAN_C5E340831D283113DEE7,radio-break-systems,sitemap:PIARC,unknown,TIER_A,1.4,1.4.1;5.9.2;1.5;2.4,0.5227,TITLE_METADATA_ONLY,classification_status_not_allowed,https://tunnelsmanual.piarc.org/en/equipment-systems-communicating-users/radio-break-systems,
url:https://tunnelsmanual.piarc.org/en/equipment-systems-communicating-users/public-address-systems,CAN_B64DE1D3B94610C7F66B,public-address-systems,sitemap:PIARC,unknown,TIER_A,1.4,,0.85,TITLE_METADATA_ONLY,not_handoff_candidate,https://tunnelsmanual.piarc.org/en/equipment-systems-communicating-users/public-address-systems,
url:https://tunnelsmanual.piarc.org/en/equipment-systems-evacuation-aids/evacuation-route-signs,CAN_6FC0EA132EE0B0D7A943,evacuation-route-signs,sitemap:PIARC,unknown,TIER_A,1.4,,0.85,TITLE_METADATA_ONLY,not_handoff_candidate,https://tunnelsmanual.piarc.org/en/equipment-systems-evacuation-aids/evacuation-route-signs,
url:https://tunnelsmanual.piarc.org/en/equipment-systems-evacuation-aids/cross-bore-doors-and-signs,CAN_9CB9C42785FE7001062B,cross-bore-doors-and-signs,sitemap:PIARC,unknown,TIER_A,2.4,,0.75,TITLE_METADATA_ONLY,not_handoff_candidate,https://tunnelsmanual.piarc.org/en/equipment-systems-evacuation-aids/cross-bore-doors-and-signs,
url:https://tunnelsmanual.piarc.org/en/equipment-systems-evacuation-aids/sound-beacons,CAN_FEED5C91F5061B2D839B,sound-beacons,sitemap:PIARC,unknown,TIER_A,1.4,,0.75,TITLE_METADATA_ONLY,not_handoff_candidate,https://tunnelsmanual.piarc.org/en/equipment-systems-evacuation-aids/sound-beacons,
url:https://tunnelsmanual.piarc.org/en/equipment-systems-mitigation-fire-hazards/manual-fire-extinguishers,CAN_4C6C9D053BC9BBC94698,manual-fire-extinguishers,sitemap:PIARC,unknown,TIER_A,1.4,,0.85,TITLE_METADATA_ONLY,not_handoff_candidate,https://tunnelsmanual.piarc.org/en/equipment-systems-mitigation-fire-hazards/manual-fire-extinguishers,
url:https://tunnelsmanual.piarc.org/en/equipment-systems-emergency-services-response/radio-communication,CAN_E8B4C2CB227FBDB9AA01,radio-communication,sitemap:PIARC,unknown,TIER_A,1.4,1.4.1;5.9.2;2.4;2.4.3,0.5197,TITLE_METADATA_ONLY,classification_status_not_allowed,https://tunnelsmanual.piarc.org/en/equipment-systems-emergency-services-response/radio-communication,
url:https://tunnelsmanual.piarc.org/en/equipment-systems-emergency-services-response/portal-smoke-control-panels,CAN_8B1DD3988F3696F3C38A,portal-smoke-control-panels,sitemap:PIARC,unknown,TIER_A,1.4,1.4.1;2.4;1.5.1;5.9.2,0.5225,TITLE_METADATA_ONLY,classification_status_not_allowed,https://tunnelsmanual.piarc.org/en/equipment-systems-emergency-services-response/portal-smoke-control-panels,
url:https://tunnelsmanual.piarc.org/en/operation-and-maintenance-operation/operation-complex-tunnels,CAN_7F64BDA0D3C9A74A6757,operation-complex-tunnels,sitemap:PIARC,unknown,TIER_A,5.9.2,5.9;1.4.1;1.4;2.4,0.6618,TITLE_METADATA_ONLY,classification_status_not_allowed,https://tunnelsmanual.piarc.org/en/operation-and-maintenance-operation/operation-complex-tunnels,
url:https://tunnelsmanual.piarc.org/en/safety-safety-measures/emergency-response,CAN_AA940160079EDB3F04E9,emergency-response,sitemap:PIARC,unknown,TIER_A,1.5,,0.85,TITLE_METADATA_ONLY,not_handoff_candidate,https://tunnelsmanual.piarc.org/en/safety-safety-measures/emergency-response,
url:https://tunnelsmanual.piarc.org/en/operation-and-maintenance-maintenance/winter-maintenance,CAN_03375C6D67C5B1091BD1,winter-maintenance,sitemap:PIARC,unknown,TIER_A,5.4,,0.9,TITLE_METADATA_ONLY,not_handoff_candidate,https://tunnelsmanual.piarc.org/en/operation-and-maintenance-maintenance/winter-maintenance,
url:https://tunnelsmanual.piarc.org/en/operation-and-maintenance-maintenance/civil-works,CAN_EAB0E5A6EED740DF110C,civil-works,sitemap:PIARC,unknown,TIER_A,5.9.2,,0.78,TITLE_METADATA_ONLY,not_handoff_candidate,https://tunnelsmanual.piarc.org/en/operation-and-maintenance-maintenance/civil-works,
url:https://tunnelsmanual.piarc.org/en/operation-and-maintenance-refurbishment-upgrading/general-planning,CAN_2E5DC1CB0B626EEA2C7C,general-planning,sitemap:PIARC,unknown,TIER_A,5.9.2,1.4.1;1.4;2.4;2.4.3,0.595,TITLE_METADATA_ONLY,classification_status_not_allowed,https://tunnelsmanual.piarc.org/en/operation-and-maintenance-refurbishment-upgrading/general-planning,
url:https://tunnelsmanual.piarc.org/en/operation-and-maintenance-refurbishment-upgrading/safety-issues,CAN_FE8E95E17E77B5B89764,safety-issues,sitemap:PIARC,unknown,TIER_A,5.9.2,1.4.1;1.4;1.5;1.5.1,0.5979,TITLE_METADATA_ONLY,classification_status_not_allowed,https://tunnelsmanual.piarc.org/en/operation-and-maintenance-refurbishment-upgrading/safety-issues,
url:https://tunnelsmanual.piarc.org/en/operation-and-maintenance-refurbishment-upgrading/environmental-questions,CAN_0FD086BB441071EAAAC3,environmental-questions,sitemap:PIARC,unknown,TIER_A,5.9.2,1.4.1;1.4;2.4;1.5.1,0.5867,TITLE_METADATA_ONLY,classification_status_not_allowed,https://tunnelsmanual.piarc.org/en/operation-and-maintenance-refurbishment-upgrading/environmental-questions,
url:https://tunnelsmanual.piarc.org/en/operation-and-maintenance-refurbishment-upgrading/construction-site-organization,CAN_A962BF52DD7750B0E38B,construction-site-organization,sitemap:PIARC,unknown,TIER_A,5.9.2,1.4.1;2.4;1.4;2.4.3,0.596,TITLE_METADATA_ONLY,classification_status_not_allowed,https://tunnelsmanual.piarc.org/en/operation-and-maintenance-refurbishment-upgrading/construction-site-organization,
url:https://tunnelsmanual.piarc.org/en/operation-and-maintenance-refurbishment-upgrading/traffic-management,CAN_1B530354C9B87C02FB35,traffic-management,sitemap:PIARC,unknown,TIER_A,1.4,,0.82,TITLE_METADATA_ONLY,not_handoff_candidate,https://tunnelsmanual.piarc.org/en/operation-and-maintenance-refurbishment-upgrading/traffic-management,
url:https://tunnelsmanual.piarc.org/en/operation-and-maintenance-environmental-issues/sustainable-energy-consumption,CAN_E11B3870252ABE9CDB39,sustainable-energy-consumption,sitemap:PIARC,unknown,TIER_A,5.7,,0.92,TITLE_METADATA_ONLY,not_handoff_candidate,https://tunnelsmanual.piarc.org/en/operation-and-maintenance-environmental-issues/sustainable-energy-consumption,
url:https://tunnelsmanual.piarc.org/en/safety-tools-safety-management/dg-transportrisk-assessment,CAN_71F969DE43054BBCAA82,dg-transportrisk-assessment,sitemap:PIARC,unknown,TIER_A,1.4,1.4.1;5.9.2;2.4;2.4.3,0.528,TITLE_METADATA_ONLY,classification_status_not_allowed,https://tunnelsmanual.piarc.org/en/safety-tools-safety-management/dg-transportrisk-assessment,
url:https://tunnelsmanual.piarc.org/en/safety-tools-safety-management/safety-documentation,CAN_D179C8331582FD72B9B7,safety-documentation,sitemap:PIARC,unknown,TIER_A,1.4,1.4.1;5.9.2;1.5;1.5.1,0.5293,TITLE_METADATA_ONLY,classification_status_not_allowed,https://tunnelsmanual.piarc.org/en/safety-tools-safety-management/safety-documentation,
url:https://tunnelsmanual.piarc.org/en/safety-tools-safety-management/emergency-exercises,CAN_096C799598906E13CF9F,emergency-exercises,sitemap:PIARC,unknown,TIER_A,1.5,1.4;1.4.1;5.9.2;1.5.1,0.5998,TITLE_METADATA_ONLY,classification_status_not_allowed,https://tunnelsmanual.piarc.org/en/safety-tools-safety-management/emergency-exercises,
url:https://tunnelsmanual.piarc.org/en/safety-tools-safety-management/training-emergency-services,CAN_AB55F5CF0DA9FC271ACD,training-emergency-services,sitemap:PIARC,unknown,TIER_A,1.5,1.4;1.4.1;5.9.2;1.5.1,0.5971,TITLE_METADATA_ONLY,classification_status_not_allowed,https://tunnelsmanual.piarc.org/en/safety-tools-safety-management/training-emergency-services,
url:https://tunnelsmanual.piarc.org/en/safety-safety-measures/safety-procedures,CAN_6652BC9745D47C6EA60E,safety-procedures,sitemap:PIARC,unknown,TIER_A,1.4,1.4.1;5.9.2;1.5;2.4,0.531,TITLE_METADATA_ONLY,classification_status_not_allowed,https://tunnelsmanual.piarc.org/en/safety-safety-measures/safety-procedures,
url:https://tunnelsmanual.piarc.org/en/safety-safety-measures/prevention,CAN_93255449BC2D46D635FD,prevention,sitemap:PIARC,unknown,TIER_A,1.5,,0.72,TITLE_METADATA_ONLY,not_handoff_candidate,https://tunnelsmanual.piarc.org/en/safety-safety-measures/prevention,
url:https://tunnelsmanual.piarc.org/en/safety-safety-measures/mitigation,CAN_52A6EFEFA2BF8BB903C0,mitigation,sitemap:PIARC,unknown,TIER_A,1.4,,0.75,TITLE_METADATA_ONLY,not_handoff_candidate,https://tunnelsmanual.piarc.org/en/safety-safety-measures/mitigation,
url:https://tunnelsmanual.piarc.org/en/safety-safety-measures/self-rescue,CAN_5A175C2EDBF544AA1169,self-rescue,sitemap:PIARC,unknown,TIER_A,1.4,1.4.1;1.5;5.9.2;1.5.1,0.5216,TITLE_METADATA_ONLY,classification_status_not_allowed,https://tunnelsmanual.piarc.org/en/safety-safety-measures/self-rescue,
url:https://tunnelsmanual.piarc.org/en/safety-safety-measures/measures-dg-transport,CAN_498B3B6AC0BC8726287F,measures-dg-transport,sitemap:PIARC,unknown,TIER_A,1.4,,0.75,TITLE_METADATA_ONLY,not_handoff_candidate,https://tunnelsmanual.piarc.org/en/safety-safety-measures/measures-dg-transport,
url:https://tunnelsmanual.piarc.org/en/safety-specific-hazards-tunnels/hazards-due-dg-transport,CAN_BAFEDBD4D3B4125B862F,hazards-due-dg-transport,sitemap:PIARC,unknown,TIER_A,1.5,,0.85,TITLE_METADATA_ONLY,not_handoff_candidate,https://tunnelsmanual.piarc.org/en/safety-specific-hazards-tunnels/hazards-due-dg-transport,
url:https://tunnelsmanual.piarc.org/en/safety-specific-hazards-tunnels/security-aspects,CAN_9151EA281F77E9F28155,security-aspects,sitemap:PIARC,unknown,TIER_A,1.4,1.4.1;5.9.2;2.4;1.5,0.5243,TITLE_METADATA_ONLY,classification_status_not_allowed,https://tunnelsmanual.piarc.org/en/safety-specific-hazards-tunnels/security-aspects,
url:https://about.ita-aites.org/publications/tunnelling-week,CAN_596DE9F7189AFFE5B2E1,Tunnelling week,institutional:ITA_AITES,institutional_webpage,TIER_A,2.2,1.4;1.4.1;2.4;1.3,0.3984,ABSTRACT,classification_status_not_allowed,https://about.ita-aites.org/publications/tunnelling-week,
url:https://about.ita-aites.org/publications/wg-publications/2616/guidelines-for-the-provision-of-refuge-chambers-in-tunnels-under-construction?tmpl=component,CAN_82D9AFD67AC6748190A9,Guidelines For The Provision Of Refuge Chambers In Tunnels Under Construction,institutional:ITA_AITES,guideline,TIER_A,1.4,,0.85,ABSTRACT,not_handoff_candidate,https://about.ita-aites.org/publications/wg-publications/2616/guidelines-for-the-provision-of-refuge-chambers-in-tunnels-under-construction?tmpl=component,
c019174b10b4a07d8a1fc66d4e2aba6e240380d35ea809e73bf2db5318f82270,CAN_74276944C9BCB93FAE04,Test après mise en production,rss_atom,news,TIER_A,1.4,1.4.1;5.9.2;2.4;2.4.3,0.5295,ABSTRACT,classification_status_not_allowed,https://tunnelsmanual.piarc.org/en/node/331,/Users/bulsahkecici/Projects/paper-crawler-agent/tunel_makaleleri/discovery_sources/web/Test_après_mise_en_production_0c481f4063/source.md
e37d72335b418273728bfef6205177f8e0a4f1f0e8a346a8160e566031225c98,CAN_8C4368AF6206F7C9FA92,Test Newsletter,rss_atom,news,TIER_A,1.4,1.4.1;5.9.2;2.4;1.5,0.5224,ABSTRACT,classification_status_not_allowed,https://tunnelsmanual.piarc.org/en/node/330,/Users/bulsahkecici/Projects/paper-crawler-agent/tunel_makaleleri/discovery_sources/web/Test_Newsletter_57ad8431f8/source.md
10.1680/itt.15128.0025,CAN_F602D88AB2435C338EFC,23. The design and construction of steel immersed tube tunnels: an American technology,crossref_books,book_chapter,TIER_D,2.2,1.4.1;5.9.2;2.4;1.4,0.6079,TITLE_METADATA_ONLY,classification_status_not_allowed,https://doi.org/10.1680/itt.15128.0025,
url:https://openlibrary.org/works/OL32742234W,CAN_2656D902EFCE8938EDF8,Geotechnical and Structural Engineering Congress 2016,openlibrary,book,TIER_D,1.4.1,1.4;2.4;2.4.1;2.4.1.1,0.3649,TITLE_METADATA_ONLY,classification_status_not_allowed,https://openlibrary.org/works/OL32742234W,
url:https://archive.org/details/geochallengesris0000bien,CAN_255F98D7331943BD0AEC,"GeoChallenges : rising to the geotechnical challenges of Colorado : proceedings of the 2012 Biennial Geotechnical Seminar, November 9, 2012, Denver, Colorado",internet_archive,book,TIER_D,2.4,2.4.1;1.4;1.4.1;2.4.1.1,0.3672,TITLE_METADATA_ONLY,classification_status_not_allowed,https://archive.org/details/geochallengesris0000bien,
url:https://archive.org/details/DTIC_ADA107890,CAN_4D73A3E2893AE4B7EF1B,DTIC ADA107890: Tunnel Cost-Estimating Methods.,internet_archive,book,TIER_D,1.4,6.2;6.2.2;1.4.1;6.1,0.376,TITLE_METADATA_ONLY,classification_status_not_allowed,https://archive.org/details/DTIC_ADA107890,
url:https://archive.org/details/IJSET2015513httpijset.comijsetpublicationv4s4IJSET_2015_513.pdf,CAN_68711A07C87DE26FCC9C,"IJSET 2015 513Tehran Subway Tunnel Settlement Analysis by Using Analytical, Experimental and Numerical Methods (Case Study: Station of Imam Ali University)",internet_archive,book,TIER_D,1.4,5.9.2;5.9.1;2.4;2.4.1.1,0.3824,TITLE_METADATA_ONLY,classification_status_not_allowed,https://archive.org/details/IJSET2015513httpijset.comijsetpublicationv4s4IJSET_2015_513.pdf,
10.1016/b978-0-443-40427-6.00004-8,CAN_EE7BBC4E389D7BEC3ECA,PIARC road safety evaluation based on Human Factors method,crossref_books,book_chapter,TIER_D,1.4,1.4.1;5.9.2;1.5;1.5.1,0.3692,TITLE_METADATA_ONLY,classification_status_not_allowed,https://doi.org/10.1016/b978-0-443-40427-6.00004-8,
10.1680/hotfs.31685.0008,CAN_FE330CA6B00C53300637,8. Use of tunnel ventilation for fire safety,crossref_books,book_chapter,TIER_D,1.4,1.5;1.5.1;5.9;5.9.2,0.3732,TITLE_METADATA_ONLY,classification_status_not_allowed,https://doi.org/10.1680/hotfs.31685.0008,
10.1680/htfs.41530.177,CAN_C12637C6FD7F348196AC,The use of tunnel ventilation for fire safety,crossref_books,book_chapter,TIER_D,1.5,1.5.1;1.4;5.9.2;5.9,0.3758,TITLE_METADATA_ONLY,classification_status_not_allowed,https://doi.org/10.1680/htfs.41530.177,
10.37609/akya.1991,CAN_70EC8CC2D8118D47385F,Kurumsal Yönetim ve Sermaye Maliyeti,crossref_books,book,TIER_D,4,2.4.3;5.9.1;6.2.1;1.4.2,0.369,TITLE_METADATA_ONLY,classification_status_not_allowed,https://doi.org/10.37609/akya.1991,
10.3390/en14020488,CAN_88D6F0A9233ECA896D59,Design and Prototyping of Efficient LED Counter Beam Light with Free-Formed Surface for Meeting International Tunnel Lighting Standards,doaj,journal_article,TIER_B,5.7,5.4.2;5.7.2;2.4;1.4,0.615,ABSTRACT,classification_status_not_allowed,https://www.mdpi.com/1996-1073/14/2/488,
10.54517/vfc.v4i1.2612,CAN_9B2BF221B7B997D2122E,Construction Technology of Tunnel Consolidation Excavation in Water-rich Soft and Broken Rock Formations,crossref,journal_article,TIER_B,5.4.1,2.4;5.5.2.1;1.4;2.4.1.1,0.3942,ABSTRACT,classification_status_not_allowed,https://doi.org/10.54517/vfc.v4i1.2612,
10.1016/j.aap.2012.01.025,CAN_B61CAE995788F10D70E8,Estimation of rear-end vehicle crash frequencies in urban road tunnels,openalex,journal_article,TIER_B,1.5,1.4.1;1.4;1.5.1;1.5.2,0.6694,ABSTRACT,classification_status_not_allowed,http://hdl.handle.net/10072/47097,/Users/bulsahkecici/Projects/paper-crawler-agent/tunel_makaleleri/discovery_sources/pdfs/2012_Estimation_of_rear-end_vehicle_crash_frequencies_in_urban_road_tunnels.pdf
10.29227/im-2016-02-08,CAN_C45BF41495CC91550F82,Tenders and Cost Structure Tunnel Construction on the Stretch of Road S7 Naprawa–Skomielna Biała,crossref,journal_article,TIER_B,2.4,5.9.2;1.4;6.2;1.2,0.3875,ABSTRACT,classification_status_not_allowed,https://doi.org/10.29227/im-2016-02-08,
10.3303/CET1331059,CAN_701ABC5C0163F3D7F3D4,Enhancing Road Tunnel Risk Assessment with a Fuzzy System Based on the CREAM Methodology,doaj,journal_article,TIER_B,2.4.2.1,1.4;1.5;1.5.1;5.7,0.6716,ABSTRACT,classification_status_not_allowed,https://www.cetjournal.it/index.php/cet/article/view/6838,
10.1080/10962247.2012.699016,CAN_77A48349BA6F207C869E,"Comparison of the MOVES2010a, MOBILE6.2, and EMFAC2007 mobile source emission models with on-road traffic tunnel and remote sensing measurements",openalex,journal_article,TIER_B,5.7,5.7.2;1.4;5.4.2;1.4.1,0.3773,ABSTRACT,classification_status_not_allowed,https://doi.org/10.1080/10962247.2012.699016,
10.4209/aaqr.2018.04.0131,CAN_AA8E4FB698C73F453F69,"Chemical Composition of Particulate Matter from Traffic Emissions in a Road Tunnel in Xi’an, China",openalex,journal_article,TIER_B,1.4.1,1.4;5.7;1.5.1;2.4,0.6656,ABSTRACT,classification_status_not_allowed,https://doi.org/10.4209/aaqr.2018.04.0131,
10.1371/journal.pone.0237408,CAN_8D979957B704AFC23797,Crash analysis of mountainous freeways with high bridge and tunnel ratios using road scenario-based discretization.,doaj,journal_article,TIER_B,2.4.2.1,1.4;1.5;1.4.1;2.4,0.538,ABSTRACT,classification_status_not_allowed,https://doi.org/10.1371/journal.pone.0237408,
10.4314/jasem.v12i1.55590,CAN_7900A108A6CF2BAE933A,Determination of vehicular pollution in the road tunnel of Vana (Haraz Road) in the North of Iran,doaj,journal_article,TIER_B,1.4.1,1.4;5.7;5.7.2;2.4,0.6188,ABSTRACT,classification_status_not_allowed,https://www.ajol.info/index.php/jasem/article/view/55590,
10.3390/en11030590,CAN_7B044799B22784444F35,Study on Hot Gases Flow in Case of Fire in a Road Tunnel,doaj,journal_article,TIER_B,1.5.1,1.5;1.4;5.7.2;5.7,0.3919,ABSTRACT,classification_status_not_allowed,http://www.mdpi.com/1996-1073/11/3/590,
10.3846/jcem.2019.8566,CAN_E4BAB692880388A0B82B,WHY CONFLICTS OCCUR IN ROADS AND TUNNELS PROJECTS IN NORWAY,openalex,journal_article,TIER_B,2.4,1.4;2.3;1.4.1;6.2,0.3771,ABSTRACT,classification_status_not_allowed,https://doi.org/10.3846/jcem.2019.8566,/Users/bulsahkecici/Projects/paper-crawler-agent/tunel_makaleleri/discovery_sources/pdfs/2019_WHY_CONFLICTS_OCCUR_IN_ROADS_AND_TUNNELS_PROJECTS_IN_NORWAY.pdf
10.2196/58542,CAN_AE27AC02390362477552,Ambulance Commanders' Reluctance to Enter Road Tunnels in Simulated Incidents and the Effects of a Tunnel-Specific e-Learning Course on Decision-Making: Web-Based Randomized Controlled Trial.,europe_pmc,journal_article,TIER_B,1.4.1,2.4.2.1;1.4;1.5.1;1.5,0.604,ABSTRACT,classification_status_not_allowed,https://europepmc.org/articles/PMC11992495,
10.1002/suco.70397,CAN_CC899B5F295286C81732,Experimental study on grouting repair of tunnel lining concrete with non‐through cracks and its safety variation patterns,crossref,journal_article,TIER_B,5.4.1,1.4;2.4;5.5.2.1;2.2,0.7161,ABSTRACT,classification_status_not_allowed,https://doi.org/10.1002/suco.70397,
10.26689/jwa.v8i5.8740,CAN_5AD7C112C41FBFA82E27,Discussion on Structural Health Monitoring of Urban Underground Road Tunnel,crossref,journal_article,TIER_B,2.4.1.3,1.4.1;1.4;5.9.2;5.4.1,0.6793,ABSTRACT,classification_status_not_allowed,https://doi.org/10.26689/jwa.v8i5.8740,
10.1016/j.undsp.2023.05.011,CAN_4978FAEABEAD40E38228,Investigation of cracking mechanism of the first tunnel lining during double-arch tunnel construction,openalex,journal_article,TIER_B,5.4.1,2.4;5.5.2.1;2.4.1.1;1.4,0.6343,ABSTRACT,classification_status_not_allowed,https://doi.org/10.1016/j.undsp.2023.05.011,
10.52340/gs.02.20.265,CAN_40ACBC85943D595713CD,TO THE MATTER OF MODERNIZATION OF VENTILATION SYSTEM OF THE RIKOTI ROAD-TRANSPORT TUNNEL,crossref,journal_article,TIER_B,5.4.2,5.7.2;1.5.1;1.5;1.3,0.6221,ABSTRACT,classification_status_not_allowed,https://doi.org/10.52340/gs.02.20.265,/Users/bulsahkecici/Projects/paper-crawler-agent/tunel_makaleleri/discovery_sources/web/TO_THE_MATTER_OF_MODERNIZATION_OF_VENTILATION_SYSTEM_OF_THE_RIKOTI_ROAD-TRANSPORT_TUNNEL_7676851643/source.md
10.1007/s12351-009-0061-7,CAN_4479530421C2DE75D8B7,Road tunnels construction cost estimation: a structural equation model development and comparison,openalex,journal_article,TIER_B,6.2,1.4.1;6.2.2;6.1;6,0.7201,TITLE_METADATA_ONLY,classification_status_not_allowed,http://doi.org/10.1007/s12351-009-0061-7,
10.1007/s12517-021-07359-x,CAN_9BE19B1300DA5447C02A,Early cost estimation models based on multiple regression analysis for road and railway tunnel projects,crossref,journal_article,TIER_B,6.2,6.2.2;6.1;6;5.7.1,0.6206,TITLE_METADATA_ONLY,classification_status_not_allowed,https://doi.org/10.1007/s12517-021-07359-x,
10.1016/j.tust.2010.11.008,CAN_47362E793705D0021BF5,Identification and analysis of Swiss National Road tunnels pathologies,openalex,journal_article,TIER_B,1.4.1,1.4;5.9.2;1.5.1;2.4,0.6144,TITLE_METADATA_ONLY,classification_status_not_allowed,https://infoscience.epfl.ch/handle/20.500.14299/62509,
10.1016/j.chemosphere.2015.03.065,CAN_B58891726FFB501FFCB1,"Particulate matter, gaseous and particulate polycyclic aromatic hydrocarbons (PAHs) in an urban traffic tunnel of China: Emission from on-road vehicles and gas-particle partitioning",openalex,journal_article,TIER_B,1.4.1,1.4;5.9.2;1.5;5.7.2,0.3806,TITLE_METADATA_ONLY,classification_status_not_allowed,https://digitalcommons.uri.edu/gsofacpubs/1790,
10.1016/j.tust.2007.10.001,CAN_637982C7892ABEB65C94,Numerical 3D simulation of a longitudinal ventilation system: Memorial Tunnel case,openalex,journal_article,TIER_B,2.4,1.4;2.2;1.4.1;5.7.2,0.3779,TITLE_METADATA_ONLY,classification_status_not_allowed,https://doi.org/10.1016/j.tust.2007.10.001,
10.1186/1476-069x-7-46,CAN_A6E68D194CC6CF59DC4D,Investigating health effects in a community surrounding a road tunnel stack – a cross sectional study,crossref,journal_article,TIER_B,1.4.1,2.4;1.4;5.9.2;1.5,0.6022,TITLE_METADATA_ONLY,classification_status_not_allowed,https://doi.org/10.1186/1476-069x-7-46,
10.47939/et.v3i3(05).40,CAN_C26C6A2CD2ECE60B99A4,"Difficulties and Maintenance Techniques in Road, Bridge and Tunnel Construction",crossref,journal_article,TIER_B,5.9.2,5.9;1.4;2.4;1.4.1,0.6199,TITLE_METADATA_ONLY,classification_status_not_allowed,https://doi.org/10.47939/et.v3i3(05).40,
10.1016/s0886-7798(02)00018-4,CAN_EB1F7AE8A68F1705546E,Safety aspects of railway and road tunnel: example of the Lötschberg railway tunnel and Mont-Blanc road tunnel,crossref,journal_article,TIER_B,1.4.1,1.4;1.5.1;1.5;5.9.2,0.6159,TITLE_METADATA_ONLY,classification_status_not_allowed,https://doi.org/10.1016/s0886-7798(02)00018-4,
10.1080/0144619032000089616,CAN_C6A85876A0E52C7A195E,A risk‐based maintenance management model for toll road/tunnel operations,crossref,journal_article,TIER_B,5.9.2,5.9;5.7.1;1.4;5.4.1,0.7123,TITLE_METADATA_ONLY,classification_status_not_allowed,https://doi.org/10.1080/0144619032000089616,
10.1111/acv.12105,CAN_156A8CA82EA433044379,Usage rates of an under-road tunnel by three Australian frog species: implications for road mitigation,crossref,journal_article,TIER_B,1.4.1,1.4;5.9.2;5.9;2.4,0.6067,TITLE_METADATA_ONLY,classification_status_not_allowed,https://doi.org/10.1111/acv.12105,
10.1016/j.tust.2025.106624,CAN_292F6D585AF8B0231680,Exploring the true cost of infrastructure transit projects: Road vs Tunnel alternatives,crossref,journal_article,TIER_B,6.2,6.2.2;1.4.1;2.4;1.4,0.3824,TITLE_METADATA_ONLY,classification_status_not_allowed,https://doi.org/10.1016/j.tust.2025.106624,
10.1016/j.proeng.2015.07.067,CAN_8400E18B6683898E6F6F,Road Tunnel Operation and Simulation,crossref,journal_article,TIER_B,1.4.1,1.4;2.4;5.9.2;5.9,0.6135,TITLE_METADATA_ONLY,classification_status_not_allowed,https://doi.org/10.1016/j.proeng.2015.07.067,
10.47939/et.v2i12.57,CAN_4F41D2528B6FF6F1BEF6,"Construction Technology of Road, Bridge and Tunnel Engineering",crossref,journal_article,TIER_B,1.4.1,5.9.2;1.4;2.4;2.4.1,0.3792,TITLE_METADATA_ONLY,classification_status_not_allowed,https://doi.org/10.47939/et.v2i12.57,
10.12652/ksce.2014.34.6.1937,CAN_2CCE35B796C0DCAF4BAB,A Study on the Mechanized Construction for Common Ducts in a Road Tunnel,crossref,journal_article,TIER_B,1.4.1,5.9.2;1.4;2.4;5.9,0.6147,TITLE_METADATA_ONLY,classification_status_not_allowed,https://doi.org/10.12652/ksce.2014.34.6.1937,
10.1016/s1352-2310(97)00339-7,CAN_7CC784E9598AE475107A,"Emission factors from road traffic from a tunnel study (Gubrist tunnel, Switzerland). Part III",crossref,journal_article,TIER_B,1.4,1.4.1;2.4;5.7;1.5.1,0.3789,TITLE_METADATA_ONLY,classification_status_not_allowed,https://doi.org/10.1016/s1352-2310(97)00339-7,
10.35933/paliva.2018.02.02,CAN_3DFE2AF8A8F02F0C9664,Comparison of NOx emissions calculated using road traffic emission model (MEFA) with emissions derived from tunnel measurements in Czech Republic,crossref,journal_article,TIER_B,1.4,2.4;5.7.2;5.7;1.4.1,0.3727,TITLE_METADATA_ONLY,classification_status_not_allowed,https://doi.org/10.35933/paliva.2018.02.02,
10.1016/s1352-2310(98)00377-x,CAN_B4BE90FD5C6F01BE4861,"Comparison of emission factors for road traffic from a tunnel study (Gubrist tunnel, Switzerland) and from emission modeling",crossref,journal_article,TIER_B,1.4,5.7;1.4.1;5.7.2;5.9.2,0.3809,TITLE_METADATA_ONLY,classification_status_not_allowed,https://doi.org/10.1016/s1352-2310(98)00377-x,
10.1299/jsmemecj.2018.s0540401,CAN_D93117AD7A523D033941,Transient pressure distribution in a road tunnel with a macro traffic model involved,crossref,journal_article,TIER_B,1.4.1,1.4;5.9.2;2.4;5.9,0.6135,TITLE_METADATA_ONLY,classification_status_not_allowed,https://doi.org/10.1299/jsmemecj.2018.s0540401,
10.37155/2972-483x-0303-5,CAN_15DD4EA45F7ED659AD94,Causes of Cracks in Tunnel Secondary Lining and Application of High-Performance Repair Materials,crossref,journal_article,TIER_B,5.4.1,1.4;5.9.2;5.9;5.5.2.1,0.7136,TITLE_METADATA_ONLY,classification_status_not_allowed,https://doi.org/10.37155/2972-483x-0303-5,
10.2208/jscejusr.77.1_26,CAN_B73A5207AC9B270A4EA7,PRECISION IMPROVES FOR GRASP TO CHANGE OF THE TUNNEL LINING OF THE ROAD TUNNEL,crossref,journal_article,TIER_B,1.4.1,1.4;2.4;5.9.2;5.9,0.6151,TITLE_METADATA_ONLY,classification_status_not_allowed,https://doi.org/10.2208/jscejusr.77.1_26,
url:https://ror.org/04ttnw109,CAN_B442DA03A930EC3FFD45,Konut Projelerindeki Tünel Kalıp Teknolojisinin Maliyet Açısından Geleneksel Yöntemlerle Karşılaştırılması,openaire,journal_article,TIER_B,2.4.3,5.9.1;3;6.2.1;1.4.2,0.3749,TITLE_METADATA_ONLY,classification_status_not_allowed,https://ror.org/04ttnw109,
10.1038/s41467-026-71221-5,CAN_A3937B3810F76C1D8C64,Bulk electrical power extraction through tunnel transmission technology from renewable energy concentrated zones.,europe_pmc,journal_article,TIER_B,5.7,5.4.2;5.7.2;2.4;1.4,0.6709,ABSTRACT,classification_status_not_allowed,https://europepmc.org/articles/PMC13216521,
10.47072/demiryolu.1018008,CAN_F3C76C5A6491B27BFB3F,Dünyadaki Son Gelişmeler Çerçevesinde Yüksek Hızlı Demiryolu Tünel Tasarımı ve Türkiye’deki Durum,openalex,journal_article,TIER_B,1.4.2,3;1.5.2;5.9.1;5.8,0.3856,ABSTRACT,classification_status_not_allowed,https://doi.org/10.47072/demiryolu.1018008,
10.3390/en12173309,CAN_8CE3BDDD58BFB489DC2C,Cost Allocation Mechanism Design for Urban Utility Tunnel Construction Based on Cooperative Game and Resource Dependence Theory,openalex,journal_article,TIER_B,5.7.2,5.7;2.4;6.2;5.5.2.1,0.394,ABSTRACT,classification_status_not_allowed,https://doi.org/10.3390/en12173309,
10.1007/s10706-023-02627-x,CAN_085FAE6F6C4DC45ECE6D,Models to Analyze Risk in Time and Cost Estimation of Tunneling Projects,openalex,journal_article,TIER_B,6.2,2.3;6;6.2.2;6.1,0.6217,ABSTRACT,classification_status_not_allowed,https://doi.org/10.1007/s10706-023-02627-x,
10.3390/app15105392,CAN_19138C3CD32984A50024,Design and Implementation of a Vehicular Visible Light Communication System Using LED Lamps for Driving Dynamics Data Exchange in Tunnels,doaj,journal_article,TIER_B,2.4,5.7.2;5.4.2;1.4;1.4.1,0.5377,ABSTRACT,classification_status_not_allowed,https://www.mdpi.com/2076-3417/15/10/5392,
10.1016/j.jrmge.2024.05.026,CAN_D8738F94AA7F13F91BC0,Estimation of foam (surfactant) consumption in earth pressure balance tunnel boring machine using statistical and soft-computing methods,doaj,journal_article,TIER_B,2.2,5.7;5.7.1;2.4.1;2.4.1.1,0.6096,ABSTRACT,classification_status_not_allowed,http://www.sciencedirect.com/science/article/pii/S1674775524003159,
10.1038/s41598-025-21308-8,CAN_2C6768F2DC76F6994C49,Attention-based multi-agent reinforcement learning for traffic flow stability in mountainous tunnel entrances.,europe_pmc,journal_article,TIER_B,1.4,2.4.2.1;2.4;5.7.1;5.7.2,0.3817,ABSTRACT,classification_status_not_allowed,https://europepmc.org/articles/PMC12552467,
10.1016/j.eats.2025.103722,CAN_5938BDE89D106A2E800F,Dual-Tunnel Pullout Repair for the Extruded Medial Meniscus in Patients With Posterior Root Tear,doaj,journal_article,TIER_B,5.4.1,5.5.2.1;1.4;5.9;2.4,0.5922,ABSTRACT,classification_status_not_allowed,http://www.sciencedirect.com/science/article/pii/S2212628725002919,
10.1038/s41598-025-21318-6,CAN_F7D4D58DCD044F130A64,Simulation analysis of traffic flow stability for intelligent connected vehicles at mountain tunnel entrances considering nonlinear coupling effects.,europe_pmc,journal_article,TIER_B,2.4.2.1,1.4;2.4;5.7.1;5.7.2,0.6179,ABSTRACT,classification_status_not_allowed,https://europepmc.org/articles/PMC12552686,
10.1016/j.jrmge.2024.01.008,CAN_08B6AAC2A3F970EE85FD,Distributed fiber optic sensors for tunnel monitoring: A state-of-the-art review,openalex,journal_article,TIER_B,2.4.1.2,5.4.1;2.4.1.1;2.4.1.3;2.4.1,0.6692,ABSTRACT,classification_status_not_allowed,https://doi.org/10.1016/j.jrmge.2024.01.008,
10.1155/2015/706536,CAN_7712FA021D43499934A1,New Technology and Experimental Study on Snow-Melting Heated Pavement System in Tunnel Portal,doaj,journal_article,TIER_B,2.4,1.4;5.4.2;5.7.2;5.7,0.3863,ABSTRACT,classification_status_not_allowed,http://dx.doi.org/10.1155/2015/706536,
10.3390/data8060104,CAN_53BCF60FDB9D090AF7FB,Comparison of ARIMA and LSTM in Predicting Structural Deformation of Tunnels during Operation Period,doaj,journal_article,TIER_B,5.9.2,5.9;5.7.1;1.4;5.4.1,0.6587,ABSTRACT,classification_status_not_allowed,https://www.mdpi.com/2306-5729/8/6/104,
10.1155/2016/9524206,CAN_4ADE943A14EE15E6683E,Vibration Response Characteristics of the Cross Tunnel Structure,openalex,journal_article,TIER_B,2.1.2,1.4;2.4;5.4.1;5.7,0.5345,ABSTRACT,classification_status_not_allowed,https://doi.org/10.1155/2016/9524206,
10.1080/15623599.2015.1067345,CAN_75DB9570088AD03905A0,Estimating cost for transportation tunnel projects: a systematic literature review,crossref,journal_article,TIER_B,5.9.2,6.2;6.2.2;6.2.1;6.1,0.6174,TITLE_METADATA_ONLY,classification_status_not_allowed,https://doi.org/10.1080/15623599.2015.1067345,
10.54097/hset.v35i.7042,CAN_C7E44CB43217C9F3D219,Research on Combination Optimization Method of Equipment Maintenance Task Package based on Maintenance Cost Analysis,crossref,journal_article,TIER_B,5,5.7.1;5.5.2.2;5.4.2;5.5.2,0.7054,ABSTRACT,classification_status_not_allowed,https://doi.org/10.54097/hset.v35i.7042,
10.3390/electronics11091413,CAN_0DF08B6FDED61DC70DEE,A Novel Method for Tunnel Digital Twin Construction and Virtual-Real Fusion Application,openalex,journal_article,TIER_B,2.4,1.4;2.4.1.2;2.2;5.4.2,0.3895,ABSTRACT,classification_status_not_allowed,https://doi.org/10.3390/electronics11091413,
10.1093/annweh/wxag017,CAN_AEF6627657CC43C84A20,Analysis of the practical effectiveness of respiratory protection programs in preventing over-exposure to respirable crystalline silica in tunnel construction.,europe_pmc,journal_article,TIER_B,1.4,5.4.1;2.4;1.5.1;5.7,0.3876,ABSTRACT,classification_status_not_allowed,https://europepmc.org/articles/PMC13036376,
10.1016/j.firesaf.2005.02.004,CAN_CE1052883260588286C4,Definition and experimental evaluation of the smoke “confinement velocity” in tunnel fires,crossref,journal_article,TIER_B,1.5,1.4;1.5.1;5.9;5.9.2,0.7325,TITLE_METADATA_ONLY,classification_status_not_allowed,https://doi.org/10.1016/j.firesaf.2005.02.004,
10.3390/s26092596,CAN_99043939C1BDD8BE78A9,Application of Improved Genetic Algorithm Based on Voronoi Partitioning in Pseudolite Deployment for Tunnel Positioning Systems.,europe_pmc,journal_article,TIER_B,2.4.2.1,5.7.1;2.4.2;2.4;1.4,0.6178,ABSTRACT,classification_status_not_allowed,https://europepmc.org/articles/PMC13165580,
10.31200/makuubd.508625,CAN_E8206034A779EF796389,Yol Geometrik Standartlarının Karayolu İşletme Maliyetleri Üzerindeki Etkisinin İncelenmesi,openalex,journal_article,TIER_B,2.4.3,5.8;3;1.4.2;6.2.1,0.386,ABSTRACT,classification_status_not_allowed,https://doi.org/10.31200/makuubd.508625,
10.1038/s41598-025-34607-x,CAN_B3AD61217800360AEF8B,Scenario analysis of HAZMAT transportation road traffic crashs on China's highways based on AcciNet-RFs.,europe_pmc,journal_article,TIER_B,1.5,1.5.1;1.5.2;1.4;1.4.1,0.386,ABSTRACT,classification_status_not_allowed,https://europepmc.org/articles/PMC12953883,
10.31198/idealkent.1064323,CAN_3285A0EF9F9DE0831E64,Kent İçi Toplu Ulaşımın Operasyon ve Bakım Uygulamalarında Yeni Model Arayışları,openalex,journal_article,TIER_B,2.4.3,5.8;5.9.1;1.4.2;3,0.3852,ABSTRACT,classification_status_not_allowed,https://doi.org/10.31198/idealkent.1064323,
10.3390/app142411791,CAN_7F9379A4D32997E8D653,Optimization Design Study of Pipe Curtain Freezing Scheme for Sanya Estuary Submarine Channel,doaj,journal_article,TIER_B,2.4,2.2;2.2.3;5.4.1;5.7.2,0.3851,ABSTRACT,classification_status_not_allowed,https://www.mdpi.com/2076-3417/14/24/11791,
url:https://arxiv.org/pdf/2205.04164v1,CAN_25805B811B462E67142E,Robotic Maintenance of Road Infrastructures: The HERON Project,arxiv,journal_article,TIER_B,5.9.2,5.4;5.7.1;2.4;1.4.1,0.6178,ABSTRACT,classification_status_not_allowed,https://arxiv.org/abs/2205.04164v1,
10.24411/2310-2144-2014-00009,CAN_E6637C13BC9E0372369C,Astronomical features of Ural megalithic monuments orientation,doaj,journal_article,TIER_B,1.3,2.4;2.4.2;2.4.2.1;1.3.1,0.3842,ABSTRACT,classification_status_not_allowed,https://aaatec.org/documents/article/vv1.pdf,
10.31590/ejosat.1213814,CAN_0DCFFEFCAD2D602DD5B8,Uçak Bakım-Onarım Hangarlarında İş Sağlığı ve Güvenliği Uygulamaları ve Etkileri,crossref,journal_article,TIER_B,5.9.1,1.5.2;5.8;3;2.4.3,0.384,ABSTRACT,classification_status_not_allowed,https://doi.org/10.31590/ejosat.1213814,
10.33720/kisgd.622008,CAN_8D38DAF6774A69AFDBDA,Türkiye İnşaat Sektöründe İstihdam ve İş Kazalarının Analizi,openalex,journal_article,TIER_B,5.9.1,5.8;1.5.2;6.2.1;1.4.2,0.384,ABSTRACT,classification_status_not_allowed,https://doi.org/10.33720/kisgd.622008,
10.1371/journal.pone.0345953,CAN_C9138D603269E57109A5,A new criterion for defining tunnel portal failure using the strength reduction method.,europe_pmc,journal_article,TIER_B,5.7,2.4;5.4.1;1.4;5.7.1,0.5364,ABSTRACT,classification_status_not_allowed,https://europepmc.org/articles/PMC13065067,
10.21273/horttech.20.3.639,CAN_334A253E451B8680D6BE,Management Practices of Growers Using High Tunnels in the Central Great Plains of the United States,openalex,journal_article,TIER_B,1.4,1.3;2.4;1.2;2.2,0.3833,ABSTRACT,classification_status_not_allowed,https://doi.org/10.21273/horttech.20.3.639,
10.47072/demiryolu.803452,CAN_4B0C015DFE22DC4EF7E2,Yeni Nesil Demiryolu Traversleri ve Yerli FRP Donatı Kullanımının Deneysel Araştırması,openalex,journal_article,TIER_B,5.9.1,3;1.4.2;1.5.2;5.8,0.539,ABSTRACT,classification_status_not_allowed,https://doi.org/10.47072/demiryolu.803452,
10.1016/j.tust.2014.05.007,CAN_A7E7B6BEA564E575D2D4,"Introduction of an empirical TBM cutter wear prediction model for pyroclastic and mafic igneous rocks; a case history of Karaj water conveyance tunnel, Iran",openalex,journal_article,TIER_B,1.4,2.2.1;5.9.1;2.4.1;2.4,0.383,TITLE_METADATA_ONLY,classification_status_not_allowed,http://infoscience.epfl.ch/record/203138,
10.47542/sauied.1303768,CAN_71D2176434D7B8DEA2EC,Koruyucu sağlık bakım davranışlarının belirleyicileri üzerine bir araştırma,crossref,journal_article,TIER_B,3,5.9.1;1.4.2;5.8;1.5.2,0.3828,ABSTRACT,classification_status_not_allowed,https://doi.org/10.47542/sauied.1303768,
url:https://arxiv.org/pdf/2607.04882v1,CAN_5A8EB7D7BEA90970362B,Unsupervised Detection of Underground Tunnels in Ground-Penetrating Radar Using Depth-Restricted Reconstruction Scoring,arxiv,journal_article,TIER_B,2.4.1.2,2.4.1.1;2.4.1;1.2;2.2,0.5404,ABSTRACT,classification_status_not_allowed,https://arxiv.org/abs/2607.04882v1,
10.1021/acsomega.4c04064,CAN_54A2EEB4BB5C284E9687,Strategy and Methods for Carbon Emission Mitigation during Construction of Rail Transit.,europe_pmc,journal_article,TIER_B,5.7,5.7.2;2.4;5.7.1;1.4,0.5391,ABSTRACT,classification_status_not_allowed,https://europepmc.org/articles/PMC11325501,
10.48146/odusobiad.1001564,CAN_F9D0649F5C73EA24E951,Örgütsel Başarısızlık: İşletme Fonksiyonları Açısından Bir Değerlendirme,openalex,journal_article,TIER_B,5.8,1.5.2;5.9.1;2.4.3;3,0.3816,ABSTRACT,classification_status_not_allowed,https://doi.org/10.48146/odusobiad.1001564,
10.12989/smm.2015.2.3.199,CAN_6E4C5FDDAD4BCE8667DA,Condition monitoring and rating of bridge components in a rail or road network by using SHM systems within SRP,crossref,journal_article,TIER_B,2.4.1.3,5.4;5.4.1;5.9.2;1.4,0.6129,TITLE_METADATA_ONLY,classification_status_not_allowed,https://doi.org/10.12989/smm.2015.2.3.199,
10.14704/nq.2018.16.5.1242,CAN_83DEE7FD7FA09963047E,Effects of Tunnel Environment on Speed Cognitive Skills in Drivers,crossref,journal_article,TIER_B,1.4,1.4.1;5.9.2;2.4;5.9,0.3813,TITLE_METADATA_ONLY,classification_status_not_allowed,https://doi.org/10.14704/nq.2018.16.5.1242,
10.31451/ejatd.1517570,CAN_98789D0943B621529CF8,"""Kurban"" Olgusunun Terminolojik Çerçevesi, Tanımı ve Tasnifi",crossref,journal_article,TIER_B,3,1.5.2;1.4.2;2.4.3;5.8,0.3812,ABSTRACT,classification_status_not_allowed,https://doi.org/10.31451/ejatd.1517570,
10.1016/j.tust.2004.01.016,CAN_0B6251697DA9DF5D5A6C,Reality-based training for fire brigades in tunnels - first experience report,crossref,journal_article,TIER_B,1.4,1.5;2.2;1.5.1;1.4.1,0.3811,TITLE_METADATA_ONLY,classification_status_not_allowed,https://doi.org/10.1016/j.tust.2004.01.016,
10.2175/193864718825137278,CAN_627F376ADD91638BCFAB,"Operation and Maintenance Requirements for a Large Diameter, Deep CSO Tunnel System",crossref,journal_article,TIER_B,5.9.2,5.9;5.4.1;1.4;2.2,0.7035,TITLE_METADATA_ONLY,classification_status_not_allowed,https://doi.org/10.2175/193864718825137278,
url:https://dergipark.org.tr/tr/pub/dased/issue/31671/321587,CAN_5EF9CD5A79F5C4872AF7,Elektronik Spor Kariyeri ve Eğitim,openalex,journal_article,TIER_B,5.8,2.4.3;3;1.5.2;1.4.2,0.3807,ABSTRACT,classification_status_not_allowed,https://dergipark.org.tr/tr/pub/dased/issue/31671/321587,
10.1016/j.tust.2019.03.026,CAN_10B034C643B5CC0130B5,Construction process for the implementation of urban utility tunnels in historic centres,openalex,journal_article,TIER_B,1.4,2.4;5.9.2;1.4.1;1.3,0.3803,TITLE_METADATA_ONLY,classification_status_not_allowed,https://hdl.handle.net/2454/47210,
10.1016/j.tust.2012.08.007,CAN_04DB57D8B912987CFC91,Assessing governance issues of urban utility tunnels,openalex,journal_article,TIER_B,1.4,1.4.1;5.9.2;5.9;2.4,0.3802,TITLE_METADATA_ONLY,classification_status_not_allowed,https://doi.org/10.1016/j.tust.2012.08.007,
10.31202/ecjse.331656,CAN_1E5DCF83325528EDE873,Balastsız Üstyapılarda Ondülasyon Bakım Maliyetinin Üstyapı Bakım Maliyeti İçindeki Oranının Örnek Hatta İncelenmesi,openalex,journal_article,TIER_B,3,5.9.1;2.4.3;5.8;1.5.2,0.3802,ABSTRACT,classification_status_not_allowed,https://doi.org/10.31202/ecjse.331656,
10.1155/2021/8833058,CAN_C10B2D5B23D34FA96743,Digital Twins and Road Construction Using Secondary Raw Materials,openalex,journal_article,TIER_B,2.4,1.4;1.4.1;5.4;2.4.1.1,0.3802,ABSTRACT,classification_status_not_allowed,https://doi.org/10.1155/2021/8833058,
10.37896/jxu14.9/084,CAN_A49C485D133A7DEDB3C2,"Application of HDM-4 Model in the Structural, Functional, and Economic Variations using Road Maintenance Alternatives: A Case Study at Selected Road Sections in Addis Ababa City",crossref,journal_article,TIER_B,5.9.2,5.4;1.4.1;1.4;5.4.1,0.6099,TITLE_METADATA_ONLY,classification_status_not_allowed,https://doi.org/10.37896/jxu14.9/084,
10.21275/sr25819180611,CAN_B97304EE0E2A2B49F7FE,Review Paper on Road Maintenance Strategies and Road Pavement Performance Case Study of Developing Countries,crossref,journal_article,TIER_B,5.9.2,5.9;5.4;1.4.1;1.4,0.7052,TITLE_METADATA_ONLY,classification_status_not_allowed,https://doi.org/10.21275/sr25819180611,
10.4038/engineer.v55i2.7505,CAN_9682D09568C5C7A8265F,Critical Factors Affecting Cost Overrun in Foreign Funded Road Construction Projects in Sri Lanka: A Case Study of Road Development Authority and Provincial Road Development Authorities,crossref,journal_article,TIER_B,1.4.1,6.2.2;5.9.2;6.2;1.4,0.3801,TITLE_METADATA_ONLY,classification_status_not_allowed,https://doi.org/10.4038/engineer.v55i2.7505,
10.1111/jdv.70277,CAN_46CD6C3A5A478B766E45,Revisiting the interpretation of burrow openings: Support for the ‘tunnel window sign’ terminology,crossref,journal_article,TIER_B,1.4,2.4;1.3;2.1.1;5.9,0.3799,TITLE_METADATA_ONLY,classification_status_not_allowed,https://doi.org/10.1111/jdv.70277,
10.17944/mkutfd.605834,CAN_CC317FCDA3DB6F8DA79D,Hastaların Yoğun Bakım Ünitelerinden Taburcu Edilememe Nedenleri ve Maliyeti,crossref,journal_article,TIER_B,5.9.1,3;1.5.2;5.8;1.4.2,0.3797,ABSTRACT,classification_status_not_allowed,https://doi.org/10.17944/mkutfd.605834,
10.33206/mjss.460899,CAN_4CBF705634739302C619,Spor İşletmelerinde Nakit Yönetimi: Bist’de Bir Uygulama,openalex,journal_article,TIER_B,5.8,1.5.2;3;1.4.2;6.2.1,0.3791,ABSTRACT,classification_status_not_allowed,https://doi.org/10.33206/mjss.460899,
10.1016/j.sse.2008.04.003,CAN_14A0F6B4E367A742D805,A new definition of threshold voltage in Tunnel FETs,openalex,journal_article,TIER_B,1.4,5.4.2;5.7;5.7.2;1.4.1,0.3791,TITLE_METADATA_ONLY,classification_status_not_allowed,http://infoscience.epfl.ch/record/143082,
url:https://arxiv.org/pdf/1210.5702v1,CAN_BDF417656B94D8F3CCEA,The road to the Loulan Kingdom,arxiv,journal_article,TIER_B,1.3,1.4.1;3;2.4;1.4.2,0.379,ABSTRACT,classification_status_not_allowed,https://arxiv.org/abs/1210.5702v1,
url:http://www.ijs.speleo.it/pdf/71.589.38(2)_Zak.et.al.pdf,CAN_3D486144504AFCCBD366,"Cryogenic cave carbonates from the Cold Wind Cave, Nízke Tatry Mountains, Slovakia: Extending the age range of cryogenic cave carbonate formation to the Saalian",doaj,journal_article,TIER_B,2.4.1,1.3;2.2.1;1.3.1;2.4.1.1,0.3788,ABSTRACT,classification_status_not_allowed,http://www.ijs.speleo.it/pdf/71.589.38(2)_Zak.et.al.pdf,
10.31202/ecjse.1161081,CAN_57347522F2B0B3CD9471,Elektrikli Araçlara Özel Periyodik Bakım & Onarım Yaklaşımları,crossref,journal_article,TIER_B,5.9.1,5.8;1.5.2;1.4.2;3,0.3786,ABSTRACT,classification_status_not_allowed,https://doi.org/10.31202/ecjse.1161081,
10.17482/uumfd.869234,CAN_120CE37757FBEFBBBF78,ZAMAN MALİYET ÖDÜNLEŞİM PROBLEMİNİN EN AZ İNSAN MÜDAHALESİ İLE OLUŞTURULUP ÇÖZÜLMESİ,openalex,journal_article,TIER_B,5.9.1,2.4.3;5.8;3;5.5.2,0.3785,ABSTRACT,classification_status_not_allowed,https://doi.org/10.17482/uumfd.869234,
10.7240/jeps.741594,CAN_AE120C320EF4732AE8D5,Otonom Araçların Önündeki Zorluklar,openalex,journal_article,TIER_B,2.4.3,5.9.1;1.4;5.8;5.9.2,0.3785,ABSTRACT,classification_status_not_allowed,https://doi.org/10.7240/jeps.741594,
10.1088/1742-6596/1815/1/012009,CAN_4219EB5EA893D86A1AD8,Research on Safety of Operation and Maintenance of Utility Tunnel based on BIM and Computer Technology,crossref,journal_article,TIER_B,5.9.2,5.9;1.4;5.4.1;5.7,0.7034,TITLE_METADATA_ONLY,classification_status_not_allowed,https://doi.org/10.1088/1742-6596/1815/1/012009,
10.1177/13694332221113040,CAN_E7FDD674525C479247AC,A low computational cost seismic analyses framework for 3D tunnel-form building structures,crossref,journal_article,TIER_B,2.4,5.7;5.7.2;1.4;2.2,0.378,ABSTRACT,classification_status_not_allowed,https://doi.org/10.1177/13694332221113040,
10.1371/journal.pone.0340062,CAN_0A20043C1BB41FD9B800,Research on road parametric modeling and dynamic lightweighting methods driven by BIM-GIS integration.,europe_pmc,journal_article,TIER_B,5.7.1,2.4;1.4;2.4.1.1;2.4.3,0.5285,ABSTRACT,classification_status_not_allowed,https://europepmc.org/articles/PMC12798999,
10.1371/journal.pone.0343272,CAN_FDB898F86427CDE1B89E,Experimental performance study on alkali-activated coal gangue-slag gel stabilized spoil for road base preparation.,europe_pmc,journal_article,TIER_B,1.4,2.4;5.4.1;5.7.1;2.4.1.1,0.374,ABSTRACT,classification_status_not_allowed,https://europepmc.org/articles/PMC13038017,
10.1111/1752-1688.12320,CAN_65BD7E0E0A07AAAD303F,"Comparing Green and Grey Infrastructure Using Life Cycle Cost and Environmental Impact: A Rain Garden Case Study in Cincinnati, OH",openalex,journal_article,TIER_A,4.3.5,5.7.2;6.2;5.7;5.5.2.1,0.7287,ABSTRACT,classification_status_not_allowed,https://www.osti.gov/biblio/1401844,
10.16037/j.1007-869x.20240423,CAN_9272A21D931FD60A089D,Impact of Road Bridge Pile Construction in Loess Strata on Adjacent Urban Rail Transit Structures,doaj,journal_article,TIER_B,2.4,1.4;5.4.1;2.4.1.1;5.5.2.1,0.386,ABSTRACT,classification_status_not_allowed,https://doi.org/10.16037/j.1007-869x.20240423?pageType=en,
url:https://arxiv.org/pdf/2209.08538v1,CAN_5BFE878C97784B3C492E,RDD2022: A multi-national image dataset for automatic Road Damage Detection,arxiv,journal_article,TIER_B,1.4.1,1.4;1.5;5.4.1;1.5.2,0.3778,ABSTRACT,classification_status_not_allowed,https://arxiv.org/abs/2209.08538v1,
10.17097/ataunizfd.339690,CAN_33ABB2CC964EBC7FDAF6,Sulama Şebekelerinin İşletme-Bakım Ve Yönetim Modernizasyonunda RAP-MASSCOTE Yaklaşımı: Kahramanmaraş Sol Sahil Sulama Şebekesi Örneği,crossref,journal_article,TIER_B,5.9.1,1.4.2;3;1.5.2;5.8,0.3776,TITLE_METADATA_ONLY,classification_status_not_allowed,https://doi.org/10.17097/ataunizfd.339690,
10.1016/j.oceaneng.2022.110557,CAN_E184B9DA0B6F0680C783,Multi-objective optimization for preventive maintenance of offshore safety critical equipment integrating dynamic risk and maintenance cost,crossref,journal_article,TIER_B,5.7.1,5.9.2;1.4;5.4.2;5.5.2.2,0.7025,TITLE_METADATA_ONLY,classification_status_not_allowed,https://doi.org/10.1016/j.oceaneng.2022.110557,
10.3390/s26062002,CAN_3D137FBBBAB96377B29D,Multipath Credibility Selection for Robust UWB Angle-of-Arrival Estimation in Narrow Underground Corridors.,europe_pmc,journal_article,TIER_B,2.4.2.1,2.4.2;1.4;2.2;2.4.2.2,0.5336,ABSTRACT,classification_status_not_allowed,https://europepmc.org/articles/PMC13030765,
url:https://arxiv.org/pdf/2404.17571v1,CAN_6E394C67B29C930D3A83,Tunnel Try-on: Excavating Spatial-temporal Tunnels for High-quality Virtual Try-on in Videos,arxiv,journal_article,TIER_B,2.4,1.4;2.2;1.3;1.2,0.3772,ABSTRACT,classification_status_not_allowed,https://arxiv.org/abs/2404.17571v1,
10.34248/bsengineering.1848311,CAN_5D1678F3C1A11DF1AE8C,Zayıf Zeminlerde YFC ve Çelik Lifli Beton Yolların İlk Yapım Maliyeti ve CO₂ Emisyonuna Etkisi,crossref,journal_article,TIER_B,5.8,1.5.2;3;1.4.2;2.4.3,0.3772,ABSTRACT,classification_status_not_allowed,https://doi.org/10.34248/bsengineering.1848311,
10.1016/j.spmi.2017.04.002,CAN_FBD87234B74205E65BB7,On the definition of threshold voltage for tunnel FETs,crossref,journal_article,TIER_B,1.4,5.7.2;5.7;5.4.2;2.4,0.3772,TITLE_METADATA_ONLY,classification_status_not_allowed,https://doi.org/10.1016/j.spmi.2017.04.002,
10.1016/j.tust.2006.10.002,CAN_391D47DB56146143AFA3,Tunnelling through a frequently changing and mixed ground: A case history in Singapore,openalex,journal_article,TIER_B,1.4.1,1.4;5.9.2;1.3;2.4,0.3771,TITLE_METADATA_ONLY,classification_status_not_allowed,http://infoscience.epfl.ch/record/104937,
10.23977/jceup.2024.060317,CAN_65D8F0F8C51597E14B18,Study on the Effect of Adjacent Construction of Large Diameter Shield Tunnels on Ancient Building in Soft Soil,crossref,journal_article,TIER_B,1.4,2.4;1.3;1.4.1;5.9.2,0.3771,TITLE_METADATA_ONLY,classification_status_not_allowed,https://doi.org/10.23977/jceup.2024.060317,
10.1109/ted.2007.899389,CAN_C7DBA4DBACEFE858909A,Double-Gate Tunnel FET With High- Gate Dielectric,openalex,journal_article,TIER_B,5.7.2,5.4.2;5.7;2.4;1.4,0.377,ABSTRACT,classification_status_not_allowed,http://infoscience.epfl.ch/record/154680,
url:https://dergipark.org.tr/tr/pub/ordubtd/issue/33029/367279,CAN_D9C7B748450803C1B89B,Kop Tüneli Yapım Çalışmaları ve Metodolojisi,openaire,journal_article,TIER_B,5.9.1,1.4;2.4.3;3;1.4.2,0.3769,TITLE_METADATA_ONLY,classification_status_not_allowed,https://dergipark.org.tr/tr/pub/ordubtd/issue/33029/367279,
10.46399/muhendismakina.850614,CAN_94304DFE9C7296C5BB08,Rüzgar Türbinlerinde İşletme ve Bakım,crossref,journal_article,TIER_B,5.9.1,5.8;1.4.2;1.5.2;3,0.3763,ABSTRACT,classification_status_not_allowed,https://doi.org/10.46399/muhendismakina.850614,
url:https://dergipark.org.tr/tr/pub/humder/issue/31307/341257,CAN_D2A37976BED051B76F9B,İçme Suyu İletim Hatlarında Kullanılan Boru Tiplerinin Ekonomik Analizi,openalex,journal_article,TIER_B,2.4.3,5.8;5.9.1;3;1.4.2,0.3762,ABSTRACT,classification_status_not_allowed,https://dergipark.org.tr/tr/pub/humder/issue/31307/341257,
10.1016/j.biotechadv.2019.04.008,CAN_62A827653AA3A72F3BC8,Engineering enzyme access tunnels,openalex,journal_article,TIER_B,2.4,5.4.1;5.7;5.7.2;2.2,0.376,ABSTRACT,classification_status_not_allowed,https://doi.org/10.1016/j.biotechadv.2019.04.008,
10.1016/j.sigpro.2016.05.016,CAN_A734F94E2B35FDA84635,An overview of ground-penetrating radar signal processing techniques for road inspections,openalex,journal_article,TIER_B,1.4,5.9.2;2.4.1.1;5.9;1.4.1,0.3754,TITLE_METADATA_ONLY,classification_status_not_allowed,https://orcid.org/0000-0003-0291-9937,
10.1501/csaum_0000000054,CAN_66AEC1594FA884B77434,Yozgat ili seracılığında jeotermal enerjinin kullanım olanakları,openalex,journal_article,TIER_B,3,5.9.1;5.8;1.4.2;1.5.2,0.3754,ABSTRACT,classification_status_not_allowed,https://doi.org/10.1501/csaum_0000000054,
10.1504/ijisd.2026.10076556,CAN_86577619809FEEED2C98,Graph neural network model for cable tunnel cost prediction under high-dimensional construction data,crossref,journal_article,TIER_B,6.2.2,6.2;5.7.1;2.4;1.4.1,0.3746,TITLE_METADATA_ONLY,classification_status_not_allowed,https://doi.org/10.1504/ijisd.2026.10076556,
url:https://dergipark.org.tr/tr/pub/makufebed/issue/19428/206611,CAN_1762218D1EAFE4F13301,Püskürtme Beton Uygulamaları ve Kullanım Alanları,openalex,journal_article,TIER_B,5.9.1,3;2.4.3;1.4.2;1.5.2,0.3744,ABSTRACT,classification_status_not_allowed,https://dergipark.org.tr/tr/pub/makufebed/issue/19428/206611,
10.1109/JEDS.2015.2390591,CAN_34DF599E86C1D5867496,Tunnel Field-Effect Transistors: Prospects and Challenges,doaj,journal_article,TIER_B,5.7,5.7.2;1.4;2.4;5.4.2,0.3743,ABSTRACT,classification_status_not_allowed,https://ieeexplore.ieee.org/document/7006647/,
10.1016/j.aap.2013.03.032,CAN_A0D44B40B4260A20063E,A conceptual framework for road safety and mobility applied to cycling safety,openalex,journal_article,TIER_B,4,2.4.2.1;1.4;1.5;1.4.1,0.5312,ABSTRACT,classification_status_not_allowed,https://doi.org/10.1016/j.aap.2013.03.032,
10.1038/s41598-026-39122-1,CAN_D940AE508E47118DD0A4,Carbon reduction potential and selection strategies of emerging construction-phase technologies.,europe_pmc,journal_article,TIER_B,5.7,5.7.2;2.4;5.7.1;1.4,0.5304,ABSTRACT,classification_status_not_allowed,https://europepmc.org/articles/PMC12953918,
10.32739/uha.id.12652,CAN_92BA9137FAE693F8DEAD,Eliyle iş yapanların hastalığı: Karpal Tünel Sendromu,crossref,journal_article,TIER_B,5.9.1,1.5.2;6.2.1;1.4;1.4.2,0.3735,ABSTRACT,classification_status_not_allowed,https://doi.org/10.32739/uha.id.12652,
10.30569/adiyamansaglik.993766,CAN_227968F7DBB4895FB3AD,Bir ağır araç bakım ve onarım fabrikasında çalışan işçilerin kas iskelet sistemi rahatsızlıklarının ve analjezik kullanımlarının değerlendirilmesi,crossref,journal_article,TIER_B,5.9.1,2.4.3;3;5.8;1.5.2,0.3735,ABSTRACT,classification_status_not_allowed,https://doi.org/10.30569/adiyamansaglik.993766,
10.3390/ma19101922,CAN_5753C316C69D23B35E57,Alkaline Chemical Polishing Combined with Silane Electrodeposition for Improving Etched Tunnel Distribution in Aluminum Foil.,europe_pmc,journal_article,TIER_B,2.4,5.4.2;5.4.1;5.7.1;1.4,0.3735,ABSTRACT,classification_status_not_allowed,https://europepmc.org/articles/PMC13208853,
10.1038/s41598-025-92469-9,CAN_31553A02A202121C38E1,Enhanced probabilistic prediction of pavement deterioration using Bayesian neural networks and cuckoo search optimization.,europe_pmc,journal_article,TIER_B,5.7.1,5.4;5.4.1;2.4.2;5.5.2.1,0.6064,ABSTRACT,classification_status_not_allowed,https://europepmc.org/articles/PMC11906751,
10.1126/science.1218461,CAN_064BA21F3729B04DE8BC,Field-Effect Tunneling Transistor Based on Vertical Graphene Heterostructures,openalex,journal_article,TIER_B,5.7.2,2.4;5.4.2;5.7;1.4.1,0.373,ABSTRACT,classification_status_not_allowed,http://arxiv.org/abs/1112.4999,
10.2339/politeknik.971343,CAN_47DF3DE094019C32FAD8,Effects of Slab Types on the Seismic Behavior and Construction Cost of RC Buildings,crossref,journal_article,TIER_B,2.4.3,5.7;2.4;5.5.2.1;6.2.1,0.3726,ABSTRACT,classification_status_not_allowed,https://doi.org/10.2339/politeknik.971343,
10.1371/journal.pcbi.1002708,CAN_9605938BBEFB13C1A135,CAVER 3.0: A Tool for the Analysis of Transport Pathways in Dynamic Protein Structures,openalex,journal_article,TIER_B,2.4,1.3;5.4.1;2.4.2;2.2.3,0.3725,ABSTRACT,classification_status_not_allowed,https://doi.org/10.1371/journal.pcbi.1002708,
10.1186/s13018-025-06651-w,CAN_BEEC2B2E06B1E2EC75FE,Optimizing medial patellofemoral ligament reconstruction: a randomized trial of 3D-printed guide plates for enhanced femoral tunnel accuracy and early functional recovery.,europe_pmc,journal_article,TIER_B,1.4,2.4;5.5.2.1;2.2;5.7.1,0.3725,ABSTRACT,classification_status_not_allowed,https://europepmc.org/articles/PMC12896106,
10.30713/2413-5011-2019-8(332)-4-10,CAN_F759D3C2FE1616ED5E1A,PROBLEMS SOLUTION OF OIL AND GAS DEPOSITS GEOMETRIZATION OF THE APTIAN-ALBIAN AGE IN THE NORTH-EAST OF THE WEST SIBERIA,crossref,journal_article,TIER_B,2.4.1,2.4.1.1;2.4;5.4.1;2.2,0.5318,TITLE_METADATA_ONLY,classification_status_not_allowed,https://doi.org/10.30713/2413-5011-2019-8(332)-4-10,
10.30910/turkjans.1150916,CAN_6EECE109544E9EF8F7CB,Bayramiç Ezine Ovaları Sulama Birliği’nde Bakım Onarım Masraflarının Değerlendirilmesi,crossref,journal_article,TIER_B,3,5.8;5.9.1;2.4.3;6.2.1,0.3717,ABSTRACT,classification_status_not_allowed,https://doi.org/10.30910/turkjans.1150916,
10.1063/1.1923766,CAN_BBDB82A2D4BB9CFB88E5,Characteristics of a tunneling quantum-dot infrared photodetector operating at room temperature,openalex,journal_article,TIER_B,5.4.2,5.7.2;5.7;1.4.1;1.4,0.3717,ABSTRACT,classification_status_not_allowed,https://doi.org/10.1063/1.1923766,
10.1016/0886-7798(95)00041-0,CAN_73AB469558A6A12644B8,"Site-based research in pipe jacking—objectives, procedures and a case history",crossref,journal_article,TIER_B,2.4,1.4;2.4.1;2.2;5.9.2,0.3715,TITLE_METADATA_ONLY,classification_status_not_allowed,https://doi.org/10.1016/0886-7798(95)00041-0,
10.3390/plants14192983,CAN_183D580DDDB6462465BA,Implementation of a Tunnel System for Scaling-Out High-Quality Cassava Planting Material,doaj,journal_article,TIER_B,1.4,2.2;5.4.1;2.4;5.7,0.3715,ABSTRACT,classification_status_not_allowed,https://www.mdpi.com/2223-7747/14/19/2983,
10.1016/j.jvir.2013.05.034,CAN_417F9D92803EDDA3D965,Natural History of Tunneled Dialysis Catheters Placed for Hemodialysis Initiation,openalex,journal_article,TIER_A,1.4.1,1.4;1.3;1.5;2.2,0.3714,TITLE_METADATA_ONLY,classification_status_not_allowed,https://www.ncbi.nlm.nih.gov/pmc/articles/4034175,
10.1038/s41598-026-42590-0,CAN_E6E759785F1DD03BB653,Multi-criteria inventory classification considering demand stability.,europe_pmc,journal_article,TIER_B,5.6,5.7.1;1.2;1.4;5.4.2,0.5278,ABSTRACT,classification_status_not_allowed,https://europepmc.org/articles/PMC13039376,
10.12731/2227-930x-2017-2-56-63,CAN_C486325C1541C0F1B474,CALCULATION PECULIARITIES OF RE-PROCESSED ROAD COVERING UNIT COST,crossref,journal_article,TIER_B,6.2.2,5.9.2;6.2;1.4.1;1.4,0.531,TITLE_METADATA_ONLY,classification_status_not_allowed,https://doi.org/10.12731/2227-930x-2017-2-56-63,
10.1088/0264-9381/28/18/183001,CAN_503300488EBBF5A7F592,Tunnelling methods and Hawking's radiation: achievements and prospects,openalex,journal_article,TIER_B,2.2,1.3;1.3.1;5.7.2;1.4.1,0.7234,ABSTRACT,classification_status_not_allowed,https://doi.org/10.1088/0264-9381/28/18/183001,
10.1186/1750-1172-2-41,CAN_EDBF435F6507640F06BC,Aorto-ventricular tunnel,openalex,journal_article,TIER_B,5.4.1,1.5;1.4.1;1.3;1.5.1,0.5273,ABSTRACT,classification_status_not_allowed,https://doi.org/10.1186/1750-1172-2-41,
10.1177/1753193420953990,CAN_8EBC4948AA2B6EFF16D4,"Radial tunnel syndrome: definition, distinction and treatments",crossref,journal_article,TIER_B,5.9,5.9.2;1.4;1.4.1;2.4,0.3706,TITLE_METADATA_ONLY,classification_status_not_allowed,https://doi.org/10.1177/1753193420953990,
10.1038/s41598-025-20331-z,CAN_A27C061D8302581E6B61,Fast highway abandoned object detection via block-based multi-group foreground extraction.,europe_pmc,journal_article,TIER_B,2.4.1.1,5.4.1;2.4.2;1.4;2.4.1.2,0.3705,ABSTRACT,classification_status_not_allowed,https://europepmc.org/articles/PMC12559225,
10.1038/s41598-026-46475-0,CAN_45935FF56B7740E6A0A6,EVA-YOLOv8: an improved YOLOv8 model integrating multi-scale attention mechanism and vision transformer for multi-class road crack detection.,europe_pmc,journal_article,TIER_B,5.4.1,5.4;1.4;5.7.1;2.4,0.6037,ABSTRACT,classification_status_not_allowed,https://europepmc.org/articles/PMC13216579,
10.3390/s25154836,CAN_FF544B681C66EADF8534,Survey on the Application of Robotics in Archaeology.,europe_pmc,journal_article,TIER_B,1.3,2.4.1;2.4.1.1;2.4;2.2,0.3703,ABSTRACT,classification_status_not_allowed,https://europepmc.org/articles/PMC12349394,
10.12792/jiiae.4.153,CAN_F1A29A4FEBF77538AAD7,Road Surface Mapping using Kinect Sensor for Road Maintenance,crossref,journal_article,TIER_B,1.4.1,5.9.2;1.4;2.4;5.7.1,0.3703,TITLE_METADATA_ONLY,classification_status_not_allowed,https://doi.org/10.12792/jiiae.4.153,
10.7860/jcdr/2016/22656.8622,CAN_7D16D2AB7A3CD666B958,Continuous Ambulatory Peritoneal Dialysis Catheter Tunnel Breakdown and its Repair,crossref,journal_article,TIER_B,5.4.1,5.9.2;5.9;1.5;1.4.1,0.6029,TITLE_METADATA_ONLY,classification_status_not_allowed,https://doi.org/10.7860/jcdr/2016/22656.8622,
10.14744/tasarimkuram.2020.42204,CAN_EF6E0995D30F9B41BD61,"Bakım, Onarım ve Yükseltmeyi Destekleyen ve Kullanıcı Katılımını Güçlendiren Sürdürülebilirlik İçin Tasarım Yaklaşımları",crossref,journal_article,TIER_B,2.4.3,5.9.1;6.2.1;3;1.5.2,0.3698,TITLE_METADATA_ONLY,classification_status_not_allowed,https://doi.org/10.14744/tasarimkuram.2020.42204,
10.21823/2311-2905-2016-0-1-85-95,CAN_4592E1995E4B36B33770,"CORRELATION BETWEEN TUNNEL POSITION ACCORDING TO RADIOLOGICAL DATA AFTER ACL RECONSTRUCTION, SURGEON’S TUNNEL ESTIMATION DURING SURGERY AND ANTROPOMETRIC CHARACTERISTICS OF THE PATIENT",crossref,journal_article,TIER_B,1.4,1.5;5.4.1;5.9;5.9.2,0.3695,TITLE_METADATA_ONLY,classification_status_not_allowed,https://doi.org/10.21823/2311-2905-2016-0-1-85-95,
10.1063/1.2937077,CAN_103361DE96676359680D,On the need for a tunneling pre-factor in Fowler–Nordheim tunneling theory,openalex,journal_article,TIER_B,1.3,2.4;2.2;5.7;5.7.2,0.3695,ABSTRACT,classification_status_not_allowed,https://doi.org/10.1063/1.2937077,
10.1016/j.shj.2024.100348,CAN_8DE274F126919084EA87,Transcatheter Edge-to-Edge Repair of Common Atrioventricular Valve Regurgitation in the Setting of a Lateral Tunnel Fontan Circulation,crossref,journal_article,TIER_B,5.4.1,1.5;1.4;5.5.2.1;2.4,0.6026,TITLE_METADATA_ONLY,classification_status_not_allowed,https://doi.org/10.1016/j.shj.2024.100348,
10.1126/science.1126230,CAN_9158B89349C6E965DBCA,Tunneling Across a Ferroelectric,openalex,journal_article,TIER_B,1.4.1,5.7.2;1.4;2.2;5.7,0.3692,ABSTRACT,classification_status_not_allowed,https://digitalcommons.unl.edu/physicstsymbal/22,
10.1021/acs.jafc.6c02816,CAN_7CDF358AA8B8518BFBBB,Fungal Rutinosidase─Engineering of a Side Tunnel Steers Its Transglycosylation Potential.,europe_pmc,journal_article,TIER_B,5.4.1,2.4;1.3;5.7.1;5.5.2.1,0.3691,ABSTRACT,classification_status_not_allowed,https://europepmc.org/articles/PMC13237774,
10.3390/polym17243272,CAN_7C772DC365A51A361F4E,"Polymer-Based Flame-Retardant Asphalt: A Comprehensive Review of Materials, Performance, and Evaluation Methods.",europe_pmc,journal_article,TIER_B,5.9.2,1.4;1.4.1;2.4;1.5.1,0.6488,ABSTRACT,classification_status_not_allowed,https://europepmc.org/articles/PMC12736601,
10.1186/s12886-026-04980-w,CAN_0B7A12FABCEE9FCD2642,Needle bevel-guided standardisation of scleral tunnel formation in intrascleral haptic fixation: a quantitative geometric analysis.,europe_pmc,journal_article,TIER_B,2.4,2.4.2;1.4;2.2;2.4.2.2,0.5273,ABSTRACT,classification_status_not_allowed,https://europepmc.org/articles/PMC13248240,
10.1002/aenm.201501005,CAN_F5BFE16D44661CB36D4D,A Novel High Capacity Positive Electrode Material with Tunnel‐Type Structure for Aqueous Sodium‐Ion Batteries,openalex,journal_article,TIER_A,5.7,5.7.2;5.4.1;5.4.2;2.2,0.529,ABSTRACT,classification_status_not_allowed,https://www.osti.gov/biblio/1214527,
10.18521/ktd.01402,CAN_EFFC22567CA20C71157F,İdiyopatik Karpal Tünel Sendromunda Lipid Profili Bozuklukları,crossref,journal_article,TIER_B,5.9.1,2.4.3;1.5;1.5.2;6.2.1,0.3688,TITLE_METADATA_ONLY,classification_status_not_allowed,https://doi.org/10.18521/ktd.01402,
10.1088/0957-0233/26/2/025901,CAN_3145D30A8642EAC13BC2,Large carbon cluster thin film gauges for measuring aerodynamic heat transfer rates in hypersonic shock tunnels,openalex,journal_article,TIER_B,5.4.2,5.7.2;1.5.1;5.7;2.4.1.1,0.3687,ABSTRACT,classification_status_not_allowed,https://doi.org/10.1088/0957-0233/26/2/025901,
10.1038/s41467-017-00696-0,CAN_DF9452B7468EEBD6D909,Late Permian wood-borings reveal an intricate network of ecological relationships,doaj,journal_article,TIER_B,1.3,1.3.1;2.4;5.4.1;2.2,0.3687,ABSTRACT,classification_status_not_allowed,https://doi.org/10.1038/s41467-017-00696-0,
10.1145/354871.354874,CAN_DFDEF24B06338413C468,The click modular router,openalex,journal_article,TIER_B,2.4,2.4.3;1.4;1.4.1;5.4.2,0.3686,ABSTRACT,classification_status_not_allowed,https://doi.org/10.1145/354871.354874,
10.1088/0957-4484/21/1/015201,CAN_502542E046D14EE542AA,Output power of a double tunneling-injection quantum dot laser,openalex,journal_article,TIER_B,5.7.2,5.7;5.4.2;1.4.1;2.2,0.3685,ABSTRACT,classification_status_not_allowed,https://doi.org/10.1088/0957-4484/21/1/015201,
10.1016/j.atmosenv.2017.05.014,CAN_4011FD0DDBF1411AFC66,Air pollution abatement performances of green infrastructure in open road and built-up street canyon environments – A review,openalex,journal_article,TIER_B,1.4,2.4;5.7.2;5.7;1.4.1,0.3683,ABSTRACT,classification_status_not_allowed,https://doi.org/10.1016/j.atmosenv.2017.05.014,
10.1039/d6sc02363k,CAN_B65A74E3A9972C4EE1CE,Atomic modulation of Na + transport channels to enhance rate and cycling performance of tunnel-type sodium manganese oxides.,europe_pmc,journal_article,TIER_B,5.7,5.7.2;5.4.1;5.7.1;2.2,0.5282,ABSTRACT,classification_status_not_allowed,https://europepmc.org/articles/PMC13196341,
10.1007/s10021-001-0052-x,CAN_EC9557BC373081ECA95B,Increasing Feldspar Tunneling by Fungi across a North Sweden Podzol Chronosequence,openalex,journal_article,TIER_B,2.4.1,2.4;2.4.1.1;1.4;5.7.1,0.3681,TITLE_METADATA_ONLY,classification_status_not_allowed,https://research.wur.nl/en/publications/increasing-feldspar-tunneling-by-fungi-across-a-north-sweden-podz,
url:http://marine-eng.ir/article-1-409-en.html,CAN_65E4E470D1A4C7D8240B,Development of a Numerical-Semi Empirical Model to Estimate Hydrodynamic Derivatives of an AUV,doaj,journal_article,TIER_B,2.2.3,1.4;5.7;2.4;2.2,0.3681,ABSTRACT,classification_status_not_allowed,http://marine-eng.ir/article-1-409-en.html,
10.22139/jobs.328585,CAN_EF2CEB65F51938A3DCE8,Toplam Verimli Bakım Uygulayan Bir İşletmede Bakım Personelinin Performans Değerleme Puanlarının Entropi Tabanlı VİKOR Sıralaması ile Karşılaştırılması,crossref,journal_article,TIER_B,5.9.1,5.8;1.5.2;1.4.2;2.4.3,0.3679,TITLE_METADATA_ONLY,classification_status_not_allowed,https://doi.org/10.22139/jobs.328585,
10.1016/j.buildenv.2016.02.004,CAN_2949D35830CF9A022222,Pedestrian-level wind conditions around buildings: Review of wind-tunnel and CFD techniques and their accuracy for wind comfort assessment,openalex,journal_article,TIER_B,5.7.2,1.4;5.7;2.4;1.5.1,0.3677,ABSTRACT,classification_status_not_allowed,https://doi.org/10.1016/j.buildenv.2016.02.004,
10.1016/j.eats.2024.103381,CAN_CB8F57E81574E160A9BC,Technique for Grafting Preexisting Bone Tunnels During the First Stage of Revision Anterior Cruciate Ligament Reconstruction,crossref,journal_article,TIER_B,1.4,2.4;2.4.1.1;5.4.1;5.5.2.1,0.3677,ABSTRACT,classification_status_not_allowed,https://doi.org/10.1016/j.eats.2024.103381,
10.1038/s41467-023-38608-0,CAN_879F536BA4D3578F72C0,Bimodal ionic photomemristor based on a high-temperature oxide superconductor/semiconductor junction,doaj,journal_article,TIER_B,5.7.2,5.4.2;5.7;1.4.1;2.2,0.3677,ABSTRACT,classification_status_not_allowed,https://doi.org/10.1038/s41467-023-38608-0,
10.33871/23594373.2024.26.02.9345,CAN_5930889733668DC400D7,An arboreal ant that inhabits tunnels is recorded for the first time in the South region of Brazil,crossref,journal_article,TIER_B,1.3,1.2;2.2;2.4;1.4,0.3676,ABSTRACT,classification_status_not_allowed,https://doi.org/10.33871/23594373.2024.26.02.9345,
10.3390/diagnostics16111688,CAN_4FF856E3F4DDC8D2A22C,A Consistent Landmark for Tibial Tunnel Placement in Arthroscopic Remnant-Preserving Posterior Cruciate Ligament Reconstruction: Use of Champagne-Glass Drop-Off and Lateral Cartilage Point-A Retrospective Case Series.,europe_pmc,journal_article,TIER_B,5.9,2.4;1.4;5.4.1;5.5.2.1,0.5217,ABSTRACT,classification_status_not_allowed,https://europepmc.org/articles/PMC13257378,
10.1016/j.hcl.2007.05.002,CAN_4D513CED991A55F1156C,Natural History and Conservative Management of Cubital Tunnel Syndrome,openalex,journal_article,TIER_B,1.4,5.9;1.3;5.9.2;1.4.1,0.3675,TITLE_METADATA_ONLY,classification_status_not_allowed,https://doi.org/10.1016/j.hcl.2007.05.002,
10.1097/00006534-200002000-00074,CAN_73DDD5686D592CB22B4D,Operating on Cubital Tunnel Syndrome without Electrodiagnostics,crossref,journal_article,TIER_B,5.9,1.4;5.4.1;5.9.2;1.4.1,0.3674,TITLE_METADATA_ONLY,classification_status_not_allowed,https://doi.org/10.1097/00006534-200002000-00074,
10.22098/mmws.2022.11395.1128,CAN_5193F24286CE56AEAE3C,The effect of coal mining on the accumulation of Pb and Zn and their spatial distribution in the surface soil of Komarzd,doaj,journal_article,TIER_B,2.4.1.1,2.4.1;5.4.1;1.4;2.2.1,0.3671,ABSTRACT,classification_status_not_allowed,https://mmws.uma.ac.ir/article_1795_677aa282ea054b19795af871efc3141c.pdf,
10.1007/s10955-010-0030-9,CAN_78DDAC19627E735B6C94,Tunneling and Metastability of Continuous Time Markov Chains,openalex,journal_article,TIER_B,1.4,1.4.1;5.7.1;2.4;5.9.2,0.3669,TITLE_METADATA_ONLY,classification_status_not_allowed,http://arxiv.org/abs/0910.4088,
10.1016/s1369-7021(08)70238-4,CAN_6D6857A24B0BA18D4394,Inelastic electron tunneling spectroscopy,openalex,journal_article,TIER_B,5.7.2,5.7;5.4.2;1.4.1;1.4,0.3669,ABSTRACT,classification_status_not_allowed,https://doi.org/10.1016/s1369-7021(08)70238-4,
10.1371/journal.pone.0341404,CAN_8EFC05FDD6B8D93DB477,A novel application tunnel in combination with medical training reduces stress induced by frequent intraperitoneal injections and blood draws in mice.,europe_pmc,journal_article,TIER_B,1.4,5.4.1;2.2;5.9.2;5.9,0.3669,ABSTRACT,classification_status_not_allowed,https://europepmc.org/articles/PMC13152133,
url:https://arxiv.org/pdf/2607.01850v1,CAN_4965692A07AEEAEF3B92,Technical Debt Friction for Maintenance Prioritization: An Industrial Multi-Case Study,arxiv,journal_article,TIER_B,5.9.2,5.7.1;5.4.2;5.5.2.2;1.4,0.5927,ABSTRACT,classification_status_not_allowed,https://arxiv.org/abs/2607.01850v1,
10.1002/atn2.70007,CAN_EDA2B79DFF3C71949645,Chronic Patellar Tendon Reconstruction Using Ipsilateral Peroneus Longus Autograft.,europe_pmc,journal_article,TIER_B,5.4.1,5.5.2.1;2.4;2.2;1.4,0.5258,ABSTRACT,classification_status_not_allowed,https://europepmc.org/articles/PMC13307205,
10.1016/j.hansur.2024.102007,CAN_6C4C0ABA0601EC61B3FC,New option for TFCC repair: Single tunnel transosseous arthroscopic repair,crossref,journal_article,TIER_B,5.4.1,5.9;5.9.2;1.4;5.5.2.1,0.5987,TITLE_METADATA_ONLY,classification_status_not_allowed,https://doi.org/10.1016/j.hansur.2024.102007,
10.1006/mare.2000.0133,CAN_6170C4C66689C8F0C1BA,Incorporating environmental factors into a highway maintenance cost model,crossref,journal_article,TIER_B,4.3.5,5.9.2;5.7.1;1.4;5.6,0.5957,TITLE_METADATA_ONLY,classification_status_not_allowed,https://doi.org/10.1006/mare.2000.0133,
10.1103/revmodphys.80.1337,CAN_F7CCD31355A3B23C5415,Colloquium : Andreev reflection and Klein tunneling in graphene,openalex,journal_article,TIER_B,2.4,1.4.1;5.7.2;5.4.1;2.2,0.3665,ABSTRACT,classification_status_not_allowed,http://arxiv.org/abs/0710.3848,
10.22108/sppl.2022.125264.1539,CAN_39A66C1F981F2CDD575D,"The Role of Urban Design Qualities in Metro Stations Approaching Indigenous Patterns:(Case Imam Khomeini, Haft-e-Tir, and Enghelab Stations in Focus)",doaj,journal_article,TIER_B,2.4,1.4;2.2;1.3;1.2,0.3663,ABSTRACT,classification_status_not_allowed,https://sppl.ui.ac.ir/article_26572_9265cb311279fb308f8935c632ea5ec2.pdf,
10.1007/s40257-026-01011-8,CAN_73F7337B271509BF868B,Defining Moderate Disease and Progression in Hidradenitis Suppurativa: An Expert Framework to Unlock the Window of Opportunity for Prompt Treatment.,europe_pmc,journal_article,TIER_B,1.4,5.4.1;5.9;2.4;5.5.2.1,0.3663,ABSTRACT,classification_status_not_allowed,https://europepmc.org/articles/PMC13032953,
10.31590/ejosat.1077753,CAN_0F7ED37C6647541F8701,İçmesuyu Dağıtım Sistemlerinde Arıza Bakım Onarım Süreçlerinin İzlenmesi için Performans Göstergeleri,crossref,journal_article,TIER_B,5.9.2,2.4.3;5.9.1;1.5.2;1.4,0.3662,TITLE_METADATA_ONLY,classification_status_not_allowed,https://doi.org/10.31590/ejosat.1077753,
10.1021/acsomega.6c00200,CAN_A77C1F055E11554A53A0,Three-Dimensional Numerical Simulation and Experimental Verification of Near-Wellbore Hydraulic Fracture Propagation in Shale Oil Reservoir.,europe_pmc,journal_article,TIER_B,2.4,5.4.1;2.2;2.4.1;1.4,0.3659,ABSTRACT,classification_status_not_allowed,https://europepmc.org/articles/PMC13084375,
10.3390/mi17040402,CAN_1BEF94C803A4995AF995,Set-Membership Estimation for Switched T-S Fuzzy Systems with MDADT Switching in Tunnel Diode Circuits.,europe_pmc,journal_article,TIER_B,5.4.2,5.7;5.7.1;5.7.2;1.4,0.3658,ABSTRACT,classification_status_not_allowed,https://europepmc.org/articles/PMC13118561,
10.21273/hortsci.40.4.1071b,CAN_C8E695A0044D1CDAAC51,(413) Evaluating Tomato Production during the First Year of Organic Transitioning in High Tunnels,crossref,journal_article,TIER_B,1.4,5.7;2.2;5.4.1;2.4,0.3655,ABSTRACT,classification_status_not_allowed,https://doi.org/10.21273/hortsci.40.4.1071b,
10.1016/j.jdeveco.2019.102415,CAN_2D3BDAFFE7A6584C7EE3,Common transport infrastructure: A quantitative model and estimates from the Belt and Road Initiative,openalex,journal_article,TIER_B,1.4.1,1.4;5.9.2;4;6.2.2,0.3652,TITLE_METADATA_ONLY,classification_status_not_allowed,http://documents.worldbank.org/curated/en/879031554144957551/pdf/Common-Transport-Infrastructure-A-Quantitative-Model-and-Estimates-from-the-Belt-and-Road-Initiative.pdf,
10.1063/1.3683525,CAN_612517119853B5C63675,Anisotropic magneto-resistance in a GaMnAs-based single impurity tunnel diode: A tight binding approach,crossref,journal_article,TIER_B,2.4,5.7.2;5.4.2;1.4;5.7,0.365,ABSTRACT,classification_status_not_allowed,https://doi.org/10.1063/1.3683525,
10.1103/physreva.86.042111,CAN_50FA0A1013AF67B2A07E,Consistent histories for tunneling molecules subject to collisional decoherence,openalex,journal_article,TIER_B,5.7,1.3;5.4.1;5.4.3;1.4.1,0.5249,ABSTRACT,classification_status_not_allowed,http://arxiv.org/abs/1205.6188,
10.3390/kidneydial5040049,CAN_552C89782A31DECE8BA0,Lines of Risk: Tunnel Catheter Loss Due to Bloodstream Infections in Chronic Hemodialysis Patients,doaj,journal_article,TIER_B,5.4.1,1.5;1.4;1.4.1;1.5.1,0.3648,ABSTRACT,classification_status_not_allowed,https://www.mdpi.com/2673-8236/5/4/49,
10.3390/app9081673,CAN_DAE27E101F64FC60CFFF,Na 2 Ti 7 O 15 Nanowires with an Oriented Tunnel Structure and High Mechanical Stability: A Potential Anode of Sodium-Ion Batteries and Gas Sensing Materials,doaj,journal_article,TIER_B,2.2,5.4.1;5.7;5.7.2;5.4.2,0.3645,ABSTRACT,classification_status_not_allowed,https://www.mdpi.com/2076-3417/9/8/1673,
10.1038/s41598-025-15413-x,CAN_6EFEBAB624CD03E0452B,Host-specific leaf-mining behaviour of holometabolous insect larvae in the early Permian.,europe_pmc,journal_article,TIER_B,1.3,1.3.1;2.2;2.4;2.2.1,0.3645,ABSTRACT,classification_status_not_allowed,https://europepmc.org/articles/PMC12378220,
10.1557/proc-764-c3.48,CAN_833372599B1C1BE418C7,Modeling of Nitride Semiconductor Based Double Heterostructure Tunnel Diodes,crossref,journal_article,TIER_B,5.7.2,5.4.2;5.7;2.4;1.4,0.3645,ABSTRACT,classification_status_not_allowed,https://doi.org/10.1557/proc-764-c3.48,
10.1051/sicotj/2026003,CAN_B35D5380DE3A3D36A31B,Tibial tunnel malposition is a risk factor for osteoarthritis following ACL reconstruction at long term follow up: a retrospective study.,europe_pmc,journal_article,TIER_B,5.4.1,2.4.2.2;5.5.2.1;2.4.2;2.4,0.3642,ABSTRACT,classification_status_not_allowed,https://europepmc.org/articles/PMC13186520,
10.1016/j.tranpol.2023.07.002,CAN_D335A9844DA5417CD1EA,Road safety and road infrastructure expenditure: A bivariate analysis,crossref,journal_article,TIER_B,1.4.1,1.4;4;5.9.2;1.5,0.364,TITLE_METADATA_ONLY,classification_status_not_allowed,https://doi.org/10.1016/j.tranpol.2023.07.002,
10.1080/00343404.2012.731044,CAN_FD4C38C8EFA4DC90BC9A,What Determines Local Governments' Cost-efficiency? The Case of Road Maintenance,crossref,journal_article,TIER_B,5.9.2,4.3.5;5.7.1;5.9.1;5.5.2,0.5959,TITLE_METADATA_ONLY,classification_status_not_allowed,https://doi.org/10.1080/00343404.2012.731044,
10.1088/0034-4885/59/12/004,CAN_7AB6E41CD9D0270651CD,Scanning tunnelling microscopy studies of metal surfaces,openalex,journal_article,TIER_B,5.4.1,2.2;1.4;1.3;5.4.2,0.3639,ABSTRACT,classification_status_not_allowed,https://doi.org/10.1088/0034-4885/59/12/004,
10.1186/s12872-026-05529-x,CAN_14DB0E63DAC9273EB073,Percutaneous closure of an ultra-long-tunnel-type patent foramen ovale: a rare case with multimodal imaging guidance.,europe_pmc,journal_article,TIER_B,1.4,2.4;5.4.1;5.9;1.4.1,0.3638,ABSTRACT,classification_status_not_allowed,https://europepmc.org/articles/PMC12954885,
10.1016/j.scitotenv.2024.171153,CAN_72A8D2E4A54C37FC5C69,Where the rubber meets the road: Emerging environmental impacts of tire wear particles and their chemical cocktails,openalex,journal_article,TIER_B,1.4.1,1.4;4.3.5;1.5;2.4,0.3637,ABSTRACT,classification_status_not_allowed,https://doi.org/10.1016/j.scitotenv.2024.171153,
10.1534/genetics.166.3.1571,CAN_D79C26B79EB172046F55,Stochastic Tunnels in Evolutionary Dynamics,openalex,journal_article,TIER_B,1.3,5.7.1;5.7;2.4;2.4.2,0.3635,ABSTRACT,classification_status_not_allowed,https://doi.org/10.1534/genetics.166.3.1571,
10.5455/aim.2012.21.63-66,CAN_4C646600FF7005CD3810,Which Factors Affect Software Projects Maintenance Cost More?,crossref,journal_article,TIER_B,5.7.1,5.9.2;5.5.2.2;5.5.2;5.5.2.1,0.3633,TITLE_METADATA_ONLY,classification_status_not_allowed,https://doi.org/10.5455/aim.2012.21.63-66,
10.1002/jeo2.70699,CAN_8BAB004A9C14A07F5D38,A higher posterior tibial slope and tunnel malposition do not predispose to non-traumatic anterior cruciate ligament failure.,europe_pmc,journal_article,TIER_B,5.4.1,5.5.2.1;1.4;2.4.2.2;1.5,0.3633,ABSTRACT,classification_status_not_allowed,https://europepmc.org/articles/PMC13126424,
10.1016/0006-3207(94)00102-v,CAN_328E74309187AFA608AC,Effect of road traffic on amphibian density,openalex,journal_article,TIER_B,1.4,1.4.1;5.9.2;1.5;2.4,0.363,TITLE_METADATA_ONLY,classification_status_not_allowed,http://www.escholarship.org/uc/item/22t1h3q1,
10.1126/science.1157980,CAN_00474E212FE0C2CD26B0,Laser-Induced Electron Tunneling and Diffraction,openalex,journal_article,TIER_B,5.7.2,5.7;5.4.1;5.4.2;1.4.1,0.3629,ABSTRACT,classification_status_not_allowed,https://nrc-publications.canada.ca/eng/view/object/?id=8e70c346-ca23-40e2-9739-60e25644bea9,
10.3390/s26030947,CAN_1B1E2AEC1A3D64BACF15,A BIM-Based Digital Twin Framework for Urban Roads: Integrating MMS and Municipal Geospatial Data for AI-Ready Urban Infrastructure Management.,europe_pmc,journal_article,TIER_B,2.4,1.4.1;1.4;2.4.1.1;2.4.3,0.3629,ABSTRACT,classification_status_not_allowed,https://europepmc.org/articles/PMC12899344,
10.1103/revmodphys.79.353,CAN_D687E60F83E71F368C31,Scanning tunneling spectroscopy of high-temperature superconductors,openalex,journal_article,TIER_B,5.4.1,5.4.2;5.7;2.2;2.4.1,0.3626,ABSTRACT,classification_status_not_allowed,https://doi.org/10.1103/revmodphys.79.353,
10.1016/j.cnp.2025.08.005,CAN_34DC1CE0177E415D1367,Asymptomatic tarsal tunnel syndrome in rheumatoid Arthritis: An electrophysiological perspective with insights into clinical and laboratory correlates.,europe_pmc,journal_article,TIER_B,1.4,5.9;5.9.2;1.5;1.4.1,0.3625,TITLE_METADATA_ONLY,classification_status_not_allowed,https://europepmc.org/articles/PMC12450557,
10.7763/lnse.2014.v2.101,CAN_BBB126EF24312C9DEA70,An Empirical Study on Adjustment Factors to Estimate Maintenance Cost of Applications Developed Using Components,crossref,journal_article,TIER_B,5.7.1,5.5.2.2;5.5.2;5.5.2.1;5.9.2,0.3624,TITLE_METADATA_ONLY,classification_status_not_allowed,https://doi.org/10.7763/lnse.2014.v2.101,
url:https://arxiv.org/pdf/2510.27194v1,CAN_A232621F2444897A6101,From product to system network challenges in system of systems lifecycle management,arxiv,journal_article,TIER_B,4.3.5,5.7.1;1.4;5.4.2;2.4,0.3623,ABSTRACT,classification_status_not_allowed,https://arxiv.org/abs/2510.27194v1,
10.1075/term.11.1.08dai,CAN_DE77CB0959DDEB2BF571,Variations and application-oriented terminology engineering,crossref,journal_article,TIER_B,1.1,1.4;2.1.1;2.4;1.2,0.5924,ABSTRACT,classification_status_not_allowed,https://doi.org/10.1075/term.11.1.08dai,
url:http://revistamotricidad.es/openjs/index.php?journal=motricidad&amp%3Bpage=article&amp%3Bop=view&amp%3Bpath%5B%5D=127,CAN_FD7B4BBC58E7C1FDAF76,The Effectiveness of four Motor Games for the Abdominal Conditioning Eficacia de cuatro juegos motores para el acondicionamiento de los músculos del abdomen,doaj,journal_article,TIER_B,5.7,1.4;5.7.2;2.4;5.4.2,0.362,ABSTRACT,classification_status_not_allowed,http://revistamotricidad.es/openjs/index.php?journal=motricidad&amp;page=article&amp;op=view&amp;path%5B%5D=127,
10.1038/ncomms7401,CAN_BA29B2503CC3DAC2ABF8,Ti-substituted tunnel-type Na0.44MnO2 oxide as a negative electrode for aqueous sodium-ion batteries,openalex,journal_article,TIER_B,5.7,5.7.2;5.4.1;2.2;5.4.2,0.3618,ABSTRACT,classification_status_not_allowed,https://doi.org/10.1038/ncomms7401,
10.1007/978-3-030-41579-2_8,CAN_AC0A110DFABFA1BE083C,Road Context-aware Intrusion Detection System for Autonomous Cars,arxiv,journal_article,TIER_B,1.4,1.4.1;5.4;5.4.2;2.4,0.3618,ABSTRACT,classification_status_not_allowed,https://arxiv.org/abs/1908.00732v1,
10.1371/journal.pone.0350698,CAN_AD76AFDAF4FB5BF0CBC1,Markov modeling in R: Advanced method using a cost-effectiveness analysis.,europe_pmc,journal_article,TIER_B,5.7.1,6.1;6;4.3.5;5.7,0.3615,ABSTRACT,classification_status_not_allowed,https://europepmc.org/articles/PMC13271473,
10.13107/jocr.2026.v16.i01.6660,CAN_BD24A96689A6479FC98B,Arthroscopic Anchorless Rotator Cuff Repair with Anterior Cruciate Ligament Jig using the “J Technique:” A Cost-Effective Alternative,doaj,journal_article,TIER_B,5.4.1,5.5.2.1;2.4;1.4;2.1.2,0.5868,ABSTRACT,classification_status_not_allowed,https://jocr.co.in/wp/2026/01/arthroscopic-anchorless-rotator-cuff-repair-with-anterior-cruciate-ligament-jig-using-the-j-technique-a-cost-effective-alternative/,
10.1016/s0092-8674(00)80930-7,CAN_731B5611BF76CA113104,Protein Translocation: Tunnel Vision,openalex,journal_article,TIER_B,1.4.1,1.5;1.4;5.4.1;2.2,0.3615,TITLE_METADATA_ONLY,classification_status_not_allowed,https://doi.org/10.1016/s0092-8674(00)80930-7,
10.1186/s43044-025-00668-6,CAN_B5F32871544128AEEC74,A report study of successful surgical treatment of an aorto-left ventricular tunnel in a 5-year-old boy: differential diagnosis from other congenital heart diseases with similar clinical symptoms.,europe_pmc,journal_article,TIER_B,1.5,1.4.1;1.4;5.4.1;5.9,0.3614,ABSTRACT,classification_status_not_allowed,https://europepmc.org/articles/PMC12304325,
10.3390/diagnostics16020303,CAN_EE72A2A7F26A6B019A79,"Thickening of Dorsal Foot Nerves: A Frequent Sonographic Finding in Asymptomatic Volunteers, Potentially Leading to False Positive Results.",europe_pmc,journal_article,TIER_B,5.4.1,1.4;2.4.1.1;2.4.1;2.4.2,0.3611,ABSTRACT,classification_status_not_allowed,https://europepmc.org/articles/PMC12839686,
10.1103/physrevlett.84.867,CAN_94438FEFE47E87F400E5,First Experimental Evidence for Chaos-Assisted Tunneling in a Microwave Annular Billiard,openalex,journal_article,TIER_B,1.3,5.4.2;1.4.1;5.4.1;2.2,0.3611,ABSTRACT,classification_status_not_allowed,http://arxiv.org/abs/chao-dyn/9911023,
10.1186/s13018-021-02890-9,CAN_C4E8CD9B826321189362,Remnants-preserving ACL reconstruction using direct tendinous graft fixation: a new rat model,doaj,journal_article,TIER_B,5.4.1,5.5.2.1;5.5.2;2.1.2;1.5,0.5178,ABSTRACT,classification_status_not_allowed,https://doi.org/10.1186/s13018-021-02890-9,
10.1038/s41467-026-73699-5,CAN_FD4AC0BF819E049EDBD5,Elp3 uses a conserved molecular tunnel to transport acetate between distant active sites and catalyze tRNA wobble base modification.,europe_pmc,journal_article,TIER_B,5.4.1,2.2;1.4.1;2.2.3;2.4,0.3606,ABSTRACT,classification_status_not_allowed,https://europepmc.org/articles/PMC13315578,
10.1145/2559899.2560327,CAN_7CF4C4528E4C7219C1F9,The Road to SDN,openalex,journal_article,TIER_B,2.4,1.4;1.4.1;2.4.3;5.9.2,0.3605,ABSTRACT,classification_status_not_allowed,https://doi.org/10.1145/2559899.2560327,
10.1016/j.bbabio.2006.04.015,CAN_6BDB7C0EEF356646A9DA,Electron tunneling chains of mitochondria,openalex,journal_article,TIER_B,5.7,5.7.2;1.4.1;1.5;2.2,0.3603,TITLE_METADATA_ONLY,classification_status_not_allowed,https://doi.org/10.1016/j.bbabio.2006.04.015,
10.1177/26350254231195087,CAN_73FDE883CECC3322E4BA,Tibial-Sling Triangular Medial Collateral Ligament Reconstruction With Posterior Oblique Ligament Limb,doaj,journal_article,TIER_B,5.4.1,5.5.2.1;2.4;1.4;5.9,0.5172,ABSTRACT,classification_status_not_allowed,https://doi.org/10.1177/26350254231195087,
10.1016/s0886-7798(02)00016-0,CAN_BEB1F32AAE5D84815087,Fire safety: a short history in the Paris subway,crossref,journal_article,TIER_B,1.5,1.5.1;5.9.2;1.4;1.4.1,0.3759,TITLE_METADATA_ONLY,classification_status_not_allowed,https://doi.org/10.1016/s0886-7798(02)00016-0,
10.1016/s0886-7798(03)00071-3,CAN_AAFB86C4E2BA5A228BA6,History of the sprayed concrete lining method—part I: milestones up to the 1960s,crossref,journal_article,TIER_B,1.3,,0.95,TITLE_METADATA_ONLY,not_handoff_candidate,https://doi.org/10.1016/s0886-7798(03)00071-3,
10.1038/s41598-025-27527-3,CAN_AF89792FCB836D9C7277,Unraveling of electrical conductivity for nanocomposites containing carbon black: a new insight into tunneling resistance.,europe_pmc,journal_article,TIER_B,5.4.2,5.7;1.4;2.4;5.7.2,0.3591,ABSTRACT,classification_status_not_allowed,https://europepmc.org/articles/PMC12695930,
10.1111/j.1365-2664.2008.01600.x,CAN_6DA45BE9B6C11EA8BF48,"Trade, transport and trouble: managing invasive species pathways in an era of globalization",openalex,journal_article,TIER_B,2.4.2.1,1.4;1.4.1;1.3;6.2.2,0.5158,ABSTRACT,classification_status_not_allowed,https://doi.org/10.1111/j.1365-2664.2008.01600.x,
10.5435/jaaosglobal-d-25-00006,CAN_ACA3D73A52C1739CAC31,Evaluation and Management of Knee Dislocations in Low-income Settings: Evidence-based Strategies and Practical Considerations.,europe_pmc,journal_article,TIER_B,5.5.2.1,1.4;5.4.1;5.9;1.5,0.3581,ABSTRACT,classification_status_not_allowed,https://europepmc.org/articles/PMC12528600,
10.1177/26350254261451037,CAN_5E531BA87CA05BDBB1DD,Meniscal Root Repair With Centralization.,europe_pmc,journal_article,TIER_B,5.4.1,5.5.2.1;1.4;2.4;5.9,0.5903,ABSTRACT,classification_status_not_allowed,https://europepmc.org/articles/PMC13287401,
10.3389/frsus.2026.1766022,CAN_6280E69FCEAB6DC91D17,Integrating techno-economic analysis into restoration ecology: bridging ecological outcomes with financial feasibility,doaj,journal_article,TIER_B,5.5.2.1,4.3.5;5.7.1;5.7;5.7.2,0.3578,ABSTRACT,classification_status_not_allowed,https://www.frontiersin.org/articles/10.3389/frsus.2026.1766022/full,
10.31767/su.1(88)2020.01.15,CAN_987F25C4D30D31AEE342,Nobel Prize Level Scientific Discoveries of a Heir of Zaporizhian Cossacks,doaj,journal_article,TIER_B,5.7,1.4.1;1.3;1.3.1;1.5,0.5136,ABSTRACT,classification_status_not_allowed,https://su-journal.com.ua/index.php/journal/article/view/292,
10.1039/d5sc09895e,CAN_C0FB9995966AEC3E9AFD,Engineering manganese-based cathodes for low-cost and high-energy rechargeable batteries.,europe_pmc,journal_article,TIER_B,5.7,5.7.2;5.4.2;5.7.1;5.4.1,0.6426,ABSTRACT,classification_status_not_allowed,https://europepmc.org/articles/PMC12954518,
10.1038/s41392-021-00648-7,CAN_A122A52DADE84D36501F,"DNA damage repair: historical perspectives, mechanistic pathways and clinical translation for targeted cancer therapy",openalex,journal_article,TIER_B,5.4.1,5.5.2.1;1.5;1.5.1;5.5.2,0.5907,ABSTRACT,classification_status_not_allowed,https://doi.org/10.1038/s41392-021-00648-7,
10.1103/revmodphys.81.109,CAN_F021CBCD7134B5C1DD91,The electronic properties of graphene,openalex,journal_article,TIER_B,5.7.2,5.4.2;1.4.1;5.7;2.4,0.3573,ABSTRACT,classification_status_not_allowed,https://doi.org/10.1103/revmodphys.81.109,
10.3390/jcm15113992,CAN_B2C08A33F8E41CDE1705,Postoperative Radiographic Reports After Anterior Cruciate Ligament Reconstruction: Are We Assessing What Really Matters?,europe_pmc,journal_article,TIER_B,5.9,5.9.2;1.4;5.4.1;5.5.2.1,0.513,ABSTRACT,classification_status_not_allowed,https://europepmc.org/articles/PMC13257830,
10.1530/eor-2025-0247,CAN_3F5FC4331D326953E1EC,No single best technique: trade-offs in femoral interference screw fixation for bone-patellar tendon-bone anterior cruciate ligament reconstruction.,europe_pmc,journal_article,TIER_B,1.4,2.4;5.5.2.1;5.4.1;2.2,0.3569,ABSTRACT,classification_status_not_allowed,https://europepmc.org/articles/PMC13326880,
10.1103/physrevlett.95.010402,CAN_A6DDF23612587F2DD5E5,Direct Observation of Tunneling and Nonlinear Self-Trapping in a Single Bosonic Josephson Junction,openalex,journal_article,TIER_B,2.2,5.4.1;1.3;1.4.1;1.4,0.3566,ABSTRACT,classification_status_not_allowed,http://arxiv.org/abs/cond-mat/0411757,
url:http://www.dovepress.com/implantation-of-peritoneal-catheters-by-laparotomy-nephrologists-obtai-peer-reviewed-article-IJNRD,CAN_4FAEA1A791C1C5CD2450,Implantation of peritoneal catheters by laparotomy: nephrologists obtained similar results to general surgeons,doaj,journal_article,TIER_B,1.4,2.2;5.4.1;1.4.1;6.2,0.3559,ABSTRACT,classification_status_not_allowed,http://www.dovepress.com/implantation-of-peritoneal-catheters-by-laparotomy-nephrologists-obtai-peer-reviewed-article-IJNRD,
10.1016/j.xrrt.2022.04.001,CAN_3B3D8D284F47893510FF,Surgical repair of distal triceps rupture: a systematic review of outcomes and complications,doaj,journal_article,TIER_B,5.4.1,5.9;5.9.2;5.5.2.1;1.4,0.5882,ABSTRACT,classification_status_not_allowed,http://www.sciencedirect.com/science/article/pii/S2666639122000529,
10.7759/cureus.108554,CAN_BD8721359654540EC0A7,Minimally Invasive Acromioclavicular Joint Stabilization Using an Adjustable Endobutton: A Report of Two Cases.,europe_pmc,journal_article,TIER_B,2.4,1.4;5.5.2.1;2.1.2;5.4.1,0.3549,ABSTRACT,classification_status_not_allowed,https://europepmc.org/articles/PMC13245829,
10.1186/s13018-026-06802-7,CAN_24D2448915D5819984C2,Arthroscopic dual-reduction fixation for acromioclavicular joint dislocation: transosseous and half-cerclage fixation outcomes.,europe_pmc,journal_article,TIER_B,2.4,5.5.2.1;1.4;5.4.1;5.9.2,0.3547,ABSTRACT,classification_status_not_allowed,https://europepmc.org/articles/PMC13220553,
10.1177/26350254251399223,CAN_1CAA2434C6D153EB7B60,Medial Patellofemoral Ligament Reconstruction Utilizing Autograft Quadriceps Tendon.,europe_pmc,journal_article,TIER_B,2.4,5.5.2.1;5.4.1;1.4;5.5.2,0.5107,ABSTRACT,classification_status_not_allowed,https://europepmc.org/articles/PMC13167395,
10.1002/ctm2.70598,CAN_EEB77EEDEEFBCAEE38E3,"Quantum medicine: A quantum-mechanical framework for redox biology, disease and precision medicine.",europe_pmc,journal_article,TIER_B,1.4.1,5.7;5.7.2;1.4;5.4.1,0.3533,ABSTRACT,classification_status_not_allowed,https://europepmc.org/articles/PMC12816978,
10.1155/crpu/4242228,CAN_FEAA773168BCC6D08AD8,Halos and Hemoptysis: A Case of Intrapulmonary Sequestration Masquerading as a Pulmonary Aspergilloma.,europe_pmc,journal_article,TIER_B,5.4.1,1.5.1;1.5;1.4.1;1.3,0.3531,ABSTRACT,classification_status_not_allowed,https://europepmc.org/articles/PMC12968066,
10.3390/e21101003,CAN_787987527C3D99D6347E,Enhanced Negative Nonlocal Conductance in an Interacting Quantum Dot Connected to Two Ferromagnetic Leads and One Superconducting Lead,doaj,journal_article,TIER_B,1.4.1,5.7.2;2.4;5.4.2;1.4,0.3531,ABSTRACT,classification_status_not_allowed,https://www.mdpi.com/1099-4300/21/10/1003,
10.1016/j.inat.2026.102199,CAN_B72410A6C7E19F22FFB4,Supercharge end-to-side anterior interosseous to motor ulnar nerve transfer under robotic exoscopic visualization: Proof-of-concept illustrative case,doaj,journal_article,TIER_B,5.7.2,2.4;1.4;5.9;5.5.2.1,0.3526,ABSTRACT,classification_status_not_allowed,http://www.sciencedirect.com/science/article/pii/S221475192600006X,
10.1590/S0103-84782004000500019,CAN_6AD04AF557EE318F499F,"Crescimento, desenvolvimento e produtividade do tomateiro cultivado em substrato com três concentrações de nitrogênio na solução nutritiva Growth, development and yield of tomato plants grown in substrate under three nitrogen concentrations of the nutrient solution",doaj,journal_article,TIER_B,2.2,5.7.1;2.1;5.7;2.1.2,0.3521,ABSTRACT,classification_status_not_allowed,http://www.scielo.br/scielo.php?script=sci_arttext&pid=S0103-84782004000500019,
10.13107/jocr.2026.v16.i067390,CAN_F2420CFBD9A24F39D0E8,Functional Outcomes of Arthroscopic Anterior Cruciate Ligament Reconstruction Using Hamstring Tendon Autograft in a Predominantly Chronic Anterior Cruciate Ligament Injury Cohort: A Prospective Study.,europe_pmc,journal_article,TIER_B,1.5,5.5.2.1;1.4;5.4.1;1.5.2,0.3515,ABSTRACT,classification_status_not_allowed,https://europepmc.org/articles/PMC13248524,
10.1002/jor.70183,CAN_B7F30FDEB736203CDD20,Localized Delivery of a Small Molecule Hedgehog Agonist via Poly(ε-caprolactone) Scaffolds Enhances Tendon-to-Bone Integration.,europe_pmc,journal_article,TIER_B,2.4,5.4.1;1.4;1.4.1;5.5.2.1,0.5113,ABSTRACT,classification_status_not_allowed,https://europepmc.org/articles/PMC13036285,
10.12688/f1000research.157023.2,CAN_4FEDE2CB7D17122ABD0F,"Case Report: Delayed Diagnosis of Leprosy-Related Neuropathic Ulcer, Insights from a Case of Delay to Diagnose across Four Clinical Settings [version 2; peer review: 2 approved]",doaj,journal_article,TIER_B,1.4,5.4.1;1.5.2;1.5;5.5.2,0.5082,ABSTRACT,classification_status_not_allowed,https://f1000research.com/articles/13-1211/v2,
10.1002/pro.70583,CAN_142EC7C2C30B1E39F667,Tetrameric hotdog-fold structure and catalytic mechanism of the SaPaaI thioesterase from Staphylococcus aureus.,europe_pmc,journal_article,TIER_B,2.4,5.4.1;1.4.1;5.5.2.1;5.7.1,0.5041,ABSTRACT,classification_status_not_allowed,https://europepmc.org/articles/PMC13114782,
10.3390/diagnostics16050748,CAN_542DD0AB4DEB35FD484E,Morphometric Evaluation of Anterior Cruciate Ligament Orientation and Tibial Footprint Location Using Magnetic Resonance Imaging.,europe_pmc,journal_article,TIER_B,2.4.2,2.4;2.4.2.2;1.4;2.4.2.1,0.511,ABSTRACT,classification_status_not_allowed,https://europepmc.org/articles/PMC12985072,
10.1097/01.back.0000513482.45766.3b,CAN_DEC1F403E0B80A59A18C,A US Government Agency Has Tunnel Vision on the Definition of a Back Care Professional,crossref,journal_article,TIER_B,1.4,5.9.2;5.4.1;5.9;1.4.1,0.351,TITLE_METADATA_ONLY,classification_status_not_allowed,https://doi.org/10.1097/01.back.0000513482.45766.3b,
10.5397/cise.2025.00801,CAN_87A0D1747449BB868D5F,Characteristics and outcomes of cubital tunnel decompression in diabetic patients receiving glucagon-like peptide-1 receptor agonists,doaj,journal_article,TIER_B,1.4,2.1.2;5.7.1;5.9;5.4.1,0.3507,ABSTRACT,classification_status_not_allowed,http://cisejournal.org/upload/pdf/cise-2025-00801.pdf,
url:https://arxiv.org/pdf/1802.00922v1,CAN_12537036CBAB93D95B77,Realizing Uncertainty-Aware Timing Stack in Embedded Operating System,arxiv,journal_article,TIER_B,5.4.2,5.7.1;5.8;1.4;5.5.2.2,0.3476,ABSTRACT,classification_status_not_allowed,https://arxiv.org/abs/1802.00922v1,
10.1016/j.vetpar.2015.01.004,CAN_A288AB52D6F212EB4D10,Fasciola hepatica vaccine: We may not be there yet but we’re on the right road,openalex,journal_article,TIER_B,1.4,1.5;5.4.1;1.3;2.4,0.3447,ABSTRACT,classification_status_not_allowed,https://doi.org/10.1016/j.vetpar.2015.01.004,
10.3390/s26123941,CAN_19C7ACCBE56EBF2FED7E,Integrated LiDAR-Based Localization Correction Using a Dedicated Support Sign for Autonomous Vehicles.,europe_pmc,journal_article,TIER_B,2.4.1.2,5.4.2;2.4;5.7.1;1.4,0.3792,ABSTRACT,classification_status_not_allowed,https://europepmc.org/articles/PMC13306819,
10.1038/s41597-025-05471-1,CAN_46F3F3CA996695A91F3D,Multimodal sensor dataset from vehicle-mounted mobile mapping system for comprehensive urban scenes.,europe_pmc,journal_article,TIER_B,1.4.1,1.4;2.4;2.4.1.1;2.4.1.2,0.3675,ABSTRACT,classification_status_not_allowed,https://europepmc.org/articles/PMC12350673,
10.1007/s42452-026-08970-x,CAN_FF7462DBACB3AF2E46A9,Development and multi-scenario validation of a real-time pavement distress monitoring system based on lightweight YOLOv8,doaj,journal_article,TIER_B,5.4,,0.82,ABSTRACT,not_handoff_candidate,https://doi.org/10.1007/s42452-026-08970-x,
10.4000/11udo,CAN_1EFDD7B01E692EB4DD6F,Le réseau hydraulique à Pompéi (Italie) de l’époque des Samnites à Auguste (fin ive-fin ier s. av. J.-C.),doaj,journal_article,TIER_B,1.3,,0.95,ABSTRACT,not_handoff_candidate,https://journals.openedition.org/gallia/8700,
10.21923/jesd.562008,CAN_1C3970EF19008B1265E5,PÜSKÜRTME BETONUN YAKLAŞIK MALİYET ANALİZİ İÇİN UYGULAMA GELİŞTİRİLMESİ,openalex,journal_article,TIER_B,6.1,,0.93,ABSTRACT,not_handoff_candidate,https://doi.org/10.21923/jesd.562008,
10.1051/e3sconf/20199402003,CAN_88C8833B322C2A5EE3A8,"Performance evaluation on GNSS, wheel speed sensor, yaw rate sensor, and gravity sensor integrated positioning algorithm for automotive navigation system",doaj,journal_article,TIER_B,2.4.2.1,5.4.2;1.4;1.4.1;5.7.1,0.5211,ABSTRACT,classification_status_not_allowed,https://www.e3s-conferences.org/articles/e3sconf/pdf/2019/20/e3sconf_isgnss2018_02003.pdf,
10.3390/en11092369,CAN_D8E1256EEBF851FABEE8,"Total Cost of Ownership Based Economic Analysis of Diesel, CNG and Electric Bus Concepts for the Public Transport in Istanbul City",doaj,journal_article,TIER_B,4,,0.85,ABSTRACT,not_handoff_candidate,http://www.mdpi.com/1996-1073/11/9/2369,
10.5194/isprs-archives-XLVIII-G-2025-1269-2025,CAN_02D73E26885B1E5BA662,Accurate Mapping of Subterranean Structures with Mobile Phones,doaj,journal_article,TIER_B,2.4.1.2,2.4.1.1;2.4.1;2.4;1.4,0.3873,ABSTRACT,classification_status_not_allowed,https://isprs-archives.copernicus.org/articles/XLVIII-G-2025/1269/2025/isprs-archives-XLVIII-G-2025-1269-2025.pdf,
10.3390/s26092840,CAN_C71821DC8AB5DF6445D6,Digital Twin of Coal Mine Rescue Robot-Research on Intelligence and Visualization.,europe_pmc,journal_article,TIER_B,1.4,2.4;2.4.1;5.7.2;2.2,0.5344,ABSTRACT,classification_status_not_allowed,https://europepmc.org/articles/PMC13165540,
10.3389/fenrg.2023.1346005,CAN_88D82307EDBF81D576AC,Use of condition-based valuation approach to evaluate the maintenance decision of pavement assets: a case study of Yunnan Province in China,doaj,journal_article,TIER_B,4.3.5,,0.78,ABSTRACT,not_handoff_candidate,https://www.frontiersin.org/articles/10.3389/fenrg.2023.1346005/full,
10.19678/j.issn.1000-3428.0066023,CAN_886B2737E1A62FD07AF7,Research on Multilevel Network Optimization of Urban Underground Logistics in Megaloplis,doaj,journal_article,TIER_B,5.7.1,2.4;5.7.2;2.4.2.1;2.4.2,0.609,ABSTRACT,classification_status_not_allowed,https://www.ecice06.com/fileup/1000-3428/PDF/20231235.pdf,
10.1049/itr2.12568,CAN_3D9D745974B360C630E9,A multi‐objective optimization model for RSU deployment in intelligent expressways based on traffic adaptability,doaj,journal_article,TIER_B,1.4,,0.8,ABSTRACT,not_handoff_candidate,https://doi.org/10.1049/itr2.12568,
10.52442/rjhs.v1i1.4,CAN_B60C026E840208113E75,Spinal cord injury and its associated challenges to rehabilitation of patients in Pakistan,doaj,journal_article,TIER_B,1.5,5.5.2;5.5.2.1;1.4.1;1.4,0.356,ABSTRACT,classification_status_not_allowed,http://www.rjhs.pk/index.php/rehman-journal-of-health-science/article/view/4,
10.1038/s41598-025-01257-y,CAN_2115F5D9B28A32FCD769,A comparative analysis of nanocoated expanded polystyrene for sustainable infrastructure applications,doaj,journal_article,TIER_B,4.3.5,,0.92,ABSTRACT,not_handoff_candidate,https://doi.org/10.1038/s41598-025-01257-y,
10.1002/dug2.70064,CAN_FE968B7C6331D382D879,Critical technologies in the construction of underground artificial chamber for compressed air energy storage systems,doaj,journal_article,TIER_B,5.7,,0.82,ABSTRACT,not_handoff_candidate,https://doi.org/10.1002/dug2.70064,
10.3390/s24020425,CAN_8475BEE3B71F449A7DF6,Rapid Geometric Evaluation of Transportation Infrastructure Based on a Proposed Low-Cost Portable Mobile Laser Scanning System,doaj,journal_article,TIER_B,2.4.1.3,,0.95,ABSTRACT,not_handoff_candidate,https://www.mdpi.com/1424-8220/24/2/425,
10.1109/ACCESS.2025.3558409,CAN_F9E5A60F1E23BB7B72F9,TCI-Net: Structural Feature Enhancement and Multi-Level Constrained Network for Reliable Thin Crack Identification on Concrete Surfaces,doaj,journal_article,TIER_B,5.4.1,,0.85,ABSTRACT,not_handoff_candidate,https://ieeexplore.ieee.org/document/10950368/,
10.1038/s41598-024-52473-x,CAN_372D917521E85B08ACC2,"Study on safe crossing in the dry season and an anti-floating drainage scheme in the wet season: a case study in Guiyang, Southwest China.",europe_pmc,journal_article,TIER_B,2.4,,0.75,ABSTRACT,not_handoff_candidate,https://europepmc.org/articles/PMC10808123,
10.1038/s41378-025-01050-x,CAN_477C614C84074E9E40FD,A MEMS wall shear stress sensor with floating cover plate for aerospace flow monitoring in harsh environments.,europe_pmc,journal_article,TIER_B,5.4.2,5.4.1;1.4;5.5.2.2;2.4,0.3627,ABSTRACT,classification_status_not_allowed,https://europepmc.org/articles/PMC12511368,
10.3390/s26041131,CAN_965EB6898AB966DFCA05,From Point Clouds to Predictive Maintenance: A Review of Intelligent Railway Infrastructure Monitoring.,europe_pmc,journal_article,TIER_B,5.4,,0.92,ABSTRACT,not_handoff_candidate,https://europepmc.org/articles/PMC12944166,
10.3390/s26010141,CAN_C6BED0F41612A9F3F593,Scene Understanding System of Underground Pipeline Corridors Under Characteristic Degradation Conditions.,europe_pmc,journal_article,TIER_B,1.2,5.4.1;2.4.1;1.4;5.9,0.54,ABSTRACT,classification_status_not_allowed,https://europepmc.org/articles/PMC12787649,
10.1155/adce/9935649,CAN_8D73B2597C29CBCE89C8,Prevention and Controlling Techniques for High Ground Temperature Disaster in Deep Underground Engineering: A Review,doaj,journal_article,TIER_B,2.2,,0.85,ABSTRACT,not_handoff_candidate,http://dx.doi.org/10.1155/adce/9935649,
10.16285/j.rsm.2022.5039,CAN_142FFA23A1D49B2A1B75,Experimental study on mesoscopic damage and fragmentation characteristics of hard rock under repeated particle impacts,doaj,journal_article,TIER_B,2.2,,0.85,ABSTRACT,not_handoff_candidate,http://rocksoilmech.whrsm.ac.cn/EN/10.16285/j.rsm.2022.5039,
10.1046/j.1462-2920.2000.00105.x,CAN_33E860094CEFFC02D381,Origins of halophilic microorganisms in ancient salt deposits,openalex,journal_article,TIER_B,1.3.1,1.3;2.2;2.2.3;5.4.1,0.356,ABSTRACT,classification_status_not_allowed,https://doi.org/10.1046/j.1462-2920.2000.00105.x,
10.30664/ar.67557,CAN_F023F9E0070CD3A56AA8,Remaking the City: Archaeological Projects of Political Import in Jerusalem's Old City and in the Village of Silwan,doaj,journal_article,TIER_B,1.3,,0.75,ABSTRACT,not_handoff_candidate,https://journal.fi/ar/article/view/67557,
url:https://journals.openedition.org/racf/1734,CAN_6C094452D0BBAED16B63,Les ouvrages de franchissement des aqueducs antiques de Bourges,doaj,journal_article,TIER_B,1.3,1.3.1;2.4;2.2;5.4.1,0.3768,ABSTRACT,classification_status_not_allowed,https://journals.openedition.org/racf/1734,
