document_id,file_name,stem,extension,absolute_path,relative_path,parent_folder,size_bytes,size_mb,created_time,modified_time,sha256,mime_type,is_supported,conversion_candidate,hash_error
DOC000001,1-s2.0-S0886779816307866-main.pdf,1-s2.0-S0886779816307866-main,.pdf,C:\Users\bulsa\OneDrive\Desktop\tunnel\Leyla Literatür\TunelMaliyet\1-s2.0-S0886779816307866-main.pdf,Leyla Literatür/TunelMaliyet/1-s2.0-S0886779816307866-main.pdf,Leyla Literatür/TunelMaliyet,1356072,1.293251,2026-08-12T19:11:11+03:00,2024-02-08T16:59:03+03:00,1980884f21bd5c134c8e603a62bc715204b58c5d43382eb7b89a5779e380e1c7,application/pdf,True,True,
DOC000002,12229738_04.pdf,12229738_04,.pdf,C:\Users\bulsa\OneDrive\Desktop\tunnel\Leyla Literatür\TunelMaliyet\12229738_04.pdf,Leyla Literatür/TunelMaliyet/12229738_04.pdf,Leyla Literatür/TunelMaliyet,3010069,2.870625,2026-08-12T19:11:11+03:00,2024-02-07T16:25:29+03:00,a9dc4c909c9d5972c9b348bc14fa59991b7d0d4e8eb79cd73b9d771cb26ef49b,application/pdf,True,True,
DOC000003,13965.pdf,13965,.pdf,C:\Users\bulsa\OneDrive\Desktop\tunnel\Leyla Literatür\TunelMaliyet\13965.pdf,Leyla Literatür/TunelMaliyet/13965.pdf,Leyla Literatür/TunelMaliyet,7093307,6.764705,2026-08-12T19:11:11+03:00,2021-09-08T15:58:02+03:00,e4e696e67dc8f1675451c38298acc0ee645ade4b74d8dea722d77cd210551d15,application/pdf,True,True,
DOC000004,1999 05.06.B Chap 7 EN.pdf,1999 05.06.B Chap 7 EN,.pdf,C:\Users\bulsa\OneDrive\Desktop\tunnel\Leyla Literatür\TunelMaliyet\1999 05.06.B Chap 7 EN.pdf,Leyla Literatür/TunelMaliyet/1999 05.06.B Chap 7 EN.pdf,Leyla Literatür/TunelMaliyet,61317,0.058476,2026-08-12T19:11:11+03:00,2021-09-08T16:26:56+03:00,77cf2eb068cd0f71b6f6069617f35886b8f6fb4f66e7f4d78aae7b8de6935a72,application/pdf,True,True,
DOC000005,3433030499-627.pdf,3433030499-627,.pdf,C:\Users\bulsa\OneDrive\Desktop\tunnel\Leyla Literatür\TunelMaliyet\3433030499-627.pdf,Leyla Literatür/TunelMaliyet/3433030499-627.pdf,Leyla Literatür/TunelMaliyet,1423474,1.357531,2026-08-12T19:11:11+03:00,2021-09-08T15:41:25+03:00,88542183b3fa42e9a11933065239cd73839b62ba311a4c1705f13390b5561285,application/pdf,True,True,
DOC000006,3433030499-628.pdf,3433030499-628,.pdf,C:\Users\bulsa\OneDrive\Desktop\tunnel\Leyla Literatür\TunelMaliyet\3433030499-628.pdf,Leyla Literatür/TunelMaliyet/3433030499-628.pdf,Leyla Literatür/TunelMaliyet,798450,0.761461,2026-08-12T19:11:11+03:00,2021-09-08T15:42:14+03:00,197ca69742a7143371e57de84424bf6efb817fc1e24298cd742ead68da45b06b,application/pdf,True,True,
DOC000007,3433030499-629.pdf,3433030499-629,.pdf,C:\Users\bulsa\OneDrive\Desktop\tunnel\Leyla Literatür\TunelMaliyet\3433030499-629.pdf,Leyla Literatür/TunelMaliyet/3433030499-629.pdf,Leyla Literatür/TunelMaliyet,823818,0.785654,2026-08-12T19:11:11+03:00,2021-09-08T15:41:55+03:00,f7364cfe35d103c795f3d2e5f31ce0dba9e072a5a7e070766682abe73f365b83,application/pdf,True,True,
DOC000008,An Ex-Post Cost - Benefit Analysis of Bolu Mountain__Tunnel Project[#473343]-558531.pdf,An Ex-Post Cost - Benefit Analysis of Bolu Mountain__Tunnel Project[#473343]-558531,.pdf,C:\Users\bulsa\OneDrive\Desktop\tunnel\Leyla Literatür\TunelMaliyet\An Ex-Post Cost - Benefit Analysis of Bolu Mountain__Tunnel Project[#473343]-558531.pdf,Leyla Literatür/TunelMaliyet/An Ex-Post Cost - Benefit Analysis of Bolu Mountain__Tunnel Project[#473343]-558531.pdf,Leyla Literatür/TunelMaliyet,288386,0.275026,2026-08-12T19:11:11+03:00,2024-02-07T16:19:58+03:00,a95c677557c8064ee02e138b9b538bd52d1151c2cedca7bc1c2a18db66e01639,application/pdf,True,True,
DOC000009,AppendixF.pdf,AppendixF,.pdf,C:\Users\bulsa\OneDrive\Desktop\tunnel\Leyla Literatür\TunelMaliyet\AppendixF.pdf,Leyla Literatür/TunelMaliyet/AppendixF.pdf,Leyla Literatür/TunelMaliyet,125148,0.11935,2026-08-12T19:11:11+03:00,2024-02-07T14:15:49+03:00,a11326648f705babf4f9c91a9092d8833da40a7faf35e15ec6495b13fd30a412,application/pdf,True,True,
DOC000010,Complete List of Different Methods of Tunnel Construction _ Principal Tunneling Types _ CivilDigital _.pdf,Complete List of Different Methods of Tunnel Construction _ Principal Tunneling Types _ CivilDigital _,.pdf,C:\Users\bulsa\OneDrive\Desktop\tunnel\Leyla Literatür\TunelMaliyet\Complete List of Different Methods of Tunnel Construction _ Principal Tunneling Types _ CivilDigital _.pdf,Leyla Literatür/TunelMaliyet/Complete List of Different Methods of Tunnel Construction _ Principal Tunneling Types _ CivilDigital _.pdf,Leyla Literatür/TunelMaliyet,410374,0.391363,2026-08-12T19:11:11+03:00,2021-09-08T16:00:37+03:00,279425daaab3228f6b723aecfc8557456a726e6e3db8934acffd1855a19ed9e4,application/pdf,True,True,
DOC000011,ConstructionCost-annex_13_case_study_tunneling.pdf,ConstructionCost-annex_13_case_study_tunneling,.pdf,C:\Users\bulsa\OneDrive\Desktop\tunnel\Leyla Literatür\TunelMaliyet\ConstructionCost-annex_13_case_study_tunneling.pdf,Leyla Literatür/TunelMaliyet/ConstructionCost-annex_13_case_study_tunneling.pdf,Leyla Literatür/TunelMaliyet,905131,0.8632,2026-08-12T19:11:11+03:00,2020-09-28T09:29:40+03:00,132bdd29ff845933c0d02d8d129b902bc6e6a696d01dee2b9645f09f7e94fd2d,application/pdf,True,True,
DOC000012,COSTS OF CONSTRUCTION_Tunnel.docx,COSTS OF CONSTRUCTION_Tunnel,.docx,C:\Users\bulsa\OneDrive\Desktop\tunnel\Leyla Literatür\TunelMaliyet\COSTS OF CONSTRUCTION_Tunnel.docx,Leyla Literatür/TunelMaliyet/COSTS OF CONSTRUCTION_Tunnel.docx,Leyla Literatür/TunelMaliyet,26052,0.024845,2026-08-12T19:11:11+03:00,2024-02-06T16:04:18+03:00,3cf8e7e534d4363e9c7cd595883bdba4d4e935a1e04a3ac728ad87b2f0e47f4a,application/vnd.openxmlformats-officedocument.wordprocessingml.document,True,True,
DOC000013,Estimation_of_Annual_Routine_Maintenance_Cost_for_.pdf,Estimation_of_Annual_Routine_Maintenance_Cost_for_,.pdf,C:\Users\bulsa\OneDrive\Desktop\tunnel\Leyla Literatür\TunelMaliyet\Estimation_of_Annual_Routine_Maintenance_Cost_for_.pdf,Leyla Literatür/TunelMaliyet/Estimation_of_Annual_Routine_Maintenance_Cost_for_.pdf,Leyla Literatür/TunelMaliyet,699126,0.666739,2026-08-12T19:11:12+03:00,2024-02-07T14:13:14+03:00,e9bce09c7035ac5c141dea236fcfd694e507faf2ccba90f6e0e21f29b3ecaa4f,application/pdf,True,True,
DOC000014,GeoMon2013Paper644_revised_final_cost.pdf,GeoMon2013Paper644_revised_final_cost,.pdf,C:\Users\bulsa\OneDrive\Desktop\tunnel\Leyla Literatür\TunelMaliyet\GeoMon2013Paper644_revised_final_cost.pdf,Leyla Literatür/TunelMaliyet/GeoMon2013Paper644_revised_final_cost.pdf,Leyla Literatür/TunelMaliyet,1071629,1.021985,2026-08-12T19:11:12+03:00,2024-02-06T15:55:13+03:00,e36fdb6f7e102b86f58200ae2e89f5c300a92555e560afdd6339510ae519af28,application/pdf,True,True,
DOC000015,hif15005.pdf,hif15005,.pdf,C:\Users\bulsa\OneDrive\Desktop\tunnel\Leyla Literatür\TunelMaliyet\hif15005.pdf,Leyla Literatür/TunelMaliyet/hif15005.pdf,Leyla Literatür/TunelMaliyet,15821876,15.088917,2026-08-12T19:11:12+03:00,2024-02-07T16:25:56+03:00,b6a2b2e47753afe8699c10da551fe4afc311dcac8f4504a34c8e83d71fd157c8,application/pdf,True,True,
DOC000016,HS2_Guide_to_Tunnelling_Costs.pdf,HS2_Guide_to_Tunnelling_Costs,.pdf,C:\Users\bulsa\OneDrive\Desktop\tunnel\Leyla Literatür\TunelMaliyet\HS2_Guide_to_Tunnelling_Costs.pdf,Leyla Literatür/TunelMaliyet/HS2_Guide_to_Tunnelling_Costs.pdf,Leyla Literatür/TunelMaliyet,506043,0.4826,2026-08-12T19:11:12+03:00,2024-02-07T16:13:48+03:00,376b6902031fe537a68c4606bbc954db0a2583e517f679e65b8aeded512e39cd,application/pdf,True,True,
DOC000017,IRJET-V8I7794.pdf,IRJET-V8I7794,.pdf,C:\Users\bulsa\OneDrive\Desktop\tunnel\Leyla Literatür\TunelMaliyet\IRJET-V8I7794.pdf,Leyla Literatür/TunelMaliyet/IRJET-V8I7794.pdf,Leyla Literatür/TunelMaliyet,844123,0.805018,2026-08-12T19:11:12+03:00,2024-02-07T14:12:19+03:00,046493eef6fb4c973116c6e2a44114ce27376a2cb6b3f8eaf3fe750885c8f5f4,application/pdf,True,True,
DOC000018,low-cost-tunnels-rural-roads-asia-pacific.pdf,low-cost-tunnels-rural-roads-asia-pacific,.pdf,C:\Users\bulsa\OneDrive\Desktop\tunnel\Leyla Literatür\TunelMaliyet\low-cost-tunnels-rural-roads-asia-pacific.pdf,Leyla Literatür/TunelMaliyet/low-cost-tunnels-rural-roads-asia-pacific.pdf,Leyla Literatür/TunelMaliyet,1149747,1.096484,2026-08-12T19:11:12+03:00,2024-02-06T15:51:28+03:00,fe0cf79aab020b9dbf9747771619dc0aabe44dfd82d98aa47cae335893e49886,application/pdf,True,True,
DOC000019,operating-costs-and-revenues-report.pdf,operating-costs-and-revenues-report,.pdf,C:\Users\bulsa\OneDrive\Desktop\tunnel\Leyla Literatür\TunelMaliyet\operating-costs-and-revenues-report.pdf,Leyla Literatür/TunelMaliyet/operating-costs-and-revenues-report.pdf,Leyla Literatür/TunelMaliyet,330026,0.314737,2026-08-12T19:11:12+03:00,2024-02-07T14:15:14+03:00,fcafb5c9434d660130bf7645d163a6f1f1b387dc744013ce1c27638da1cfc856,application/pdf,True,True,
DOC000020,THICKI01_TALK.pdf,THICKI01_TALK,.pdf,C:\Users\bulsa\OneDrive\Desktop\tunnel\Leyla Literatür\TunelMaliyet\THICKI01_TALK.pdf,Leyla Literatür/TunelMaliyet/THICKI01_TALK.pdf,Leyla Literatür/TunelMaliyet,683005,0.651364,2026-08-12T19:11:13+03:00,2024-02-06T15:46:18+03:00,6935929ec3c5b865ccdbc939924945c3b5a05459da955ce7417a6f72c076f16e,application/pdf,True,True,
DOC000021,Tunnel - Wikipedia.pdf,Tunnel - Wikipedia,.pdf,C:\Users\bulsa\OneDrive\Desktop\tunnel\Leyla Literatür\TunelMaliyet\Tunnel - Wikipedia.pdf,Leyla Literatür/TunelMaliyet/Tunnel - Wikipedia.pdf,Leyla Literatür/TunelMaliyet,1834926,1.749922,2026-08-12T19:11:13+03:00,2021-09-08T15:45:02+03:00,3b8ddd107873155e0aeb2cadc12651707e75ab95a0d2855fb4100996fae4955e,application/pdf,True,True,
DOC000022,Tunnel_ 3 Types and Classification of Tunnel and Purposes.pdf,Tunnel_ 3 Types and Classification of Tunnel and Purposes,.pdf,C:\Users\bulsa\OneDrive\Desktop\tunnel\Leyla Literatür\TunelMaliyet\Tunnel_ 3 Types and Classification of Tunnel and Purposes.pdf,Leyla Literatür/TunelMaliyet/Tunnel_ 3 Types and Classification of Tunnel and Purposes.pdf,Leyla Literatür/TunelMaliyet,680770,0.649233,2026-08-12T19:11:13+03:00,2021-09-08T15:50:18+03:00,d6dcf36edb910eeb6c788624fca68a67c39638a2d0c255a05fa673df31db7cc3,application/pdf,True,True,
DOC000023,Tunnels-PIARC.docx,Tunnels-PIARC,.docx,C:\Users\bulsa\OneDrive\Desktop\tunnel\Leyla Literatür\TunelMaliyet\Tunnels-PIARC.docx,Leyla Literatür/TunelMaliyet/Tunnels-PIARC.docx,Leyla Literatür/TunelMaliyet,13114,0.012506,2026-08-12T19:11:13+03:00,2024-03-12T17:03:33+03:00,69d7dba96886fbecd37b45962e192ea54cd8024f239786977caadf0e25fef04e,application/vnd.openxmlformats-officedocument.wordprocessingml.document,True,True,
DOC000024,TUNNELS-TYPESANDIMPORTANCE.pdf,TUNNELS-TYPESANDIMPORTANCE,.pdf,C:\Users\bulsa\OneDrive\Desktop\tunnel\Leyla Literatür\TunelMaliyet\TUNNELS-TYPESANDIMPORTANCE.pdf,Leyla Literatür/TunelMaliyet/TUNNELS-TYPESANDIMPORTANCE.pdf,Leyla Literatür/TunelMaliyet,740327,0.706031,2026-08-12T19:11:13+03:00,2021-09-08T15:52:42+03:00,28bb46527ab1a9bdd8654fbf5185fe923f9d7b5d76b58fb0120b189100924396,application/pdf,True,True,
DOC000025,What Is Tunel _ Types of Tunnels _ What Are Tunnels Used for _ Classification of Tunnel _ How Are Tunnels Built _Advantages of Tunnels _ Disadvantages of Tunnels.pdf,What Is Tunel _ Types of Tunnels _ What Are Tunnels Used for _ Classification of Tunnel _ How Are Tunnels Built _Advantages of Tunnels _ Disadvantages of Tunnels,.pdf,C:\Users\bulsa\OneDrive\Desktop\tunnel\Leyla Literatür\TunelMaliyet\What Is Tunel _ Types of Tunnels _ What Are Tunnels Used for _ Classification of Tunnel _ How Are Tunnels Built _Advantages of Tunnels _ Disadvantages of Tunnels.pdf,Leyla Literatür/TunelMaliyet/What Is Tunel _ Types of Tunnels _ What Are Tunnels Used for _ Classification of Tunnel _ How Are Tunnels Built _Advantages of Tunnels _ Disadvantages of Tunnels.pdf,Leyla Literatür/TunelMaliyet,2818470,2.687902,2026-08-12T19:11:13+03:00,2021-09-08T16:02:58+03:00,2879f22960b2b823d22e703752762a07051ec43416aa503908de1b0f066b9644,application/pdf,True,True,
DOC000026,1-s2.0-S0886779816307866-main (2).pdf,1-s2.0-S0886779816307866-main (2),.pdf,C:\Users\bulsa\OneDrive\Desktop\tunnel\Leyla Literatür\Tünel\1-s2.0-S0886779816307866-main (2).pdf,Leyla Literatür/Tünel/1-s2.0-S0886779816307866-main (2).pdf,Leyla Literatür/Tünel,1356072,1.293251,2026-08-12T19:11:13+03:00,2024-02-26T16:03:19+03:00,1980884f21bd5c134c8e603a62bc715204b58c5d43382eb7b89a5779e380e1c7,application/pdf,True,True,
DOC000027,2bff0e55530a5f042b71b7245b9310a5_original (1).pdf,2bff0e55530a5f042b71b7245b9310a5_original (1),.pdf,C:\Users\bulsa\OneDrive\Desktop\tunnel\Leyla Literatür\Tünel\2bff0e55530a5f042b71b7245b9310a5_original (1).pdf,Leyla Literatür/Tünel/2bff0e55530a5f042b71b7245b9310a5_original (1).pdf,Leyla Literatür/Tünel,14996763,14.302028,2026-08-12T19:11:13+03:00,2024-01-25T15:47:26+03:00,752100774713db4bce1bba84ccbd571af14868359841be4afb343ab4b4e4328f,application/pdf,True,True,
DOC000028,2bff0e55530a5f042b71b7245b9310a5_original (2).pdf,2bff0e55530a5f042b71b7245b9310a5_original (2),.pdf,C:\Users\bulsa\OneDrive\Desktop\tunnel\Leyla Literatür\Tünel\2bff0e55530a5f042b71b7245b9310a5_original (2).pdf,Leyla Literatür/Tünel/2bff0e55530a5f042b71b7245b9310a5_original (2).pdf,Leyla Literatür/Tünel,41138159,39.232406,2026-08-12T19:11:14+03:00,2024-01-25T15:47:43+03:00,abc6dcf8e707da2f77f6aa3777630d823ed934fca48f67821114ed835ea64e63,application/pdf,True,True,
DOC000029,2bff0e55530a5f042b71b7245b9310a5_original (3).pdf,2bff0e55530a5f042b71b7245b9310a5_original (3),.pdf,C:\Users\bulsa\OneDrive\Desktop\tunnel\Leyla Literatür\Tünel\2bff0e55530a5f042b71b7245b9310a5_original (3).pdf,Leyla Literatür/Tünel/2bff0e55530a5f042b71b7245b9310a5_original (3).pdf,Leyla Literatür/Tünel,81051652,77.296879,2026-08-12T19:11:16+03:00,2024-01-25T15:48:26+03:00,7f177b472ed62ef801089d0cdc51369c39b4f89669880fe37871ea63672066df,application/pdf,True,True,
DOC000030,2bff0e55530a5f042b71b7245b9310a5_original (4).pdf,2bff0e55530a5f042b71b7245b9310a5_original (4),.pdf,C:\Users\bulsa\OneDrive\Desktop\tunnel\Leyla Literatür\Tünel\2bff0e55530a5f042b71b7245b9310a5_original (4).pdf,Leyla Literatür/Tünel/2bff0e55530a5f042b71b7245b9310a5_original (4).pdf,Leyla Literatür/Tünel,5273420,5.029125,2026-08-12T19:11:20+03:00,2024-01-25T15:48:53+03:00,17e5e4aa41637a66b3dee7c8c71e79a278cdccb4c134fd115eb7a4a66aa24f32,application/pdf,True,True,
DOC000031,2bff0e55530a5f042b71b7245b9310a5_original (5).pdf,2bff0e55530a5f042b71b7245b9310a5_original (5),.pdf,C:\Users\bulsa\OneDrive\Desktop\tunnel\Leyla Literatür\Tünel\2bff0e55530a5f042b71b7245b9310a5_original (5).pdf,Leyla Literatür/Tünel/2bff0e55530a5f042b71b7245b9310a5_original (5).pdf,Leyla Literatür/Tünel,67050668,63.9445,2026-08-12T19:11:20+03:00,2024-01-25T15:49:13+03:00,784b14ff9e8444a97c6d284d4fe232dab00589930f78f3c4ecf441816251e1db,application/pdf,True,True,
DOC000032,2bff0e55530a5f042b71b7245b9310a5_original (6).pdf,2bff0e55530a5f042b71b7245b9310a5_original (6),.pdf,C:\Users\bulsa\OneDrive\Desktop\tunnel\Leyla Literatür\Tünel\2bff0e55530a5f042b71b7245b9310a5_original (6).pdf,Leyla Literatür/Tünel/2bff0e55530a5f042b71b7245b9310a5_original (6).pdf,Leyla Literatür/Tünel,67050668,63.9445,2026-08-12T19:11:23+03:00,2024-01-25T15:49:26+03:00,784b14ff9e8444a97c6d284d4fe232dab00589930f78f3c4ecf441816251e1db,application/pdf,True,True,
DOC000033,2bff0e55530a5f042b71b7245b9310a5_original (7).pdf,2bff0e55530a5f042b71b7245b9310a5_original (7),.pdf,C:\Users\bulsa\OneDrive\Desktop\tunnel\Leyla Literatür\Tünel\2bff0e55530a5f042b71b7245b9310a5_original (7).pdf,Leyla Literatür/Tünel/2bff0e55530a5f042b71b7245b9310a5_original (7).pdf,Leyla Literatür/Tünel,9728807,9.278113,2026-08-12T19:11:26+03:00,2024-01-25T15:49:38+03:00,290648f6f7fc8e05fe816c0b981659f49af95ca7c31f137e180c1169c15bbe29,application/pdf,True,True,
DOC000034,2bff0e55530a5f042b71b7245b9310a5_original.pdf,2bff0e55530a5f042b71b7245b9310a5_original,.pdf,C:\Users\bulsa\OneDrive\Desktop\tunnel\Leyla Literatür\Tünel\2bff0e55530a5f042b71b7245b9310a5_original.pdf,Leyla Literatür/Tünel/2bff0e55530a5f042b71b7245b9310a5_original.pdf,Leyla Literatür/Tünel,15934688,15.196503,2026-08-12T19:11:26+03:00,2024-01-25T15:46:35+03:00,ab9820d96be33b424672d580d8bfc3cb2133ef5306ca2dc708359bf0363d8e1c,application/pdf,True,True,
DOC000035,d3ea386390156831f0600269fdb2e76a_original.pdf,d3ea386390156831f0600269fdb2e76a_original,.pdf,C:\Users\bulsa\OneDrive\Desktop\tunnel\Leyla Literatür\Tünel\d3ea386390156831f0600269fdb2e76a_original.pdf,Leyla Literatür/Tünel/d3ea386390156831f0600269fdb2e76a_original.pdf,Leyla Literatür/Tünel,34832019,33.218402,2026-08-12T19:11:27+03:00,2024-01-25T15:46:16+03:00,c736114ad7d9ac29557c038d3125645cc50104cd1bb39ff873388c1f65c5ccbe,application/pdf,True,True,
DOC000036,20150804 RESMİ GAZETE Tünel İşletme Yönetmeliği.pdf,20150804 RESMİ GAZETE Tünel İşletme Yönetmeliği,.pdf,C:\Users\bulsa\OneDrive\Desktop\tunnel\Literatür ve Araştırmalar\20150804 RESMİ GAZETE Tünel İşletme Yönetmeliği.pdf,Literatür ve Araştırmalar/20150804 RESMİ GAZETE Tünel İşletme Yönetmeliği.pdf,Literatür ve Araştırmalar,2821327,2.690627,2026-08-12T19:11:29+03:00,2016-03-30T11:39:33+03:00,1c8cf251c81e8ae5e70c88b1489519d81ffba3399b43b05e64239d633a488937,application/pdf,True,True,
DOC000037,3. Uluslararası Ulaşımda Yeraltı Kazıları Sempozyumu Bildiriler Kitabı_2013.pdf,3. Uluslararası Ulaşımda Yeraltı Kazıları Sempozyumu Bildiriler Kitabı_2013,.pdf,C:\Users\bulsa\OneDrive\Desktop\tunnel\Literatür ve Araştırmalar\3. Uluslararası Ulaşımda Yeraltı Kazıları Sempozyumu Bildiriler Kitabı_2013.pdf,Literatür ve Araştırmalar/3. Uluslararası Ulaşımda Yeraltı Kazıları Sempozyumu Bildiriler Kitabı_2013.pdf,Literatür ve Araştırmalar,22955381,21.891957,2026-08-12T19:11:29+03:00,2024-09-25T13:28:16+03:00,59634dde95d44e0e192ef4a50411b951775a18bfcaa7db6bf103defe6cfb2f4c,application/pdf,True,True,
DOC000038,An Ex-Post Cost - Benefit Analysis of Bolu Mountain__Tunnel Project.pdf,An Ex-Post Cost - Benefit Analysis of Bolu Mountain__Tunnel Project,.pdf,C:\Users\bulsa\OneDrive\Desktop\tunnel\Literatür ve Araştırmalar\An Ex-Post Cost - Benefit Analysis of Bolu Mountain__Tunnel Project.pdf,Literatür ve Araştırmalar/An Ex-Post Cost - Benefit Analysis of Bolu Mountain__Tunnel Project.pdf,Literatür ve Araştırmalar,288386,0.275026,2026-08-12T19:11:30+03:00,2021-09-06T11:40:16+03:00,a95c677557c8064ee02e138b9b538bd52d1151c2cedca7bc1c2a18db66e01639,application/pdf,True,True,
DOC000039,Benchmarking_tunnelling_costs_and_production_rates_in_the_UK_Web_Accessible.pdf,Benchmarking_tunnelling_costs_and_production_rates_in_the_UK_Web_Accessible,.pdf,C:\Users\bulsa\OneDrive\Desktop\tunnel\Literatür ve Araştırmalar\Benchmarking_tunnelling_costs_and_production_rates_in_the_UK_Web_Accessible.pdf,Literatür ve Araştırmalar/Benchmarking_tunnelling_costs_and_production_rates_in_the_UK_Web_Accessible.pdf,Literatür ve Araştırmalar,388953,0.370934,2026-08-12T19:11:30+03:00,2021-09-06T11:17:30+03:00,dfe9d01daa14dd6f5dd17db9037e84f2b920a31e89740b66d8ab438162ab11d0,application/pdf,True,True,
DOC000040,Cost of Maintenance_Piarc.pdf,Cost of Maintenance_Piarc,.pdf,C:\Users\bulsa\OneDrive\Desktop\tunnel\Literatür ve Araştırmalar\Cost of Maintenance_Piarc.pdf,Literatür ve Araştırmalar/Cost of Maintenance_Piarc.pdf,Literatür ve Araştırmalar,61317,0.058476,2026-08-12T19:11:30+03:00,2021-09-06T11:26:58+03:00,77cf2eb068cd0f71b6f6069617f35886b8f6fb4f66e7f4d78aae7b8de6935a72,application/pdf,True,True,
DOC000041,Estimate of annual operating costs Highway Tunnel.pdf,Estimate of annual operating costs Highway Tunnel,.pdf,C:\Users\bulsa\OneDrive\Desktop\tunnel\Literatür ve Araştırmalar\Estimate of annual operating costs Highway Tunnel.pdf,Literatür ve Araştırmalar/Estimate of annual operating costs Highway Tunnel.pdf,Literatür ve Araştırmalar,56849,0.054215,2026-08-12T19:11:30+03:00,2021-09-06T11:16:25+03:00,b33de96bcf1b4e6bdf99bfa40e8c182174ccd7c66ae084a49aa979ad0e50d592,application/pdf,True,True,
DOC000042,Farklı Karayolu Tünellerinin Tünel Özellikleri ve Sürücü Davranışları.pdf,Farklı Karayolu Tünellerinin Tünel Özellikleri ve Sürücü Davranışları,.pdf,C:\Users\bulsa\OneDrive\Desktop\tunnel\Literatür ve Araştırmalar\Farklı Karayolu Tünellerinin Tünel Özellikleri ve Sürücü Davranışları.pdf,Literatür ve Araştırmalar/Farklı Karayolu Tünellerinin Tünel Özellikleri ve Sürücü Davranışları.pdf,Literatür ve Araştırmalar,2632516,2.510563,2026-08-12T19:11:30+03:00,2021-09-28T15:05:22+03:00,1b4596736bbcf61f370be7bc684f3367977e401954abf3a8556b5e8565a3782a,application/pdf,True,True,
DOC000043,HS2_Guide_to_Tunnelling_Costs.pdf,HS2_Guide_to_Tunnelling_Costs,.pdf,C:\Users\bulsa\OneDrive\Desktop\tunnel\Literatür ve Araştırmalar\HS2_Guide_to_Tunnelling_Costs.pdf,Literatür ve Araştırmalar/HS2_Guide_to_Tunnelling_Costs.pdf,Literatür ve Araştırmalar,506043,0.4826,2026-08-12T19:11:30+03:00,2021-09-06T11:16:48+03:00,376b6902031fe537a68c4606bbc954db0a2583e517f679e65b8aeded512e39cd,application/pdf,True,True,
DOC000044,"Management of road tunnels_Construction, maintenance.pdf","Management of road tunnels_Construction, maintenance",.pdf,"C:\Users\bulsa\OneDrive\Desktop\tunnel\Literatür ve Araştırmalar\Management of road tunnels_Construction, maintenance.pdf","Literatür ve Araştırmalar/Management of road tunnels_Construction, maintenance.pdf",Literatür ve Araştırmalar,219521,0.209352,2026-08-12T19:11:30+03:00,2021-09-06T11:35:11+03:00,6c33efd9e03ce78f9ec23cc1e869d7b0401882177db612488f36b2792cbb16fc,application/pdf,True,True,
DOC000045,TR Karayolları Tünellerinin Tarihçesi ve Tünel Güvenlik Kriterleri.pdf,TR Karayolları Tünellerinin Tarihçesi ve Tünel Güvenlik Kriterleri,.pdf,C:\Users\bulsa\OneDrive\Desktop\tunnel\Literatür ve Araştırmalar\TR Karayolları Tünellerinin Tarihçesi ve Tünel Güvenlik Kriterleri.pdf,Literatür ve Araştırmalar/TR Karayolları Tünellerinin Tarihçesi ve Tünel Güvenlik Kriterleri.pdf,Literatür ve Araştırmalar,772980,0.737171,2026-08-12T19:11:30+03:00,2021-09-06T15:56:48+03:00,5d524bf61343305c4f9c1a8fda2248659201b7fa0304f2a8c00b0c9559d8dbc4,application/pdf,True,True,
DOC000046,"Tunnel Operations, Maintenance, Inspectionand Evaluation Manual.pdf","Tunnel Operations, Maintenance, Inspectionand Evaluation Manual",.pdf,"C:\Users\bulsa\OneDrive\Desktop\tunnel\Literatür ve Araştırmalar\Tunnel Operations, Maintenance, Inspectionand Evaluation Manual.pdf","Literatür ve Araştırmalar/Tunnel Operations, Maintenance, Inspectionand Evaluation Manual.pdf",Literatür ve Araştırmalar,15821876,15.088917,2026-08-12T19:11:30+03:00,2021-09-06T11:39:30+03:00,b6a2b2e47753afe8699c10da551fe4afc311dcac8f4504a34c8e83d71fd157c8,application/pdf,True,True,
DOC000047,tunnel_manual_FHWA.pdf,tunnel_manual_FHWA,.pdf,C:\Users\bulsa\OneDrive\Desktop\tunnel\Literatür ve Araştırmalar\tunnel_manual_FHWA.pdf,Literatür ve Araştırmalar/tunnel_manual_FHWA.pdf,Literatür ve Araştırmalar,29284380,27.927761,2026-08-12T19:11:31+03:00,2021-09-30T17:14:20+03:00,153e9e2a4af4519f1e27a0440e0b3b06b3433db721cb527217f3a14f050abbdd,application/pdf,True,True,
DOC000048,TÜNEL BAKIM İŞLETME EL KİTABI.pdf,TÜNEL BAKIM İŞLETME EL KİTABI,.pdf,C:\Users\bulsa\OneDrive\Desktop\tunnel\Literatür ve Araştırmalar\TÜNEL BAKIM İŞLETME EL KİTABI.pdf,Literatür ve Araştırmalar/TÜNEL BAKIM İŞLETME EL KİTABI.pdf,Literatür ve Araştırmalar,3888448,3.708313,2026-08-12T19:11:33+03:00,2009-12-25T10:21:19+03:00,a23b1e815eedc4a3c978b6a03a734d9c2099b428df2ead2d9d622db8f5d4ebdd,application/pdf,True,True,
DOC000049,TÜNEL ENVANTER KİTABI 2015.pdf,TÜNEL ENVANTER KİTABI 2015,.pdf,C:\Users\bulsa\OneDrive\Desktop\tunnel\Literatür ve Araştırmalar\TÜNEL ENVANTER KİTABI 2015.pdf,Literatür ve Araştırmalar/TÜNEL ENVANTER KİTABI 2015.pdf,Literatür ve Araştırmalar,10822145,10.320802,2026-08-12T19:11:33+03:00,2015-06-15T09:12:18+03:00,5c229054fb8f53a306c097f128ec7004fbaf7d1a52bad4f5bc778f5e91888b54,application/pdf,True,True,
DOC000050,Tünel Eğitim Kitabı 8 EYLÜL 2016.pdf,Tünel Eğitim Kitabı 8 EYLÜL 2016,.pdf,C:\Users\bulsa\OneDrive\Desktop\tunnel\Literatür ve Araştırmalar\Tünel Eğitim Kitabı 8 EYLÜL 2016.pdf,Literatür ve Araştırmalar/Tünel Eğitim Kitabı 8 EYLÜL 2016.pdf,Literatür ve Araştırmalar,36918819,35.208529,2026-08-12T19:11:33+03:00,2021-10-05T11:17:19+03:00,746d18498e07a8a0f3978991903d15a1d843e26cc40b5609e519b429612ec84d,application/pdf,True,True,
DOC000051,Tünel Haritası 2024_KGMWEB.pdf,Tünel Haritası 2024_KGMWEB,.pdf,C:\Users\bulsa\OneDrive\Desktop\tunnel\Literatür ve Araştırmalar\Tünel Haritası 2024_KGMWEB.pdf,Literatür ve Araştırmalar/Tünel Haritası 2024_KGMWEB.pdf,Literatür ve Araştırmalar,6484400,6.184006,2026-08-12T19:11:35+03:00,2024-11-06T14:14:45+03:00,164a2494261086dbb9d2446b8ab4a1141ead7783629ac7d21915fdd57d7bcf11,application/pdf,True,True,
DOC000052,19 MayısUniversitesi14. hafta (2020-2021).pdf,19 MayısUniversitesi14. hafta (2020-2021),.pdf,C:\Users\bulsa\OneDrive\Desktop\tunnel\Mehmet\Kitap 2.Bolum\Kullanılan Dokumanlar\19 MayısUniversitesi14. hafta (2020-2021).pdf,Mehmet/Kitap 2.Bolum/Kullanılan Dokumanlar/19 MayısUniversitesi14. hafta (2020-2021).pdf,Mehmet/Kitap 2.Bolum/Kullanılan Dokumanlar,2409297,2.297685,2026-08-12T19:11:37+03:00,2024-09-13T11:22:56+03:00,26a13c5e78d13a2f070fa43831c41f18ec151c816a4eb05314b1fda3397c4653,application/pdf,True,True,
DOC000053,Dergipark_Kop T__neli Yap__m __al____malar__ ve Metodolojisi[#367279]-384775.pdf,Dergipark_Kop T__neli Yap__m __al____malar__ ve Metodolojisi[#367279]-384775,.pdf,C:\Users\bulsa\OneDrive\Desktop\tunnel\Mehmet\Kitap 2.Bolum\Kullanılan Dokumanlar\Dergipark_Kop T__neli Yap__m __al____malar__ ve Metodolojisi[#367279]-384775.pdf,Mehmet/Kitap 2.Bolum/Kullanılan Dokumanlar/Dergipark_Kop T__neli Yap__m __al____malar__ ve Metodolojisi[#367279]-384775.pdf,Mehmet/Kitap 2.Bolum/Kullanılan Dokumanlar,1588593,1.515,2026-08-12T19:11:37+03:00,2024-09-13T11:25:36+03:00,1e37bc8f02619f3efc525354baf1c302359835fd0b9d2f5a891adc867e3e607d,application/pdf,True,True,
DOC000054,Enjeksiyon  Foto2.jpg,Enjeksiyon  Foto2,.jpg,C:\Users\bulsa\OneDrive\Desktop\tunnel\Mehmet\Kitap 2.Bolum\Kullanılan Dokumanlar\Foto\Enjeksiyon  Foto2.jpg,Mehmet/Kitap 2.Bolum/Kullanılan Dokumanlar/Foto/Enjeksiyon  Foto2.jpg,Mehmet/Kitap 2.Bolum/Kullanılan Dokumanlar/Foto,237953,0.22693,2026-08-12T19:11:41+03:00,2025-01-10T14:02:06+03:00,c5b8b61e1d07edae30e7d35e3dc56cce68fc7b53c297f49f3284d708bb25ab9b,image/jpeg,True,False,
DOC000055,Enjeksiyon Foto1.jpg,Enjeksiyon Foto1,.jpg,C:\Users\bulsa\OneDrive\Desktop\tunnel\Mehmet\Kitap 2.Bolum\Kullanılan Dokumanlar\Foto\Enjeksiyon Foto1.jpg,Mehmet/Kitap 2.Bolum/Kullanılan Dokumanlar/Foto/Enjeksiyon Foto1.jpg,Mehmet/Kitap 2.Bolum/Kullanılan Dokumanlar/Foto,132124,0.126003,2026-08-12T19:11:41+03:00,2025-01-10T14:01:20+03:00,3b434b03f09745ed6d9cbad38c6e4003304f4e1377b5b93cb9fde5d0885bab35,image/jpeg,True,False,
DOC000056,Foto_Kaynak.docx,Foto_Kaynak,.docx,C:\Users\bulsa\OneDrive\Desktop\tunnel\Mehmet\Kitap 2.Bolum\Kullanılan Dokumanlar\Foto\Foto_Kaynak.docx,Mehmet/Kitap 2.Bolum/Kullanılan Dokumanlar/Foto/Foto_Kaynak.docx,Mehmet/Kitap 2.Bolum/Kullanılan Dokumanlar/Foto,12710,0.012121,2026-08-12T19:11:41+03:00,2025-01-22T14:09:36+03:00,8e2601e33aad2c570d8dc5a4467a48a5dc5a6ee6c8e75bdc132f9820a57e3629,application/vnd.openxmlformats-officedocument.wordprocessingml.document,True,True,
DOC000057,InvertBetonUygulaması.png,InvertBetonUygulaması,.png,C:\Users\bulsa\OneDrive\Desktop\tunnel\Mehmet\Kitap 2.Bolum\Kullanılan Dokumanlar\Foto\InvertBetonUygulaması.png,Mehmet/Kitap 2.Bolum/Kullanılan Dokumanlar/Foto/InvertBetonUygulaması.png,Mehmet/Kitap 2.Bolum/Kullanılan Dokumanlar/Foto,502783,0.479491,2026-08-12T19:11:41+03:00,2025-04-17T13:35:09+03:00,c77a14960e997ca95740010fef35aba2ec824861a306004633b190bc4d42d408,image/png,True,False,
DOC000058,ITU Yuksek Lisans Tezi.pdf,ITU Yuksek Lisans Tezi,.pdf,C:\Users\bulsa\OneDrive\Desktop\tunnel\Mehmet\Kitap 2.Bolum\Kullanılan Dokumanlar\ITU Yuksek Lisans Tezi.pdf,Mehmet/Kitap 2.Bolum/Kullanılan Dokumanlar/ITU Yuksek Lisans Tezi.pdf,Mehmet/Kitap 2.Bolum/Kullanılan Dokumanlar,5867079,5.595283,2026-08-12T19:11:37+03:00,2024-12-23T16:44:45+03:00,eec30224d4cdbc5f8abf172e2ba4399f808cdb0c9d73e828c019bbb3791931a0,application/pdf,True,True,
DOC000059,KPT(KaynarcaPendikTuzla) Metrosu_24220221180893.pdf,KPT(KaynarcaPendikTuzla) Metrosu_24220221180893,.pdf,C:\Users\bulsa\OneDrive\Desktop\tunnel\Mehmet\Kitap 2.Bolum\Kullanılan Dokumanlar\KPT(KaynarcaPendikTuzla) Metrosu_24220221180893.pdf,Mehmet/Kitap 2.Bolum/Kullanılan Dokumanlar/KPT(KaynarcaPendikTuzla) Metrosu_24220221180893.pdf,Mehmet/Kitap 2.Bolum/Kullanılan Dokumanlar,2778238,2.649534,2026-08-12T19:11:38+03:00,2024-09-13T11:20:55+03:00,04d6baa6481db3bec1d18c9bcc97cf831dcaeb768a6d57ce7f74a52936e02ef2,application/pdf,True,True,
DOC000060,KTU_Tez_Tam Metin.pdf,KTU_Tez_Tam Metin,.pdf,C:\Users\bulsa\OneDrive\Desktop\tunnel\Mehmet\Kitap 2.Bolum\Kullanılan Dokumanlar\KTU_Tez_Tam Metin.pdf,Mehmet/Kitap 2.Bolum/Kullanılan Dokumanlar/KTU_Tez_Tam Metin.pdf,Mehmet/Kitap 2.Bolum/Kullanılan Dokumanlar,6709971,6.399127,2026-08-12T19:11:38+03:00,2024-09-13T13:23:10+03:00,674564f8c6d600238ac22b37a62038d0dec5a6d6cab5ec237c911947b959fbd2,application/pdf,True,True,
DOC000061,Kullanılan Kaynaklar.docx,Kullanılan Kaynaklar,.docx,C:\Users\bulsa\OneDrive\Desktop\tunnel\Mehmet\Kitap 2.Bolum\Kullanılan Dokumanlar\Kullanılan Kaynaklar.docx,Mehmet/Kitap 2.Bolum/Kullanılan Dokumanlar/Kullanılan Kaynaklar.docx,Mehmet/Kitap 2.Bolum/Kullanılan Dokumanlar,15097,0.014398,2026-08-12T19:11:38+03:00,2025-07-08T11:06:58+03:00,8f9bd4acad19365a616857fd4684f9f8bc1011942061c1cd86fe5be40989a07f,application/vnd.openxmlformats-officedocument.wordprocessingml.document,True,True,
DOC000062,SinaKiziroglu.pdf,SinaKiziroglu,.pdf,C:\Users\bulsa\OneDrive\Desktop\tunnel\Mehmet\Kitap 2.Bolum\Kullanılan Dokumanlar\SinaKiziroglu.pdf,Mehmet/Kitap 2.Bolum/Kullanılan Dokumanlar/SinaKiziroglu.pdf,Mehmet/Kitap 2.Bolum/Kullanılan Dokumanlar,15934688,15.196503,2026-08-12T19:11:38+03:00,2024-09-23T16:22:39+03:00,ab9820d96be33b424672d580d8bfc3cb2133ef5306ca2dc708359bf0363d8e1c,application/pdf,True,True,
DOC000063,tehlikeli-maddelerin-karayolu-ile-tasinmasi-yonetmelik-62b01f085fe6c.pdf,tehlikeli-maddelerin-karayolu-ile-tasinmasi-yonetmelik-62b01f085fe6c,.pdf,C:\Users\bulsa\OneDrive\Desktop\tunnel\Mehmet\Kitap 2.Bolum\Kullanılan Dokumanlar\tehlikeli-maddelerin-karayolu-ile-tasinmasi-yonetmelik-62b01f085fe6c.pdf,Mehmet/Kitap 2.Bolum/Kullanılan Dokumanlar/tehlikeli-maddelerin-karayolu-ile-tasinmasi-yonetmelik-62b01f085fe6c.pdf,Mehmet/Kitap 2.Bolum/Kullanılan Dokumanlar,243881,0.232583,2026-08-12T19:11:39+03:00,2024-11-13T13:37:21+03:00,19bb2d542f7e1f0a684f70c248797a21a306d50fbf9d86246ef70b47ac60e38d,application/pdf,True,True,
DOC000064,TUNELLERDE_DESTEK_SISTEMLERI_VE_GUCLENDI.pdf,TUNELLERDE_DESTEK_SISTEMLERI_VE_GUCLENDI,.pdf,C:\Users\bulsa\OneDrive\Desktop\tunnel\Mehmet\Kitap 2.Bolum\Kullanılan Dokumanlar\TUNELLERDE_DESTEK_SISTEMLERI_VE_GUCLENDI.pdf,Mehmet/Kitap 2.Bolum/Kullanılan Dokumanlar/TUNELLERDE_DESTEK_SISTEMLERI_VE_GUCLENDI.pdf,Mehmet/Kitap 2.Bolum/Kullanılan Dokumanlar,4594113,4.381288,2026-08-12T19:11:39+03:00,2024-12-24T15:17:11+03:00,cbf08cc5651cbc903a95c083d2fdb36504cddc0f780da372d9054069bb28a669,application/pdf,True,True,
DOC000065,Tünel Eğitim Kitabı 8 EYLÜL 2016.pdf,Tünel Eğitim Kitabı 8 EYLÜL 2016,.pdf,C:\Users\bulsa\OneDrive\Desktop\tunnel\Mehmet\Kitap 2.Bolum\Kullanılan Dokumanlar\Tünel Eğitim Kitabı 8 EYLÜL 2016.pdf,Mehmet/Kitap 2.Bolum/Kullanılan Dokumanlar/Tünel Eğitim Kitabı 8 EYLÜL 2016.pdf,Mehmet/Kitap 2.Bolum/Kullanılan Dokumanlar,36918819,35.208529,2026-08-12T19:11:39+03:00,2021-10-05T11:17:19+03:00,746d18498e07a8a0f3978991903d15a1d843e26cc40b5609e519b429612ec84d,application/pdf,True,True,
DOC000066,1-NATM-2020.pptx,1-NATM-2020,.pptx,C:\Users\bulsa\OneDrive\Desktop\tunnel\Mehmet\Kitap 2.Bolum\Kullanılan Dokumanlar\TÜNEL MÜH.GELİŞTİRME KURSU - (24-28.02.2020)_Kullanılan Dokumanlar\1-NATM-2020.pptx,Mehmet/Kitap 2.Bolum/Kullanılan Dokumanlar/TÜNEL MÜH.GELİŞTİRME KURSU - (24-28.02.2020)_Kullanılan Dokumanlar/1-NATM-2020.pptx,Mehmet/Kitap 2.Bolum/Kullanılan Dokumanlar/TÜNEL MÜH.GELİŞTİRME KURSU - (24-28.02.2020)_Kullanılan Dokumanlar,14376515,13.710513,2026-08-12T19:11:41+03:00,2020-02-24T19:51:16+03:00,33e54b02175c174a99a7739012e0a70101e516836394186566041b705643cce9,application/vnd.openxmlformats-officedocument.presentationml.presentation,True,True,
DOC000067,"6-YALITIM, DRENAJ ve NİHAİ KAPLAMA BETONU.pptx","6-YALITIM, DRENAJ ve NİHAİ KAPLAMA BETONU",.pptx,"C:\Users\bulsa\OneDrive\Desktop\tunnel\Mehmet\Kitap 2.Bolum\Kullanılan Dokumanlar\TÜNEL MÜH.GELİŞTİRME KURSU - (24-28.02.2020)_Kullanılan Dokumanlar\6-YALITIM, DRENAJ ve NİHAİ KAPLAMA BETONU.pptx","Mehmet/Kitap 2.Bolum/Kullanılan Dokumanlar/TÜNEL MÜH.GELİŞTİRME KURSU - (24-28.02.2020)_Kullanılan Dokumanlar/6-YALITIM, DRENAJ ve NİHAİ KAPLAMA BETONU.pptx",Mehmet/Kitap 2.Bolum/Kullanılan Dokumanlar/TÜNEL MÜH.GELİŞTİRME KURSU - (24-28.02.2020)_Kullanılan Dokumanlar,11659073,11.118958,2026-08-12T19:11:41+03:00,2025-01-22T15:07:57+03:00,21c81a85613e82c6b1ebeafd9f847e087b0cdc032c8db3933fa8d9438a7f564c,application/vnd.openxmlformats-officedocument.presentationml.presentation,True,True,
DOC000068,TBM(Tunnel Boring Machine).pptx,TBM(Tunnel Boring Machine),.pptx,C:\Users\bulsa\OneDrive\Desktop\tunnel\Mehmet\Kitap 2.Bolum\Kullanılan Dokumanlar\TÜNEL MÜH.GELİŞTİRME KURSU - (24-28.02.2020)_Kullanılan Dokumanlar\TBM(Tunnel Boring Machine).pptx,Mehmet/Kitap 2.Bolum/Kullanılan Dokumanlar/TÜNEL MÜH.GELİŞTİRME KURSU - (24-28.02.2020)_Kullanılan Dokumanlar/TBM(Tunnel Boring Machine).pptx,Mehmet/Kitap 2.Bolum/Kullanılan Dokumanlar/TÜNEL MÜH.GELİŞTİRME KURSU - (24-28.02.2020)_Kullanılan Dokumanlar,16907826,16.124559,2026-08-12T19:11:42+03:00,2019-02-19T15:12:40+03:00,5f811a624baec87de732a24e235f5f0887f21a17fc42320a7002c14235e319aa,application/vnd.openxmlformats-officedocument.presentationml.presentation,True,True,
DOC000069,19 MayısUniversitesi14. hafta (2020-2021).docx,19 MayısUniversitesi14. hafta (2020-2021),.docx,C:\Users\bulsa\OneDrive\Desktop\tunnel\Mehmet\Kitap 2.Bolum\Kullanılan Dokumanlar\Word Dosyaları\19 MayısUniversitesi14. hafta (2020-2021).docx,Mehmet/Kitap 2.Bolum/Kullanılan Dokumanlar/Word Dosyaları/19 MayısUniversitesi14. hafta (2020-2021).docx,Mehmet/Kitap 2.Bolum/Kullanılan Dokumanlar/Word Dosyaları,1762160,1.680527,2026-08-12T19:11:43+03:00,2024-11-14T13:17:29+03:00,43e15adde21fcb6bd4b3b48cb6332a31428312d3c406f330ad4fbaa63aecdcfa,application/vnd.openxmlformats-officedocument.wordprocessingml.document,True,True,
DOC000070,Dergipark_Kop T__neli Yap__m __al____malar__ ve Metodolojisi#367279-384775.docx,Dergipark_Kop T__neli Yap__m __al____malar__ ve Metodolojisi#367279-384775,.docx,C:\Users\bulsa\OneDrive\Desktop\tunnel\Mehmet\Kitap 2.Bolum\Kullanılan Dokumanlar\Word Dosyaları\Dergipark_Kop T__neli Yap__m __al____malar__ ve Metodolojisi#367279-384775.docx,Mehmet/Kitap 2.Bolum/Kullanılan Dokumanlar/Word Dosyaları/Dergipark_Kop T__neli Yap__m __al____malar__ ve Metodolojisi#367279-384775.docx,Mehmet/Kitap 2.Bolum/Kullanılan Dokumanlar/Word Dosyaları,1258431,1.200133,2026-08-12T19:11:43+03:00,2024-11-13T14:30:33+03:00,79b4e713b47ad813559ebeb269d37ed5ea60f56a1308da05d3610a2ed5578cc6,application/vnd.openxmlformats-officedocument.wordprocessingml.document,True,True,
DOC000071,ITU Yuksek Lisans Tezi.docx,ITU Yuksek Lisans Tezi,.docx,C:\Users\bulsa\OneDrive\Desktop\tunnel\Mehmet\Kitap 2.Bolum\Kullanılan Dokumanlar\Word Dosyaları\ITU Yuksek Lisans Tezi.docx,Mehmet/Kitap 2.Bolum/Kullanılan Dokumanlar/Word Dosyaları/ITU Yuksek Lisans Tezi.docx,Mehmet/Kitap 2.Bolum/Kullanılan Dokumanlar/Word Dosyaları,1563470,1.491041,2026-08-12T19:11:43+03:00,2024-12-24T13:08:01+03:00,cf2fad9c374cff80978324d92e88dd00d6cd4bcb5fd229df8973cfe565b1a477,application/vnd.openxmlformats-officedocument.wordprocessingml.document,True,True,
DOC000072,KTU_Tez_Tam Metin.docx,KTU_Tez_Tam Metin,.docx,C:\Users\bulsa\OneDrive\Desktop\tunnel\Mehmet\Kitap 2.Bolum\Kullanılan Dokumanlar\Word Dosyaları\KTU_Tez_Tam Metin.docx,Mehmet/Kitap 2.Bolum/Kullanılan Dokumanlar/Word Dosyaları/KTU_Tez_Tam Metin.docx,Mehmet/Kitap 2.Bolum/Kullanılan Dokumanlar/Word Dosyaları,3471718,3.310888,2026-08-12T19:11:43+03:00,2024-11-13T14:32:23+03:00,d8c47fd59b8c006c036f09be83fed7ee7fd3654016e8a6543caf32addd182c26,application/vnd.openxmlformats-officedocument.wordprocessingml.document,True,True,
DOC000073,SinaKiziroglu.docx,SinaKiziroglu,.docx,C:\Users\bulsa\OneDrive\Desktop\tunnel\Mehmet\Kitap 2.Bolum\Kullanılan Dokumanlar\Word Dosyaları\SinaKiziroglu.docx,Mehmet/Kitap 2.Bolum/Kullanılan Dokumanlar/Word Dosyaları/SinaKiziroglu.docx,Mehmet/Kitap 2.Bolum/Kullanılan Dokumanlar/Word Dosyaları,44981113,42.897332,2026-08-12T19:11:43+03:00,2024-11-13T14:37:20+03:00,9fea1e259f10c9d371f0762816d9b80216f58e29841b79b2ca26aa9312ec177c,application/vnd.openxmlformats-officedocument.wordprocessingml.document,True,True,
DOC000074,TUNELLERDE_DESTEK_SISTEMLERI_VE_GUCLENDI.docx,TUNELLERDE_DESTEK_SISTEMLERI_VE_GUCLENDI,.docx,C:\Users\bulsa\OneDrive\Desktop\tunnel\Mehmet\Kitap 2.Bolum\Kullanılan Dokumanlar\Word Dosyaları\TUNELLERDE_DESTEK_SISTEMLERI_VE_GUCLENDI.docx,Mehmet/Kitap 2.Bolum/Kullanılan Dokumanlar/Word Dosyaları/TUNELLERDE_DESTEK_SISTEMLERI_VE_GUCLENDI.docx,Mehmet/Kitap 2.Bolum/Kullanılan Dokumanlar/Word Dosyaları,2672336,2.548538,2026-08-12T19:11:45+03:00,2024-12-25T12:19:25+03:00,2acb6a1bea35571728e776f6c3a4449eb9abd9d79a34f3111e700a216eb6a2ea,application/vnd.openxmlformats-officedocument.wordprocessingml.document,True,True,
DOC000075,Tünel Eğitim Kitabı 8 EYLÜL 2016.docx,Tünel Eğitim Kitabı 8 EYLÜL 2016,.docx,C:\Users\bulsa\OneDrive\Desktop\tunnel\Mehmet\Kitap 2.Bolum\Kullanılan Dokumanlar\Word Dosyaları\Tünel Eğitim Kitabı 8 EYLÜL 2016.docx,Mehmet/Kitap 2.Bolum/Kullanılan Dokumanlar/Word Dosyaları/Tünel Eğitim Kitabı 8 EYLÜL 2016.docx,Mehmet/Kitap 2.Bolum/Kullanılan Dokumanlar/Word Dosyaları,25031973,23.87235,2026-08-12T19:11:45+03:00,2024-12-25T12:01:20+03:00,1fb6b71a35f819248daf881974423edfaa28cfc580283528ee1be885a439fd2e,application/vnd.openxmlformats-officedocument.wordprocessingml.document,True,True,
DOC000076,Tuneller Bolum2_9_7_2025.docx,Tuneller Bolum2_9_7_2025,.docx,C:\Users\bulsa\OneDrive\Desktop\tunnel\Mehmet\Kitap 2.Bolum\Tuneller Bolum2_9_7_2025.docx,Mehmet/Kitap 2.Bolum/Tuneller Bolum2_9_7_2025.docx,Mehmet/Kitap 2.Bolum,36545156,34.852177,2026-08-12T19:11:35+03:00,2025-07-08T11:14:36+03:00,b011796d9570a6e89619e5176adf7f8d004df3eb94e103b48b7894b0b6622d59,application/vnd.openxmlformats-officedocument.wordprocessingml.document,True,True,
DOC000077,~$neller Bolum2_9_7_2025.docx,~$neller Bolum2_9_7_2025,.docx,C:\Users\bulsa\OneDrive\Desktop\tunnel\Mehmet\Kitap 2.Bolum\~$neller Bolum2_9_7_2025.docx,Mehmet/Kitap 2.Bolum/~$neller Bolum2_9_7_2025.docx,Mehmet/Kitap 2.Bolum,162,0.000154,2026-08-12T19:11:37+03:00,2026-08-12T13:45:04+03:00,a6118d1c0eab691e504f73292d570746f3fd510309ec4c6f2dc6283f5955a6c4,application/vnd.openxmlformats-officedocument.wordprocessingml.document,True,True,
DOC000078,19 MayısUniversitesi14. hafta (2020-2021).pdf,19 MayısUniversitesi14. hafta (2020-2021),.pdf,C:\Users\bulsa\OneDrive\Desktop\tunnel\Mehmet\Literatur\19 MayısUniversitesi14. hafta (2020-2021).pdf,Mehmet/Literatur/19 MayısUniversitesi14. hafta (2020-2021).pdf,Mehmet/Literatur,2409297,2.297685,2026-08-12T19:11:46+03:00,2024-09-13T11:22:56+03:00,26a13c5e78d13a2f070fa43831c41f18ec151c816a4eb05314b1fda3397c4653,application/pdf,True,True,
DOC000079,CevreSehircilik_tunel-isler--20230202145300.pdf,CevreSehircilik_tunel-isler--20230202145300,.pdf,C:\Users\bulsa\OneDrive\Desktop\tunnel\Mehmet\Literatur\CevreSehircilik_tunel-isler--20230202145300.pdf,Mehmet/Literatur/CevreSehircilik_tunel-isler--20230202145300.pdf,Mehmet/Literatur,233731,0.222903,2026-08-12T19:11:47+03:00,2024-09-13T11:22:41+03:00,0d8f102824829559a474d561eb8302b9d010fe70fa46c3e7e569f7580629a6c4,application/pdf,True,True,
DOC000080,Dergipark_Kop T__neli Yap__m __al____malar__ ve Metodolojisi[#367279]-384775.pdf,Dergipark_Kop T__neli Yap__m __al____malar__ ve Metodolojisi[#367279]-384775,.pdf,C:\Users\bulsa\OneDrive\Desktop\tunnel\Mehmet\Literatur\Dergipark_Kop T__neli Yap__m __al____malar__ ve Metodolojisi[#367279]-384775.pdf,Mehmet/Literatur/Dergipark_Kop T__neli Yap__m __al____malar__ ve Metodolojisi[#367279]-384775.pdf,Mehmet/Literatur,1588593,1.515,2026-08-12T19:11:47+03:00,2024-09-13T11:25:36+03:00,1e37bc8f02619f3efc525354baf1c302359835fd0b9d2f5a891adc867e3e607d,application/pdf,True,True,
DOC000081,Harran Uni_Yüksek Lisans Tezi.pdf,Harran Uni_Yüksek Lisans Tezi,.pdf,C:\Users\bulsa\OneDrive\Desktop\tunnel\Mehmet\Literatur\Harran Uni_Yüksek Lisans Tezi.pdf,Mehmet/Literatur/Harran Uni_Yüksek Lisans Tezi.pdf,Mehmet/Literatur,4439373,4.233716,2026-08-12T19:11:47+03:00,2024-12-23T16:05:09+03:00,e3a78fec24c25a09fd74d14efdc9c6f7af90d4e0ca854a0f43572857a71b6b13,application/pdf,True,True,
DOC000082,IMO_12782.pdf,IMO_12782,.pdf,C:\Users\bulsa\OneDrive\Desktop\tunnel\Mehmet\Literatur\IMO_12782.pdf,Mehmet/Literatur/IMO_12782.pdf,Mehmet/Literatur,741596,0.707241,2026-08-12T19:11:47+03:00,2024-09-13T11:18:19+03:00,594601371e863af590f6a848819b874923f2dd6554fd23dfa4888cc3c377a955,application/pdf,True,True,
DOC000083,IMO_TBM Maliyet_18238_29_19.pdf,IMO_TBM Maliyet_18238_29_19,.pdf,C:\Users\bulsa\OneDrive\Desktop\tunnel\Mehmet\Literatur\IMO_TBM Maliyet_18238_29_19.pdf,Mehmet/Literatur/IMO_TBM Maliyet_18238_29_19.pdf,Mehmet/Literatur,828207,0.78984,2026-08-12T19:11:47+03:00,2024-09-13T11:33:04+03:00,c3a0e31de495e7b755c5c1627d39151e44d1a53f61645573137e026b685ed358,application/pdf,True,True,
DOC000084,ITU Yuksek Lisans Tezi.pdf,ITU Yuksek Lisans Tezi,.pdf,C:\Users\bulsa\OneDrive\Desktop\tunnel\Mehmet\Literatur\ITU Yuksek Lisans Tezi.pdf,Mehmet/Literatur/ITU Yuksek Lisans Tezi.pdf,Mehmet/Literatur,5867079,5.595283,2026-08-12T19:11:47+03:00,2024-12-23T16:44:45+03:00,eec30224d4cdbc5f8abf172e2ba4399f808cdb0c9d73e828c019bbb3791931a0,application/pdf,True,True,
DOC000085,KayaTunelleri_AnkUni_Konu13.pdf,KayaTunelleri_AnkUni_Konu13,.pdf,C:\Users\bulsa\OneDrive\Desktop\tunnel\Mehmet\Literatur\KayaTunelleri_AnkUni_Konu13.pdf,Mehmet/Literatur/KayaTunelleri_AnkUni_Konu13.pdf,Mehmet/Literatur,407763,0.388873,2026-08-12T19:11:47+03:00,2024-09-13T13:29:07+03:00,0c9c6249469b71b0e77526dcb1788a1a9f09275898cb9e38be948a0dd5e755d3,application/pdf,True,True,
DOC000086,Kaynaklar.docx,Kaynaklar,.docx,C:\Users\bulsa\OneDrive\Desktop\tunnel\Mehmet\Literatur\Kaynaklar.docx,Mehmet/Literatur/Kaynaklar.docx,Mehmet/Literatur,16475,0.015712,2026-08-12T19:11:47+03:00,2025-02-28T13:49:55+03:00,987a2de49a6cbf23c05430b46d14cb447f03f6381e0521749f784d7b3b50f43d,application/vnd.openxmlformats-officedocument.wordprocessingml.document,True,True,
DOC000087,KGM_Teknik_Sartnamesi_2013.pdf,KGM_Teknik_Sartnamesi_2013,.pdf,C:\Users\bulsa\OneDrive\Desktop\tunnel\Mehmet\Literatur\KGM_Teknik_Sartnamesi_2013.pdf,Mehmet/Literatur/KGM_Teknik_Sartnamesi_2013.pdf,Mehmet/Literatur,14183236,13.526188,2026-08-12T19:11:47+03:00,2024-09-23T16:35:06+03:00,312befcda2ff316b72796d77bba3c92b68eb6300ac8717eb2953c034fb65afd4,application/pdf,True,True,
DOC000088,KPT(KaynarcaPendikTuzla) Metrosu_24220221180893.pdf,KPT(KaynarcaPendikTuzla) Metrosu_24220221180893,.pdf,C:\Users\bulsa\OneDrive\Desktop\tunnel\Mehmet\Literatur\KPT(KaynarcaPendikTuzla) Metrosu_24220221180893.pdf,Mehmet/Literatur/KPT(KaynarcaPendikTuzla) Metrosu_24220221180893.pdf,Mehmet/Literatur,2778238,2.649534,2026-08-12T19:11:48+03:00,2024-09-13T11:20:55+03:00,04d6baa6481db3bec1d18c9bcc97cf831dcaeb768a6d57ce7f74a52936e02ef2,application/pdf,True,True,
DOC000089,KTU_Tez_Tam Metin.pdf,KTU_Tez_Tam Metin,.pdf,C:\Users\bulsa\OneDrive\Desktop\tunnel\Mehmet\Literatur\KTU_Tez_Tam Metin.pdf,Mehmet/Literatur/KTU_Tez_Tam Metin.pdf,Mehmet/Literatur,6709971,6.399127,2026-08-12T19:11:48+03:00,2024-09-13T13:23:10+03:00,674564f8c6d600238ac22b37a62038d0dec5a6d6cab5ec237c911947b959fbd2,application/pdf,True,True,
DOC000090,Maden Muh Oda_Italyan Tunel Acma Yontemi2475424055cc5ce_ek.pdf,Maden Muh Oda_Italyan Tunel Acma Yontemi2475424055cc5ce_ek,.pdf,C:\Users\bulsa\OneDrive\Desktop\tunnel\Mehmet\Literatur\Maden Muh Oda_Italyan Tunel Acma Yontemi2475424055cc5ce_ek.pdf,Mehmet/Literatur/Maden Muh Oda_Italyan Tunel Acma Yontemi2475424055cc5ce_ek.pdf,Mehmet/Literatur,616740,0.588169,2026-08-12T19:11:49+03:00,2024-09-13T13:25:17+03:00,2c452bca33bc32fbd7aafe0e057b09020c4cb1e8937e7a246c2ed13371315e2d,application/pdf,True,True,
DOC000091,tehlikeli-maddelerin-karayolu-ile-tasinmasi-yonetmelik-62b01f085fe6c.pdf,tehlikeli-maddelerin-karayolu-ile-tasinmasi-yonetmelik-62b01f085fe6c,.pdf,C:\Users\bulsa\OneDrive\Desktop\tunnel\Mehmet\Literatur\tehlikeli-maddelerin-karayolu-ile-tasinmasi-yonetmelik-62b01f085fe6c.pdf,Mehmet/Literatur/tehlikeli-maddelerin-karayolu-ile-tasinmasi-yonetmelik-62b01f085fe6c.pdf,Mehmet/Literatur,243881,0.232583,2026-08-12T19:11:49+03:00,2024-11-13T13:37:21+03:00,19bb2d542f7e1f0a684f70c248797a21a306d50fbf9d86246ef70b47ac60e38d,application/pdf,True,True,
DOC000092,Thumbs.db,Thumbs,.db,C:\Users\bulsa\OneDrive\Desktop\tunnel\Mehmet\Literatur\Thumbs.db,Mehmet/Literatur/Thumbs.db,Mehmet/Literatur,9728,0.009277,2026-08-12T19:11:49+03:00,2025-02-28T14:17:34+03:00,535b04d1bd4381a119f1d558028957eb713e3017bfe402dc63c7130b1530ec4f,application/octet-stream,False,False,
DOC000093,TUNELLERDE_DESTEK_SISTEMLERI_VE_GUCLENDI.pdf,TUNELLERDE_DESTEK_SISTEMLERI_VE_GUCLENDI,.pdf,C:\Users\bulsa\OneDrive\Desktop\tunnel\Mehmet\Literatur\TUNELLERDE_DESTEK_SISTEMLERI_VE_GUCLENDI.pdf,Mehmet/Literatur/TUNELLERDE_DESTEK_SISTEMLERI_VE_GUCLENDI.pdf,Mehmet/Literatur,4594113,4.381288,2026-08-12T19:11:49+03:00,2024-12-24T15:17:11+03:00,cbf08cc5651cbc903a95c083d2fdb36504cddc0f780da372d9054069bb28a669,application/pdf,True,True,
DOC000094,Tünel Eğitim Kitabı 8 EYLÜL 2016.pdf,Tünel Eğitim Kitabı 8 EYLÜL 2016,.pdf,C:\Users\bulsa\OneDrive\Desktop\tunnel\Mehmet\Literatur\Tünel Eğitim Kitabı 8 EYLÜL 2016.pdf,Mehmet/Literatur/Tünel Eğitim Kitabı 8 EYLÜL 2016.pdf,Mehmet/Literatur,36918819,35.208529,2026-08-12T19:11:49+03:00,2021-10-05T11:17:19+03:00,746d18498e07a8a0f3978991903d15a1d843e26cc40b5609e519b429612ec84d,application/pdf,True,True,
DOC000095,19 MayısUniversitesi14. hafta (2020-2021).docx,19 MayısUniversitesi14. hafta (2020-2021),.docx,C:\Users\bulsa\OneDrive\Desktop\tunnel\Mehmet\Literatur\Wordler\19 MayısUniversitesi14. hafta (2020-2021).docx,Mehmet/Literatur/Wordler/19 MayısUniversitesi14. hafta (2020-2021).docx,Mehmet/Literatur/Wordler,1762160,1.680527,2026-08-12T19:11:51+03:00,2024-11-14T13:17:29+03:00,43e15adde21fcb6bd4b3b48cb6332a31428312d3c406f330ad4fbaa63aecdcfa,application/vnd.openxmlformats-officedocument.wordprocessingml.document,True,True,
DOC000096,CevreSehircilik_tunel-isler--20230202145300.docx,CevreSehircilik_tunel-isler--20230202145300,.docx,C:\Users\bulsa\OneDrive\Desktop\tunnel\Mehmet\Literatur\Wordler\CevreSehircilik_tunel-isler--20230202145300.docx,Mehmet/Literatur/Wordler/CevreSehircilik_tunel-isler--20230202145300.docx,Mehmet/Literatur/Wordler,16017,0.015275,2026-08-12T19:11:51+03:00,2024-11-13T14:30:53+03:00,3ed9bee7ff5641991a958ac44cb7e0b42c95e23e358a6205add844fa49440bf3,application/vnd.openxmlformats-officedocument.wordprocessingml.document,True,True,
DOC000097,Dergipark_Kop T__neli Yap__m __al____malar__ ve Metodolojisi#367279-384775.docx,Dergipark_Kop T__neli Yap__m __al____malar__ ve Metodolojisi#367279-384775,.docx,C:\Users\bulsa\OneDrive\Desktop\tunnel\Mehmet\Literatur\Wordler\Dergipark_Kop T__neli Yap__m __al____malar__ ve Metodolojisi#367279-384775.docx,Mehmet/Literatur/Wordler/Dergipark_Kop T__neli Yap__m __al____malar__ ve Metodolojisi#367279-384775.docx,Mehmet/Literatur/Wordler,1258431,1.200133,2026-08-12T19:11:51+03:00,2024-11-13T14:30:33+03:00,79b4e713b47ad813559ebeb269d37ed5ea60f56a1308da05d3610a2ed5578cc6,application/vnd.openxmlformats-officedocument.wordprocessingml.document,True,True,
DOC000098,Harran Uni_Yüksek Lisans Tezi.docx,Harran Uni_Yüksek Lisans Tezi,.docx,C:\Users\bulsa\OneDrive\Desktop\tunnel\Mehmet\Literatur\Wordler\Harran Uni_Yüksek Lisans Tezi.docx,Mehmet/Literatur/Wordler/Harran Uni_Yüksek Lisans Tezi.docx,Mehmet/Literatur/Wordler,2624413,2.502835,2026-08-12T19:11:52+03:00,2024-12-30T13:18:48+03:00,9fdf7f646f22681990358b84be08bc9563ec2f2c769dd01ecad875f511e3acdc,application/vnd.openxmlformats-officedocument.wordprocessingml.document,True,True,
DOC000099,IMO_12782.docx,IMO_12782,.docx,C:\Users\bulsa\OneDrive\Desktop\tunnel\Mehmet\Literatur\Wordler\IMO_12782.docx,Mehmet/Literatur/Wordler/IMO_12782.docx,Mehmet/Literatur/Wordler,341226,0.325418,2026-08-12T19:11:52+03:00,2024-11-13T14:29:58+03:00,f63fb62709dcfc717cf051c3e33d349a5ec74aca3cdd35aac5cf6534170f02e3,application/vnd.openxmlformats-officedocument.wordprocessingml.document,True,True,
DOC000100,IMO_TBM Maliyet_18238_29_19.docx,IMO_TBM Maliyet_18238_29_19,.docx,C:\Users\bulsa\OneDrive\Desktop\tunnel\Mehmet\Literatur\Wordler\IMO_TBM Maliyet_18238_29_19.docx,Mehmet/Literatur/Wordler/IMO_TBM Maliyet_18238_29_19.docx,Mehmet/Literatur/Wordler,268882,0.256426,2026-08-12T19:11:52+03:00,2024-11-13T14:29:10+03:00,ef8bfe928d0936ae50fc6b2a3f1bb13690b5775b658934cbb9102857ccc4f76d,application/vnd.openxmlformats-officedocument.wordprocessingml.document,True,True,
DOC000101,ITU Yuksek Lisans Tezi.docx,ITU Yuksek Lisans Tezi,.docx,C:\Users\bulsa\OneDrive\Desktop\tunnel\Mehmet\Literatur\Wordler\ITU Yuksek Lisans Tezi.docx,Mehmet/Literatur/Wordler/ITU Yuksek Lisans Tezi.docx,Mehmet/Literatur/Wordler,1563470,1.491041,2026-08-12T19:11:52+03:00,2024-12-24T13:08:01+03:00,cf2fad9c374cff80978324d92e88dd00d6cd4bcb5fd229df8973cfe565b1a477,application/vnd.openxmlformats-officedocument.wordprocessingml.document,True,True,
DOC000102,KayaTunelleri_AnkUni_Konu13.docx,KayaTunelleri_AnkUni_Konu13,.docx,C:\Users\bulsa\OneDrive\Desktop\tunnel\Mehmet\Literatur\Wordler\KayaTunelleri_AnkUni_Konu13.docx,Mehmet/Literatur/Wordler/KayaTunelleri_AnkUni_Konu13.docx,Mehmet/Literatur/Wordler,212184,0.202354,2026-08-12T19:11:52+03:00,2024-11-13T14:34:59+03:00,64d76911a70ea5f6678bfb74bb1e5ea58b4d2f0ea74b6fa7761301cfc347e65c,application/vnd.openxmlformats-officedocument.wordprocessingml.document,True,True,
DOC000103,KPT(KaynarcaPendikTuzla) Metrosu_24220221180893.docx,KPT(KaynarcaPendikTuzla) Metrosu_24220221180893,.docx,C:\Users\bulsa\OneDrive\Desktop\tunnel\Mehmet\Literatur\Wordler\KPT(KaynarcaPendikTuzla) Metrosu_24220221180893.docx,Mehmet/Literatur/Wordler/KPT(KaynarcaPendikTuzla) Metrosu_24220221180893.docx,Mehmet/Literatur/Wordler,4800681,4.578286,2026-08-12T19:11:52+03:00,2024-11-13T14:33:40+03:00,2c1b6a55522b0773cf9f110ca0d29ce8248640c1c42ad5df0701309c576f28d4,application/vnd.openxmlformats-officedocument.wordprocessingml.document,True,True,
DOC000104,KTU_Tez_Tam Metin.docx,KTU_Tez_Tam Metin,.docx,C:\Users\bulsa\OneDrive\Desktop\tunnel\Mehmet\Literatur\Wordler\KTU_Tez_Tam Metin.docx,Mehmet/Literatur/Wordler/KTU_Tez_Tam Metin.docx,Mehmet/Literatur/Wordler,3471718,3.310888,2026-08-12T19:11:52+03:00,2024-11-13T14:32:23+03:00,d8c47fd59b8c006c036f09be83fed7ee7fd3654016e8a6543caf32addd182c26,application/vnd.openxmlformats-officedocument.wordprocessingml.document,True,True,
DOC000105,Maden Muh Oda_Italyan Tunel Acma Yontemi2475424055cc5ce_ek.docx,Maden Muh Oda_Italyan Tunel Acma Yontemi2475424055cc5ce_ek,.docx,C:\Users\bulsa\OneDrive\Desktop\tunnel\Mehmet\Literatur\Wordler\Maden Muh Oda_Italyan Tunel Acma Yontemi2475424055cc5ce_ek.docx,Mehmet/Literatur/Wordler/Maden Muh Oda_Italyan Tunel Acma Yontemi2475424055cc5ce_ek.docx,Mehmet/Literatur/Wordler,619370,0.590677,2026-08-12T19:11:52+03:00,2024-11-13T14:33:14+03:00,f48254965129c3bb94a9b5d193695f32d4b20c5605ff1415885a7e6d636aeb23,application/vnd.openxmlformats-officedocument.wordprocessingml.document,True,True,
DOC000106,TUNELLERDE_DESTEK_SISTEMLERI_VE_GUCLENDI.docx,TUNELLERDE_DESTEK_SISTEMLERI_VE_GUCLENDI,.docx,C:\Users\bulsa\OneDrive\Desktop\tunnel\Mehmet\Literatur\Wordler\TUNELLERDE_DESTEK_SISTEMLERI_VE_GUCLENDI.docx,Mehmet/Literatur/Wordler/TUNELLERDE_DESTEK_SISTEMLERI_VE_GUCLENDI.docx,Mehmet/Literatur/Wordler,2672336,2.548538,2026-08-12T19:11:52+03:00,2024-12-25T12:19:25+03:00,2acb6a1bea35571728e776f6c3a4449eb9abd9d79a34f3111e700a216eb6a2ea,application/vnd.openxmlformats-officedocument.wordprocessingml.document,True,True,
DOC000107,Tünel Eğitim Kitabı 8 EYLÜL 2016.docx,Tünel Eğitim Kitabı 8 EYLÜL 2016,.docx,C:\Users\bulsa\OneDrive\Desktop\tunnel\Mehmet\Literatur\Wordler\Tünel Eğitim Kitabı 8 EYLÜL 2016.docx,Mehmet/Literatur/Wordler/Tünel Eğitim Kitabı 8 EYLÜL 2016.docx,Mehmet/Literatur/Wordler,25031973,23.87235,2026-08-12T19:11:52+03:00,2024-12-25T12:01:20+03:00,1fb6b71a35f819248daf881974423edfaa28cfc580283528ee1be885a439fd2e,application/vnd.openxmlformats-officedocument.wordprocessingml.document,True,True,
DOC000108,2bff0e55530a5f042b71b7245b9310a5_original.docx,2bff0e55530a5f042b71b7245b9310a5_original,.docx,C:\Users\bulsa\OneDrive\Desktop\tunnel\Mehmet\Literatur\Wordler\YTMK\2013\2bff0e55530a5f042b71b7245b9310a5_original.docx,Mehmet/Literatur/Wordler/YTMK/2013/2bff0e55530a5f042b71b7245b9310a5_original.docx,Mehmet/Literatur/Wordler/YTMK/2013,44981113,42.897332,2026-08-12T19:11:54+03:00,2024-11-13T14:37:20+03:00,9fea1e259f10c9d371f0762816d9b80216f58e29841b79b2ca26aa9312ec177c,application/vnd.openxmlformats-officedocument.wordprocessingml.document,True,True,
DOC000109,00_Program.docx,00_Program,.docx,C:\Users\bulsa\OneDrive\Desktop\tunnel\Mehmet\Literatur\Wordler\YTMK\2015\00_Program.docx,Mehmet/Literatur/Wordler/YTMK/2015/00_Program.docx,Mehmet/Literatur/Wordler/YTMK/2015,446327,0.425651,2026-08-12T19:11:56+03:00,2024-11-13T14:35:59+03:00,6b036c17db5b563f6c683a8ad5da96e2fa08be79bbaf163ee710317e94521a49,application/vnd.openxmlformats-officedocument.wordprocessingml.document,True,True,
DOC000110,01_TUG_NATM.docx,01_TUG_NATM,.docx,C:\Users\bulsa\OneDrive\Desktop\tunnel\Mehmet\Literatur\Wordler\YTMK\2015\01_TUG_NATM.docx,Mehmet/Literatur/Wordler/YTMK/2015/01_TUG_NATM.docx,Mehmet/Literatur/Wordler/YTMK/2015,21044952,20.07003,2026-08-12T19:11:56+03:00,2024-11-13T14:39:45+03:00,521709d743a3d0399b5025fc7cc9eb9bc383852908cc125951b52d56a9c53a6d,application/vnd.openxmlformats-officedocument.wordprocessingml.document,True,True,
DOC000111,02_3G_Investigation_strategy_AFa.docx,02_3G_Investigation_strategy_AFa,.docx,C:\Users\bulsa\OneDrive\Desktop\tunnel\Mehmet\Literatur\Wordler\YTMK\2015\02_3G_Investigation_strategy_AFa.docx,Mehmet/Literatur/Wordler/YTMK/2015/02_3G_Investigation_strategy_AFa.docx,Mehmet/Literatur/Wordler/YTMK/2015,3251513,3.100884,2026-08-12T19:11:57+03:00,2024-11-13T14:38:20+03:00,d539e7f4fef25d72a22d97fc66e00deeea3f2d9e27bb78a960c0ce771f6d0049,application/vnd.openxmlformats-officedocument.wordprocessingml.document,True,True,
DOC000112,03_IGT-Influence_of_codes_guidelines_and_other_regulations_on_the_tunnel_design_in_Austria.docx,03_IGT-Influence_of_codes_guidelines_and_other_regulations_on_the_tunnel_design_in_Austria,.docx,C:\Users\bulsa\OneDrive\Desktop\tunnel\Mehmet\Literatur\Wordler\YTMK\2015\03_IGT-Influence_of_codes_guidelines_and_other_regulations_on_the_tunnel_design_in_Austria.docx,Mehmet/Literatur/Wordler/YTMK/2015/03_IGT-Influence_of_codes_guidelines_and_other_regulations_on_the_tunnel_design_in_Austria.docx,Mehmet/Literatur/Wordler/YTMK/2015,4644584,4.42942,2026-08-12T19:11:57+03:00,2024-11-13T14:38:57+03:00,c80abb102d8727116ae25084f339792007817a95002d49e2b4b854d56f04a4d3,application/vnd.openxmlformats-officedocument.wordprocessingml.document,True,True,
DOC000113,04_TUG_Risk_oriented_design.docx,04_TUG_Risk_oriented_design,.docx,C:\Users\bulsa\OneDrive\Desktop\tunnel\Mehmet\Literatur\Wordler\YTMK\2015\04_TUG_Risk_oriented_design.docx,Mehmet/Literatur/Wordler/YTMK/2015/04_TUG_Risk_oriented_design.docx,Mehmet/Literatur/Wordler/YTMK/2015,21516641,20.519868,2026-08-12T19:11:58+03:00,2024-11-13T14:53:07+03:00,3f316c2ed7f26aedcf68027feac77514ab52a7eb7af7b0ab1f2fb2fc1674174e,application/vnd.openxmlformats-officedocument.wordprocessingml.document,True,True,
DOC000114,05_IGT-Design_of_tunnels_in_various_rock_conditions.docx,05_IGT-Design_of_tunnels_in_various_rock_conditions,.docx,C:\Users\bulsa\OneDrive\Desktop\tunnel\Mehmet\Literatur\Wordler\YTMK\2015\05_IGT-Design_of_tunnels_in_various_rock_conditions.docx,Mehmet/Literatur/Wordler/YTMK/2015/05_IGT-Design_of_tunnels_in_various_rock_conditions.docx,Mehmet/Literatur/Wordler/YTMK/2015,16862940,16.081753,2026-08-12T19:11:59+03:00,2024-11-13T14:52:10+03:00,7fd4b4c8c846d5e6aae2acc8cecd0dc03273e7182ae53a6f4ebf8de4b5d346be,application/vnd.openxmlformats-officedocument.wordprocessingml.document,True,True,
DOC000115,06_OBB_Koralm_HW.docx,06_OBB_Koralm_HW,.docx,C:\Users\bulsa\OneDrive\Desktop\tunnel\Mehmet\Literatur\Wordler\YTMK\2015\06_OBB_Koralm_HW.docx,Mehmet/Literatur/Wordler/YTMK/2015/06_OBB_Koralm_HW.docx,Mehmet/Literatur/Wordler/YTMK/2015,40983531,39.084941,2026-08-12T19:12:00+03:00,2024-11-13T14:51:11+03:00,97708590548f2234ac69cfb394e550635427de10767b45e06c79914fce3f7ca4,application/vnd.openxmlformats-officedocument.wordprocessingml.document,True,True,
DOC000116,07_TUG_support_weak_ground.docx,07_TUG_support_weak_ground,.docx,C:\Users\bulsa\OneDrive\Desktop\tunnel\Mehmet\Literatur\Wordler\YTMK\2015\07_TUG_support_weak_ground.docx,Mehmet/Literatur/Wordler/YTMK/2015/07_TUG_support_weak_ground.docx,Mehmet/Literatur/Wordler/YTMK/2015,23980099,22.869205,2026-08-12T19:12:02+03:00,2024-11-13T14:49:55+03:00,2dd377aa1c5526954a690c229aaa0177e901e982aab492d81263dce00e55ce56,application/vnd.openxmlformats-officedocument.wordprocessingml.document,True,True,
DOC000117,09_TUG_Monitoring.docx,09_TUG_Monitoring,.docx,C:\Users\bulsa\OneDrive\Desktop\tunnel\Mehmet\Literatur\Wordler\YTMK\2015\09_TUG_Monitoring.docx,Mehmet/Literatur/Wordler/YTMK/2015/09_TUG_Monitoring.docx,Mehmet/Literatur/Wordler/YTMK/2015,15062635,14.364848,2026-08-12T19:12:03+03:00,2024-11-13T14:47:59+03:00,1c5a56abfaae6e5248584ef5841f7768352868ee2b53bd114514189a4b8405a3,application/vnd.openxmlformats-officedocument.wordprocessingml.document,True,True,
DOC000118,10_OBB_SiteOrganHW.docx,10_OBB_SiteOrganHW,.docx,C:\Users\bulsa\OneDrive\Desktop\tunnel\Mehmet\Literatur\Wordler\YTMK\2015\10_OBB_SiteOrganHW.docx,Mehmet/Literatur/Wordler/YTMK/2015/10_OBB_SiteOrganHW.docx,Mehmet/Literatur/Wordler/YTMK/2015,4386433,4.183228,2026-08-12T19:12:03+03:00,2024-11-13T14:47:22+03:00,8ac72718b2b107378e7be611654d3caf2c8b63f2d6a1b690b5243c3109c316a1,application/vnd.openxmlformats-officedocument.wordprocessingml.document,True,True,
DOC000119,11_IGT-Supplementary_jet_grouting_at_metro_Vienna_Lot_U1-10.docx,11_IGT-Supplementary_jet_grouting_at_metro_Vienna_Lot_U1-10,.docx,C:\Users\bulsa\OneDrive\Desktop\tunnel\Mehmet\Literatur\Wordler\YTMK\2015\11_IGT-Supplementary_jet_grouting_at_metro_Vienna_Lot_U1-10.docx,Mehmet/Literatur/Wordler/YTMK/2015/11_IGT-Supplementary_jet_grouting_at_metro_Vienna_Lot_U1-10.docx,Mehmet/Literatur/Wordler/YTMK/2015,5654097,5.392167,2026-08-12T19:12:04+03:00,2024-11-13T14:47:00+03:00,4a19f1d8988ca4971513a4b771c671122749ef4f3e8df236e5d4093b0acbba39,application/vnd.openxmlformats-officedocument.wordprocessingml.document,True,True,
DOC000120,12_TUG_contract.docx,12_TUG_contract,.docx,C:\Users\bulsa\OneDrive\Desktop\tunnel\Mehmet\Literatur\Wordler\YTMK\2015\12_TUG_contract.docx,Mehmet/Literatur/Wordler/YTMK/2015/12_TUG_contract.docx,Mehmet/Literatur/Wordler/YTMK/2015,54722,0.052187,2026-08-12T19:12:04+03:00,2024-11-13T14:46:09+03:00,2025c5626a39547cdf9eb888904112c67702f5b062baf9787da9337a80b38ded,application/vnd.openxmlformats-officedocument.wordprocessingml.document,True,True,
DOC000121,Austrian-practice-of_tunnelling-contracts_Engl.docx,Austrian-practice-of_tunnelling-contracts_Engl,.docx,C:\Users\bulsa\OneDrive\Desktop\tunnel\Mehmet\Literatur\Wordler\YTMK\2015\Austrian-practice-of_tunnelling-contracts_Engl.docx,Mehmet/Literatur/Wordler/YTMK/2015/Austrian-practice-of_tunnelling-contracts_Engl.docx,Mehmet/Literatur/Wordler/YTMK/2015,2731136,2.604614,2026-08-12T19:12:04+03:00,2024-11-13T14:45:52+03:00,137b3889a8250d821c0ca34c92a00f633489aa4064c3f7c4b09a8d7e815fa232,application/vnd.openxmlformats-officedocument.wordprocessingml.document,True,True,
DOC000122,Guideline_Geotechnical_Design_conv_2010_01.docx,Guideline_Geotechnical_Design_conv_2010_01,.docx,C:\Users\bulsa\OneDrive\Desktop\tunnel\Mehmet\Literatur\Wordler\YTMK\2015\Guideline_Geotechnical_Design_conv_2010_01.docx,Mehmet/Literatur/Wordler/YTMK/2015/Guideline_Geotechnical_Design_conv_2010_01.docx,Mehmet/Literatur/Wordler/YTMK/2015,151404,0.14439,2026-08-12T19:12:04+03:00,2024-11-13T14:44:29+03:00,8bb90aa5183d87dddc449e02f3a33c47a0ce0fbf3b0661effd3fdbeae1915d4d,application/vnd.openxmlformats-officedocument.wordprocessingml.document,True,True,
DOC000123,OeGG_Monitoring_Handbook.docx,OeGG_Monitoring_Handbook,.docx,C:\Users\bulsa\OneDrive\Desktop\tunnel\Mehmet\Literatur\Wordler\YTMK\2015\OeGG_Monitoring_Handbook.docx,Mehmet/Literatur/Wordler/YTMK/2015/OeGG_Monitoring_Handbook.docx,Mehmet/Literatur/Wordler/YTMK/2015,14814159,14.127883,2026-08-12T19:12:04+03:00,2024-11-13T14:43:52+03:00,95f6781e96026a8a700972730aba59088c12ffbbe9becf83196c73c8404ad8b6,application/vnd.openxmlformats-officedocument.wordprocessingml.document,True,True,
DOC000124,YTU Yuksek Lisans.docx,YTU Yuksek Lisans,.docx,C:\Users\bulsa\OneDrive\Desktop\tunnel\Mehmet\Literatur\Wordler\YTU Yuksek Lisans.docx,Mehmet/Literatur/Wordler/YTU Yuksek Lisans.docx,Mehmet/Literatur/Wordler,8634787,8.234775,2026-08-12T19:11:54+03:00,2024-12-24T13:42:21+03:00,7e795b9a47c89f5406c566770c2f81cf7f6fc58ae0545d3299d3a3f107f574da,application/vnd.openxmlformats-officedocument.wordprocessingml.document,True,True,
DOC000125,Ahmet Sirin.pdf,Ahmet Sirin,.pdf,C:\Users\bulsa\OneDrive\Desktop\tunnel\Mehmet\Literatur\YTMK Tunelcilik Semineri\2013\Ahmet Sirin.pdf,Mehmet/Literatur/YTMK Tunelcilik Semineri/2013/Ahmet Sirin.pdf,Mehmet/Literatur/YTMK Tunelcilik Semineri/2013,81051652,77.296879,2026-08-12T19:12:05+03:00,2024-12-23T14:26:49+03:00,7f177b472ed62ef801089d0cdc51369c39b4f89669880fe37871ea63672066df,application/pdf,True,True,
DOC000126,Dr Orhan Simsek.pdf,Dr Orhan Simsek,.pdf,C:\Users\bulsa\OneDrive\Desktop\tunnel\Mehmet\Literatur\YTMK Tunelcilik Semineri\2013\Dr Orhan Simsek.pdf,Mehmet/Literatur/YTMK Tunelcilik Semineri/2013/Dr Orhan Simsek.pdf,Mehmet/Literatur/YTMK Tunelcilik Semineri/2013,41138159,39.232406,2026-08-12T19:12:08+03:00,2024-12-23T14:25:43+03:00,abc6dcf8e707da2f77f6aa3777630d823ed934fca48f67821114ed835ea64e63,application/pdf,True,True,
DOC000127,M.Kemal Akman.pdf,M.Kemal Akman,.pdf,C:\Users\bulsa\OneDrive\Desktop\tunnel\Mehmet\Literatur\YTMK Tunelcilik Semineri\2013\M.Kemal Akman.pdf,Mehmet/Literatur/YTMK Tunelcilik Semineri/2013/M.Kemal Akman.pdf,Mehmet/Literatur/YTMK Tunelcilik Semineri/2013,14996763,14.302028,2026-08-12T19:12:10+03:00,2024-12-23T14:24:27+03:00,752100774713db4bce1bba84ccbd571af14868359841be4afb343ab4b4e4328f,application/pdf,True,True,
DOC000128,Merih Ozgen.pdf,Merih Ozgen,.pdf,C:\Users\bulsa\OneDrive\Desktop\tunnel\Mehmet\Literatur\YTMK Tunelcilik Semineri\2013\Merih Ozgen.pdf,Mehmet/Literatur/YTMK Tunelcilik Semineri/2013/Merih Ozgen.pdf,Mehmet/Literatur/YTMK Tunelcilik Semineri/2013,13195573,12.584279,2026-08-12T19:12:11+03:00,2024-12-23T14:30:28+03:00,9185b233dc14dd7b02a5c1b798e475bb865f4ca6c8adf040ff5d0a79252a44a8,application/pdf,True,True,
DOC000129,Muhammed Alyuruk.pdf,Muhammed Alyuruk,.pdf,C:\Users\bulsa\OneDrive\Desktop\tunnel\Mehmet\Literatur\YTMK Tunelcilik Semineri\2013\Muhammed Alyuruk.pdf,Mehmet/Literatur/YTMK Tunelcilik Semineri/2013/Muhammed Alyuruk.pdf,Mehmet/Literatur/YTMK Tunelcilik Semineri/2013,9728807,9.278113,2026-08-12T19:12:12+03:00,2024-12-23T14:29:18+03:00,290648f6f7fc8e05fe816c0b981659f49af95ca7c31f137e180c1169c15bbe29,application/pdf,True,True,
DOC000130,Murat Dursun Barut.pdf,Murat Dursun Barut,.pdf,C:\Users\bulsa\OneDrive\Desktop\tunnel\Mehmet\Literatur\YTMK Tunelcilik Semineri\2013\Murat Dursun Barut.pdf,Mehmet/Literatur/YTMK Tunelcilik Semineri/2013/Murat Dursun Barut.pdf,Mehmet/Literatur/YTMK Tunelcilik Semineri/2013,5273420,5.029125,2026-08-12T19:12:12+03:00,2024-12-23T14:20:14+03:00,17e5e4aa41637a66b3dee7c8c71e79a278cdccb4c134fd115eb7a4a66aa24f32,application/pdf,True,True,
DOC000131,Nurettin Demir.pdf,Nurettin Demir,.pdf,C:\Users\bulsa\OneDrive\Desktop\tunnel\Mehmet\Literatur\YTMK Tunelcilik Semineri\2013\Nurettin Demir.pdf,Mehmet/Literatur/YTMK Tunelcilik Semineri/2013/Nurettin Demir.pdf,Mehmet/Literatur/YTMK Tunelcilik Semineri/2013,67050668,63.9445,2026-08-12T19:12:12+03:00,2024-12-23T14:29:52+03:00,784b14ff9e8444a97c6d284d4fe232dab00589930f78f3c4ecf441816251e1db,application/pdf,True,True,
DOC000132,Prof Mahir Vardar.pdf,Prof Mahir Vardar,.pdf,C:\Users\bulsa\OneDrive\Desktop\tunnel\Mehmet\Literatur\YTMK Tunelcilik Semineri\2013\Prof Mahir Vardar.pdf,Mehmet/Literatur/YTMK Tunelcilik Semineri/2013/Prof Mahir Vardar.pdf,Mehmet/Literatur/YTMK Tunelcilik Semineri/2013,34832019,33.218402,2026-08-12T19:12:16+03:00,2024-12-23T14:23:39+03:00,c736114ad7d9ac29557c038d3125645cc50104cd1bb39ff873388c1f65c5ccbe,application/pdf,True,True,
DOC000133,SinaKiziroglu.pdf,SinaKiziroglu,.pdf,C:\Users\bulsa\OneDrive\Desktop\tunnel\Mehmet\Literatur\YTMK Tunelcilik Semineri\2013\SinaKiziroglu.pdf,Mehmet/Literatur/YTMK Tunelcilik Semineri/2013/SinaKiziroglu.pdf,Mehmet/Literatur/YTMK Tunelcilik Semineri/2013,15934688,15.196503,2026-08-12T19:12:17+03:00,2024-09-23T16:22:39+03:00,ab9820d96be33b424672d580d8bfc3cb2133ef5306ca2dc708359bf0363d8e1c,application/pdf,True,True,
DOC000134,Thumbs.db,Thumbs,.db,C:\Users\bulsa\OneDrive\Desktop\tunnel\Mehmet\Literatur\YTMK Tunelcilik Semineri\2013\Thumbs.db,Mehmet/Literatur/YTMK Tunelcilik Semineri/2013/Thumbs.db,Mehmet/Literatur/YTMK Tunelcilik Semineri/2013,13312,0.012695,2026-08-12T19:12:18+03:00,2025-03-11T15:10:30+03:00,629dba3cec96c75c31ebb330ed99f99b5eedeac9cec2691ec3897069e8aa517b,application/octet-stream,False,False,
DOC000135,00_Program.pdf,00_Program,.pdf,C:\Users\bulsa\OneDrive\Desktop\tunnel\Mehmet\Literatur\YTMK Tunelcilik Semineri\2015\00_Program.pdf,Mehmet/Literatur/YTMK Tunelcilik Semineri/2015/00_Program.pdf,Mehmet/Literatur/YTMK Tunelcilik Semineri/2015,2689062,2.564489,2026-08-12T19:12:18+03:00,2024-09-23T16:18:18+03:00,87dba3177d206b481b5d3313ec6ae104382ffaff5bb4499d6f32501ce680c220,application/pdf,True,True,
DOC000136,01_TUG_NATM.pdf,01_TUG_NATM,.pdf,C:\Users\bulsa\OneDrive\Desktop\tunnel\Mehmet\Literatur\YTMK Tunelcilik Semineri\2015\01_TUG_NATM.pdf,Mehmet/Literatur/YTMK Tunelcilik Semineri/2015/01_TUG_NATM.pdf,Mehmet/Literatur/YTMK Tunelcilik Semineri/2015,13655060,13.02248,2026-08-12T19:12:18+03:00,2024-09-23T16:18:29+03:00,8ddcb82fa70d57fe41def348b5927516669b699bcaeba1cdeccdec879937292d,application/pdf,True,True,
DOC000137,02_3G_Investigation_strategy_AFa.pdf,02_3G_Investigation_strategy_AFa,.pdf,C:\Users\bulsa\OneDrive\Desktop\tunnel\Mehmet\Literatur\YTMK Tunelcilik Semineri\2015\02_3G_Investigation_strategy_AFa.pdf,Mehmet/Literatur/YTMK Tunelcilik Semineri/2015/02_3G_Investigation_strategy_AFa.pdf,Mehmet/Literatur/YTMK Tunelcilik Semineri/2015,2494466,2.378908,2026-08-12T19:12:19+03:00,2024-09-23T16:19:37+03:00,d135e0b74fcc089d7c5eb091a467db3feb51ab4bdf350494d8fafed98df9b8c2,application/pdf,True,True,
DOC000138,03_IGT-Influence_of_codes_guidelines_and_other_regulations_on_the_tunnel_design_in_Austria.pdf,03_IGT-Influence_of_codes_guidelines_and_other_regulations_on_the_tunnel_design_in_Austria,.pdf,C:\Users\bulsa\OneDrive\Desktop\tunnel\Mehmet\Literatur\YTMK Tunelcilik Semineri\2015\03_IGT-Influence_of_codes_guidelines_and_other_regulations_on_the_tunnel_design_in_Austria.pdf,Mehmet/Literatur/YTMK Tunelcilik Semineri/2015/03_IGT-Influence_of_codes_guidelines_and_other_regulations_on_the_tunnel_design_in_Austria.pdf,Mehmet/Literatur/YTMK Tunelcilik Semineri/2015,3884853,3.704885,2026-08-12T19:12:20+03:00,2024-09-23T16:19:42+03:00,189234761cf3c89af7b5218a668c32eadadd57ae0ba39f5b94dffb7c7385983a,application/pdf,True,True,
DOC000139,04_TUG_Risk_oriented_design.pdf,04_TUG_Risk_oriented_design,.pdf,C:\Users\bulsa\OneDrive\Desktop\tunnel\Mehmet\Literatur\YTMK Tunelcilik Semineri\2015\04_TUG_Risk_oriented_design.pdf,Mehmet/Literatur/YTMK Tunelcilik Semineri/2015/04_TUG_Risk_oriented_design.pdf,Mehmet/Literatur/YTMK Tunelcilik Semineri/2015,9400174,8.964705,2026-08-12T19:12:20+03:00,2024-09-23T16:19:47+03:00,c7c9d8343dc6fe482a802f8e9b4fd6a02639971ade8e228f4cf87076dad8aa8f,application/pdf,True,True,
DOC000140,05_IGT-Design_of_tunnels_in_various_rock_conditions.pdf,05_IGT-Design_of_tunnels_in_various_rock_conditions,.pdf,C:\Users\bulsa\OneDrive\Desktop\tunnel\Mehmet\Literatur\YTMK Tunelcilik Semineri\2015\05_IGT-Design_of_tunnels_in_various_rock_conditions.pdf,Mehmet/Literatur/YTMK Tunelcilik Semineri/2015/05_IGT-Design_of_tunnels_in_various_rock_conditions.pdf,Mehmet/Literatur/YTMK Tunelcilik Semineri/2015,9987468,9.524792,2026-08-12T19:12:20+03:00,2024-09-23T16:19:52+03:00,e8be5c1744652c55a754baf54325b85c23150ac818298c4c4a5970d997518161,application/pdf,True,True,
DOC000141,06_OBB_Koralm_HW.pdf,06_OBB_Koralm_HW,.pdf,C:\Users\bulsa\OneDrive\Desktop\tunnel\Mehmet\Literatur\YTMK Tunelcilik Semineri\2015\06_OBB_Koralm_HW.pdf,Mehmet/Literatur/YTMK Tunelcilik Semineri/2015/06_OBB_Koralm_HW.pdf,Mehmet/Literatur/YTMK Tunelcilik Semineri/2015,23783011,22.681247,2026-08-12T19:12:21+03:00,2024-09-23T16:19:57+03:00,1497facb7b0c548f50fca4ddbae56fb123832766754d2043fbb366a3a7130db2,application/pdf,True,True,
DOC000142,07_TUG_support_weak_ground.pdf,07_TUG_support_weak_ground,.pdf,C:\Users\bulsa\OneDrive\Desktop\tunnel\Mehmet\Literatur\YTMK Tunelcilik Semineri\2015\07_TUG_support_weak_ground.pdf,Mehmet/Literatur/YTMK Tunelcilik Semineri/2015/07_TUG_support_weak_ground.pdf,Mehmet/Literatur/YTMK Tunelcilik Semineri/2015,10944920,10.437889,2026-08-12T19:12:22+03:00,2024-09-23T16:20:01+03:00,69d968a256653378d20f76645e84084ecc45363997b8ca916f41dd52225d913b,application/pdf,True,True,
DOC000143,09_TUG_Monitoring.pdf,09_TUG_Monitoring,.pdf,C:\Users\bulsa\OneDrive\Desktop\tunnel\Mehmet\Literatur\YTMK Tunelcilik Semineri\2015\09_TUG_Monitoring.pdf,Mehmet/Literatur/YTMK Tunelcilik Semineri/2015/09_TUG_Monitoring.pdf,Mehmet/Literatur/YTMK Tunelcilik Semineri/2015,8798046,8.390471,2026-08-12T19:12:23+03:00,2024-09-23T16:20:16+03:00,86a75b8e9dde7566453b17b4f89870d51b7d56f78a663a0c15a71281d3cfe989,application/pdf,True,True,
DOC000144,10_OBB_SiteOrganHW.pdf,10_OBB_SiteOrganHW,.pdf,C:\Users\bulsa\OneDrive\Desktop\tunnel\Mehmet\Literatur\YTMK Tunelcilik Semineri\2015\10_OBB_SiteOrganHW.pdf,Mehmet/Literatur/YTMK Tunelcilik Semineri/2015/10_OBB_SiteOrganHW.pdf,Mehmet/Literatur/YTMK Tunelcilik Semineri/2015,5069937,4.835069,2026-08-12T19:12:23+03:00,2024-09-23T16:20:22+03:00,55d8db4dc8476d9dba567eef0bff650ac77abd9f33824d4ed13216ff2425b707,application/pdf,True,True,
DOC000145,10a_OBB_SafetyManagement_HW_Kompatibilitatsmodus.pdf,10a_OBB_SafetyManagement_HW_Kompatibilitatsmodus,.pdf,C:\Users\bulsa\OneDrive\Desktop\tunnel\Mehmet\Literatur\YTMK Tunelcilik Semineri\2015\10a_OBB_SafetyManagement_HW_Kompatibilitatsmodus.pdf,Mehmet/Literatur/YTMK Tunelcilik Semineri/2015/10a_OBB_SafetyManagement_HW_Kompatibilitatsmodus.pdf,Mehmet/Literatur/YTMK Tunelcilik Semineri/2015,6361583,6.066878,2026-08-12T19:12:23+03:00,2024-12-23T14:16:08+03:00,de4b13d03e815c012e30a9f538e222d247c8053ef8b819876183a647e06f8fcc,application/pdf,True,True,
DOC000146,11_IGT-Supplementary_jet_grouting_at_metro_Vienna_Lot_U1-10.pdf,11_IGT-Supplementary_jet_grouting_at_metro_Vienna_Lot_U1-10,.pdf,C:\Users\bulsa\OneDrive\Desktop\tunnel\Mehmet\Literatur\YTMK Tunelcilik Semineri\2015\11_IGT-Supplementary_jet_grouting_at_metro_Vienna_Lot_U1-10.pdf,Mehmet/Literatur/YTMK Tunelcilik Semineri/2015/11_IGT-Supplementary_jet_grouting_at_metro_Vienna_Lot_U1-10.pdf,Mehmet/Literatur/YTMK Tunelcilik Semineri/2015,4149227,3.957011,2026-08-12T19:12:24+03:00,2024-09-23T16:19:08+03:00,c97cbca267c1dc01fdb01928804265a14759612dd2b40522d5e0edb07d8a6fa7,application/pdf,True,True,
DOC000147,12_TUG_contract.pdf,12_TUG_contract,.pdf,C:\Users\bulsa\OneDrive\Desktop\tunnel\Mehmet\Literatur\YTMK Tunelcilik Semineri\2015\12_TUG_contract.pdf,Mehmet/Literatur/YTMK Tunelcilik Semineri/2015/12_TUG_contract.pdf,Mehmet/Literatur/YTMK Tunelcilik Semineri/2015,148224,0.141357,2026-08-12T19:12:24+03:00,2024-09-23T16:19:15+03:00,05e801d41202a9b225e4f2388d33b0e062334b7b8b20893d3be6a9e598f9650c,application/pdf,True,True,
DOC000148,Austrian-practice-of_tunnelling-contracts_Engl.pdf,Austrian-practice-of_tunnelling-contracts_Engl,.pdf,C:\Users\bulsa\OneDrive\Desktop\tunnel\Mehmet\Literatur\YTMK Tunelcilik Semineri\2015\Austrian-practice-of_tunnelling-contracts_Engl.pdf,Mehmet/Literatur/YTMK Tunelcilik Semineri/2015/Austrian-practice-of_tunnelling-contracts_Engl.pdf,Mehmet/Literatur/YTMK Tunelcilik Semineri/2015,1102975,1.051879,2026-08-12T19:12:24+03:00,2024-09-23T16:19:20+03:00,b1c6f20e41a09198ef32b0471cd71578a897af28494b948655db132f4b905f01,application/pdf,True,True,
DOC000149,Guideline_Geotechnical_Design_conv_2010_01.pdf,Guideline_Geotechnical_Design_conv_2010_01,.pdf,C:\Users\bulsa\OneDrive\Desktop\tunnel\Mehmet\Literatur\YTMK Tunelcilik Semineri\2015\Guideline_Geotechnical_Design_conv_2010_01.pdf,Mehmet/Literatur/YTMK Tunelcilik Semineri/2015/Guideline_Geotechnical_Design_conv_2010_01.pdf,Mehmet/Literatur/YTMK Tunelcilik Semineri/2015,194980,0.185947,2026-08-12T19:12:24+03:00,2024-09-23T16:19:24+03:00,a9517e0a7c435102246998a5a935d7cf32b8fdb5c060cdda4bcb8c3f6bb9e4b3,application/pdf,True,True,
DOC000150,OeGG_Monitoring_Handbook.pdf,OeGG_Monitoring_Handbook,.pdf,C:\Users\bulsa\OneDrive\Desktop\tunnel\Mehmet\Literatur\YTMK Tunelcilik Semineri\2015\OeGG_Monitoring_Handbook.pdf,Mehmet/Literatur/YTMK Tunelcilik Semineri/2015/OeGG_Monitoring_Handbook.pdf,Mehmet/Literatur/YTMK Tunelcilik Semineri/2015,10622557,10.13046,2026-08-12T19:12:24+03:00,2024-09-23T16:19:29+03:00,8a32186e0ff60e4eb084a9396b2a08a2095b6e8c5d46198966713a2311105b17,application/pdf,True,True,
DOC000151,YTMK Kaynaklar.docx,YTMK Kaynaklar,.docx,C:\Users\bulsa\OneDrive\Desktop\tunnel\Mehmet\Literatur\YTMK Tunelcilik Semineri\YTMK Kaynaklar.docx,Mehmet/Literatur/YTMK Tunelcilik Semineri/YTMK Kaynaklar.docx,Mehmet/Literatur/YTMK Tunelcilik Semineri,15196,0.014492,2026-08-12T19:12:05+03:00,2024-12-23T14:33:37+03:00,a3e34dc693e74ca818ed9245d160c284f062a6b4889b2cb037b8f0c89f1c1492,application/vnd.openxmlformats-officedocument.wordprocessingml.document,True,True,
DOC000152,YTU Yuksek Lisans.pdf,YTU Yuksek Lisans,.pdf,C:\Users\bulsa\OneDrive\Desktop\tunnel\Mehmet\Literatur\YTU Yuksek Lisans.pdf,Mehmet/Literatur/YTU Yuksek Lisans.pdf,Mehmet/Literatur,14106772,13.453266,2026-08-12T19:11:51+03:00,2024-12-23T16:38:42+03:00,2005c18d2148fb921826dbcddb8ab0670e475a1bb0a9426fdaa7e36367eea79b,application/pdf,True,True,
DOC000153,10_Use of Foams for the Soil Conditioning in Excavations with EPB-TBMs - Envionmental Approach.pdf,10_Use of Foams for the Soil Conditioning in Excavations with EPB-TBMs - Envionmental Approach,.pdf,C:\Users\bulsa\OneDrive\Desktop\tunnel\Sunumlar_2022\10_Use of Foams for the Soil Conditioning in Excavations with EPB-TBMs - Envionmental Approach.pdf,Sunumlar_2022/10_Use of Foams for the Soil Conditioning in Excavations with EPB-TBMs - Envionmental Approach.pdf,Sunumlar_2022,1161772,1.107952,2026-08-12T19:09:50+03:00,2024-09-25T13:49:49+03:00,8c40ec5ec7c1cb1e451a146d3c19f951a3041dc6a83f0d886f536e059bbce6eb,application/pdf,True,True,
DOC000154,11_A Tunnelling Experience in Difficult Ground Conditions in the Himalayas.pdf,11_A Tunnelling Experience in Difficult Ground Conditions in the Himalayas,.pdf,C:\Users\bulsa\OneDrive\Desktop\tunnel\Sunumlar_2022\11_A Tunnelling Experience in Difficult Ground Conditions in the Himalayas.pdf,Sunumlar_2022/11_A Tunnelling Experience in Difficult Ground Conditions in the Himalayas.pdf,Sunumlar_2022,1801701,1.718236,2026-08-12T19:09:50+03:00,2024-09-25T13:49:57+03:00,6a3e8bf61cc46e81e500a8315b25864943df7ce31ca83e59c5d00d36558481f1,application/pdf,True,True,
DOC000155,12_1_Fire Safety in Tunnels.pdf,12_1_Fire Safety in Tunnels,.pdf,C:\Users\bulsa\OneDrive\Desktop\tunnel\Sunumlar_2022\12_1_Fire Safety in Tunnels.pdf,Sunumlar_2022/12_1_Fire Safety in Tunnels.pdf,Sunumlar_2022,1098657,1.047761,2026-08-12T19:09:51+03:00,2024-09-25T13:50:04+03:00,b952814dcd0347a888e7957e78f138ff40cb0b3eed7f10c34a215c3b1a775925,application/pdf,True,True,
DOC000156,12_2_Fire Safety in Tunnels.pdf,12_2_Fire Safety in Tunnels,.pdf,C:\Users\bulsa\OneDrive\Desktop\tunnel\Sunumlar_2022\12_2_Fire Safety in Tunnels.pdf,Sunumlar_2022/12_2_Fire Safety in Tunnels.pdf,Sunumlar_2022,1389194,1.324839,2026-08-12T19:09:51+03:00,2024-09-25T13:50:09+03:00,85283ef6c13967fdbf3453026f913b303b7a06a905bc8fd86cd93eb93685975b,application/pdf,True,True,
DOC000157,1_Professor Arnold Dix_People and Planet – how to get finance for new projects that mitigate the perils of Climate Change now.pdf,1_Professor Arnold Dix_People and Planet – how to get finance for new projects that mitigate the perils of Climate Change now,.pdf,C:\Users\bulsa\OneDrive\Desktop\tunnel\Sunumlar_2022\1_Professor Arnold Dix_People and Planet – how to get finance for new projects that mitigate the perils of Climate Change now.pdf,Sunumlar_2022/1_Professor Arnold Dix_People and Planet – how to get finance for new projects that mitigate the perils of Climate Change now.pdf,Sunumlar_2022,4247551,4.05078,2026-08-12T19:09:51+03:00,2024-09-25T13:48:21+03:00,246054e0940d9efbe0562a68fc621120e8cf7a22fd1028f0a588f3fb998a6395,application/pdf,True,True,
DOC000158,2_Present and Future of Tunnel Constructions in Transportation Infrastructure.pdf,2_Present and Future of Tunnel Constructions in Transportation Infrastructure,.pdf,C:\Users\bulsa\OneDrive\Desktop\tunnel\Sunumlar_2022\2_Present and Future of Tunnel Constructions in Transportation Infrastructure.pdf,Sunumlar_2022/2_Present and Future of Tunnel Constructions in Transportation Infrastructure.pdf,Sunumlar_2022,10408011,9.925853,2026-08-12T19:09:51+03:00,2024-09-25T13:48:29+03:00,04c57c21fdf18e5176f04fa367b8aa609d394673f6051f3afffa206e12c8080f,application/pdf,True,True,
DOC000159,3_HIZRAY Project and Planned Future of Istanbul Metro Works.pdf,3_HIZRAY Project and Planned Future of Istanbul Metro Works,.pdf,C:\Users\bulsa\OneDrive\Desktop\tunnel\Sunumlar_2022\3_HIZRAY Project and Planned Future of Istanbul Metro Works.pdf,Sunumlar_2022/3_HIZRAY Project and Planned Future of Istanbul Metro Works.pdf,Sunumlar_2022,2957042,2.820055,2026-08-12T19:09:52+03:00,2024-09-25T13:48:39+03:00,96783c6ed7f86ae20ca934964dbc5a84caa25b83f59f6a648481f87d6aa90eaf,application/pdf,True,True,
DOC000160,"4_International Projects of Yapi Merkezi, Administrative Difficulties Encountered.pdf","4_International Projects of Yapi Merkezi, Administrative Difficulties Encountered",.pdf,"C:\Users\bulsa\OneDrive\Desktop\tunnel\Sunumlar_2022\4_International Projects of Yapi Merkezi, Administrative Difficulties Encountered.pdf","Sunumlar_2022/4_International Projects of Yapi Merkezi, Administrative Difficulties Encountered.pdf",Sunumlar_2022,5782364,5.514492,2026-08-12T19:09:52+03:00,2024-09-25T13:49:04+03:00,1457e07af2b0f6b8533b9bc852928166f611084644bf7257b1b3e83f7f16d4a1,application/pdf,True,True,
DOC000161,"5_Past, Present and Future of Izmir Metro Works.pdf","5_Past, Present and Future of Izmir Metro Works",.pdf,"C:\Users\bulsa\OneDrive\Desktop\tunnel\Sunumlar_2022\5_Past, Present and Future of Izmir Metro Works.pdf","Sunumlar_2022/5_Past, Present and Future of Izmir Metro Works.pdf",Sunumlar_2022,6302108,6.010159,2026-08-12T19:09:52+03:00,2024-09-25T13:49:12+03:00,7bea6c201c2cd943fbd77ed85a922766ac64943657c2f822f46256943a8abda8,application/pdf,True,True,
DOC000162,"6_Past, Present and Future of DSI Tunnels.pdf","6_Past, Present and Future of DSI Tunnels",.pdf,"C:\Users\bulsa\OneDrive\Desktop\tunnel\Sunumlar_2022\6_Past, Present and Future of DSI Tunnels.pdf","Sunumlar_2022/6_Past, Present and Future of DSI Tunnels.pdf",Sunumlar_2022,6937320,6.615944,2026-08-12T19:09:52+03:00,2024-09-25T13:49:21+03:00,f28df7cb6007defe882889017a983d7c06c169a31170e5b112017af625ae30b6,application/pdf,True,True,
DOC000163,7_Tunnel Projects in Indonesia and the Far East Opportunities for Turkish Contractors.pdf,7_Tunnel Projects in Indonesia and the Far East Opportunities for Turkish Contractors,.pdf,C:\Users\bulsa\OneDrive\Desktop\tunnel\Sunumlar_2022\7_Tunnel Projects in Indonesia and the Far East Opportunities for Turkish Contractors.pdf,Sunumlar_2022/7_Tunnel Projects in Indonesia and the Far East Opportunities for Turkish Contractors.pdf,Sunumlar_2022,1461142,1.393454,2026-08-12T19:09:53+03:00,2024-09-25T13:49:28+03:00,aebfb2790f94d4239847b45390573d6de454b397cc9405ddd5e8af1f952d3c8d,application/pdf,True,True,
DOC000164,8_Halkali - Istanbul Airport Metro Construction Works.pdf,8_Halkali - Istanbul Airport Metro Construction Works,.pdf,C:\Users\bulsa\OneDrive\Desktop\tunnel\Sunumlar_2022\8_Halkali - Istanbul Airport Metro Construction Works.pdf,Sunumlar_2022/8_Halkali - Istanbul Airport Metro Construction Works.pdf,Sunumlar_2022,3552062,3.38751,2026-08-12T19:09:53+03:00,2024-09-25T13:49:35+03:00,f036fbe6cc100faef49c498054f0700eb618c52fca4e5f4a0806dde7c9610c01,application/pdf,True,True,
DOC000165,9_Final Lining Design Approach for Reduction Tunnels.pdf,9_Final Lining Design Approach for Reduction Tunnels,.pdf,C:\Users\bulsa\OneDrive\Desktop\tunnel\Sunumlar_2022\9_Final Lining Design Approach for Reduction Tunnels.pdf,Sunumlar_2022/9_Final Lining Design Approach for Reduction Tunnels.pdf,Sunumlar_2022,1321580,1.260357,2026-08-12T19:09:53+03:00,2024-09-25T13:49:42+03:00,6ba9584fcdfdca8c91f6ed1462db0fadbd2f4c81e4f1f4542b0a1a95494be7f5,application/pdf,True,True,
DOC000166,Dünyadaki Son Gelişmeler Çerçevesinde Yüksek Hızlı Demiryolu Tünel Tasarımı.pdf,Dünyadaki Son Gelişmeler Çerçevesinde Yüksek Hızlı Demiryolu Tünel Tasarımı,.pdf,C:\Users\bulsa\OneDrive\Desktop\tunnel\Sunumlar_2022\Dünyadaki Son Gelişmeler Çerçevesinde Yüksek Hızlı Demiryolu Tünel Tasarımı.pdf,Sunumlar_2022/Dünyadaki Son Gelişmeler Çerçevesinde Yüksek Hızlı Demiryolu Tünel Tasarımı.pdf,Sunumlar_2022,1291989,1.232137,2026-08-12T19:09:53+03:00,2024-09-26T08:22:23+03:00,8290ac15a538bb0f22bd6901290c4685b98061d70ec6dc21f8d978decec27e7e,application/pdf,True,True,
DOC000167,Türkiye’deki Karayolu Tünellerinde Trafik.pdf,Türkiye’deki Karayolu Tünellerinde Trafik,.pdf,C:\Users\bulsa\OneDrive\Desktop\tunnel\Sunumlar_2022\Türkiye’deki Karayolu Tünellerinde Trafik.pdf,Sunumlar_2022/Türkiye’deki Karayolu Tünellerinde Trafik.pdf,Sunumlar_2022,1294352,1.23439,2026-08-12T19:09:53+03:00,2024-09-26T08:15:25+03:00,d6cabd5890cae7ee2a05c65b23d0264a1f69a65b12ed45d323ef654c7b93ac1a,application/pdf,True,True,
DOC000168,ADR TAIEX Eğitim Dokümanı.pdf,ADR TAIEX Eğitim Dokümanı,.pdf,C:\Users\bulsa\OneDrive\Desktop\tunnel\TAIEX Karayolu Tünellerinin Sınıflandırılması Eğitimi 16-19 Mart 2015\ADR TAIEX Eğitim Dokümanı.pdf,TAIEX Karayolu Tünellerinin Sınıflandırılması Eğitimi 16-19 Mart 2015/ADR TAIEX Eğitim Dokümanı.pdf,TAIEX Karayolu Tünellerinin Sınıflandırılması Eğitimi 16-19 Mart 2015,9903161,9.44439,2026-08-12T19:09:53+03:00,2015-04-27T11:31:17+03:00,5c0397948854e544883ff235182f87928732f2913e66c87168f39bc5debb0b68,application/pdf,True,True,
DOC000169,agenda_56725_TR.doc,agenda_56725_TR,.doc,C:\Users\bulsa\OneDrive\Desktop\tunnel\TAIEX Karayolu Tünellerinin Sınıflandırılması Eğitimi 16-19 Mart 2015\agenda_56725_TR.doc,TAIEX Karayolu Tünellerinin Sınıflandırılması Eğitimi 16-19 Mart 2015/agenda_56725_TR.doc,TAIEX Karayolu Tünellerinin Sınıflandırılması Eğitimi 16-19 Mart 2015,758740,0.723591,2026-08-12T19:09:54+03:00,2015-03-13T14:52:25+03:00,56c352f0db4ceb3efec84d3631a249a62adb611945b148811391897f613e49d6,application/msword,True,True,
DOC000170,Risk Analysis for Road Tunnels PIARC.pdf,Risk Analysis for Road Tunnels PIARC,.pdf,C:\Users\bulsa\OneDrive\Desktop\tunnel\TAIEX Karayolu Tünellerinin Sınıflandırılması Eğitimi 16-19 Mart 2015\Risk Analysis for Road Tunnels PIARC.pdf,TAIEX Karayolu Tünellerinin Sınıflandırılması Eğitimi 16-19 Mart 2015/Risk Analysis for Road Tunnels PIARC.pdf,TAIEX Karayolu Tünellerinin Sınıflandırılması Eğitimi 16-19 Mart 2015,3185716,3.038136,2026-08-12T19:09:54+03:00,2015-05-08T10:03:27+03:00,98947b1040b98d24a49728ff7d0b0f6a8fa58fdc86cb2539c71a83e467b023fc,application/pdf,True,True,
DOC000171,Turcja_16-19_03_2015_part2_2.ppt,Turcja_16-19_03_2015_part2_2,.ppt,C:\Users\bulsa\OneDrive\Desktop\tunnel\TAIEX Karayolu Tünellerinin Sınıflandırılması Eğitimi 16-19 Mart 2015\Turcja_16-19_03_2015_part2_2.ppt,TAIEX Karayolu Tünellerinin Sınıflandırılması Eğitimi 16-19 Mart 2015/Turcja_16-19_03_2015_part2_2.ppt,TAIEX Karayolu Tünellerinin Sınıflandırılması Eğitimi 16-19 Mart 2015,5820416,5.550781,2026-08-12T19:09:54+03:00,2015-03-18T20:39:32+03:00,2c519a6334175b397eb6f6469692faf898be78d2aec5c3449576cf84b88ddd5d,application/vnd.ms-powerpoint,True,True,
DOC000172,Turcja_16-19_03_2015_part3.ppt,Turcja_16-19_03_2015_part3,.ppt,C:\Users\bulsa\OneDrive\Desktop\tunnel\TAIEX Karayolu Tünellerinin Sınıflandırılması Eğitimi 16-19 Mart 2015\Turcja_16-19_03_2015_part3.ppt,TAIEX Karayolu Tünellerinin Sınıflandırılması Eğitimi 16-19 Mart 2015/Turcja_16-19_03_2015_part3.ppt,TAIEX Karayolu Tünellerinin Sınıflandırılması Eğitimi 16-19 Mart 2015,4183040,3.989258,2026-08-12T19:09:54+03:00,2015-03-19T01:14:28+03:00,099561279b8b8ee35d2341c8b45f5a1f8c5e4a5fe3bd846ea00218e0b6cfd2a0,application/vnd.ms-powerpoint,True,True,
DOC000173,Turcja_16-19_03_2015_part4.ppt,Turcja_16-19_03_2015_part4,.ppt,C:\Users\bulsa\OneDrive\Desktop\tunnel\TAIEX Karayolu Tünellerinin Sınıflandırılması Eğitimi 16-19 Mart 2015\Turcja_16-19_03_2015_part4.ppt,TAIEX Karayolu Tünellerinin Sınıflandırılması Eğitimi 16-19 Mart 2015/Turcja_16-19_03_2015_part4.ppt,TAIEX Karayolu Tünellerinin Sınıflandırılması Eğitimi 16-19 Mart 2015,4427776,4.222656,2026-08-12T19:09:55+03:00,2015-03-20T12:20:32+03:00,37bfcaa3e403d68f85d12a6176b384c745f9d869ffa659614a55cde1ee83609b,application/vnd.ms-powerpoint,True,True,
DOC000174,Updated_Survey_Road_Tunnel_Regulations_August_2011_1.pdf,Updated_Survey_Road_Tunnel_Regulations_August_2011_1,.pdf,C:\Users\bulsa\OneDrive\Desktop\tunnel\TAIEX Karayolu Tünellerinin Sınıflandırılması Eğitimi 16-19 Mart 2015\Updated_Survey_Road_Tunnel_Regulations_August_2011_1.pdf,TAIEX Karayolu Tünellerinin Sınıflandırılması Eğitimi 16-19 Mart 2015/Updated_Survey_Road_Tunnel_Regulations_August_2011_1.pdf,TAIEX Karayolu Tünellerinin Sınıflandırılması Eğitimi 16-19 Mart 2015,493184,0.470337,2026-08-12T19:09:55+03:00,2015-03-17T15:41:58+03:00,6c05ea8291c455e3f607679c63ec52f069202b7b2ab45031fd5adf6b06be93fa,application/pdf,True,True,
DOC000175,E-dergi-Tünel Dergisi 46_1.pdf,E-dergi-Tünel Dergisi 46_1,.pdf,C:\Users\bulsa\OneDrive\Desktop\tunnel\Tünel Dergisi\E-dergi-Tünel Dergisi 46_1.pdf,Tünel Dergisi/E-dergi-Tünel Dergisi 46_1.pdf,Tünel Dergisi,20890317,19.922559,2026-08-12T19:09:55+03:00,2024-09-25T13:30:40+03:00,f2f1c1bde126829d366a5b059941944e3e26a568d085b6b6a16a5ebbfeb4a022,application/pdf,True,True,
DOC000176,E-Dergi_Tünel 45_r.pdf,E-Dergi_Tünel 45_r,.pdf,C:\Users\bulsa\OneDrive\Desktop\tunnel\Tünel Dergisi\E-Dergi_Tünel 45_r.pdf,Tünel Dergisi/E-Dergi_Tünel 45_r.pdf,Tünel Dergisi,20058090,19.128885,2026-08-12T19:09:56+03:00,2024-09-25T13:31:15+03:00,91771bfc0bb400062986b68fd2aa49954ba54a4fbd5c878d670afbd97a78aa0c,application/pdf,True,True,
DOC000177,E-dergi_Tünel-35.pdf,E-dergi_Tünel-35,.pdf,C:\Users\bulsa\OneDrive\Desktop\tunnel\Tünel Dergisi\E-dergi_Tünel-35.pdf,Tünel Dergisi/E-dergi_Tünel-35.pdf,Tünel Dergisi,39337887,37.515532,2026-08-12T19:09:57+03:00,2024-09-25T13:36:10+03:00,0f9a28ad41ab9c7c470e8d636ad563f20f04c89b5c7301281dcc78b27fdc0a7d,application/pdf,True,True,
DOC000178,10_Use of Foams for the Soil Conditioning in Excavations with EPB-TBMs - Envionmental Approach.pdf,10_Use of Foams for the Soil Conditioning in Excavations with EPB-TBMs - Envionmental Approach,.pdf,C:\Users\bulsa\OneDrive\Desktop\tunnel\Tünel Dergisi\Sunumlar_2022\10_Use of Foams for the Soil Conditioning in Excavations with EPB-TBMs - Envionmental Approach.pdf,Tünel Dergisi/Sunumlar_2022/10_Use of Foams for the Soil Conditioning in Excavations with EPB-TBMs - Envionmental Approach.pdf,Tünel Dergisi/Sunumlar_2022,1161772,1.107952,2026-08-12T19:10:16+03:00,2024-09-25T13:49:49+03:00,8c40ec5ec7c1cb1e451a146d3c19f951a3041dc6a83f0d886f536e059bbce6eb,application/pdf,True,True,
DOC000179,11_A Tunnelling Experience in Difficult Ground Conditions in the Himalayas.pdf,11_A Tunnelling Experience in Difficult Ground Conditions in the Himalayas,.pdf,C:\Users\bulsa\OneDrive\Desktop\tunnel\Tünel Dergisi\Sunumlar_2022\11_A Tunnelling Experience in Difficult Ground Conditions in the Himalayas.pdf,Tünel Dergisi/Sunumlar_2022/11_A Tunnelling Experience in Difficult Ground Conditions in the Himalayas.pdf,Tünel Dergisi/Sunumlar_2022,1801701,1.718236,2026-08-12T19:10:16+03:00,2024-09-25T13:49:57+03:00,6a3e8bf61cc46e81e500a8315b25864943df7ce31ca83e59c5d00d36558481f1,application/pdf,True,True,
DOC000180,12_1_Fire Safety in Tunnels.pdf,12_1_Fire Safety in Tunnels,.pdf,C:\Users\bulsa\OneDrive\Desktop\tunnel\Tünel Dergisi\Sunumlar_2022\12_1_Fire Safety in Tunnels.pdf,Tünel Dergisi/Sunumlar_2022/12_1_Fire Safety in Tunnels.pdf,Tünel Dergisi/Sunumlar_2022,1098657,1.047761,2026-08-12T19:10:16+03:00,2024-09-25T13:50:04+03:00,b952814dcd0347a888e7957e78f138ff40cb0b3eed7f10c34a215c3b1a775925,application/pdf,True,True,
DOC000181,12_2_Fire Safety in Tunnels.pdf,12_2_Fire Safety in Tunnels,.pdf,C:\Users\bulsa\OneDrive\Desktop\tunnel\Tünel Dergisi\Sunumlar_2022\12_2_Fire Safety in Tunnels.pdf,Tünel Dergisi/Sunumlar_2022/12_2_Fire Safety in Tunnels.pdf,Tünel Dergisi/Sunumlar_2022,1389194,1.324839,2026-08-12T19:10:16+03:00,2024-09-25T13:50:09+03:00,85283ef6c13967fdbf3453026f913b303b7a06a905bc8fd86cd93eb93685975b,application/pdf,True,True,
DOC000182,1_Professor Arnold Dix_People and Planet – how to get finance for new projects that mitigate the perils of Climate Change now.pdf,1_Professor Arnold Dix_People and Planet – how to get finance for new projects that mitigate the perils of Climate Change now,.pdf,C:\Users\bulsa\OneDrive\Desktop\tunnel\Tünel Dergisi\Sunumlar_2022\1_Professor Arnold Dix_People and Planet – how to get finance for new projects that mitigate the perils of Climate Change now.pdf,Tünel Dergisi/Sunumlar_2022/1_Professor Arnold Dix_People and Planet – how to get finance for new projects that mitigate the perils of Climate Change now.pdf,Tünel Dergisi/Sunumlar_2022,4247551,4.05078,2026-08-12T19:10:16+03:00,2024-09-25T13:48:21+03:00,246054e0940d9efbe0562a68fc621120e8cf7a22fd1028f0a588f3fb998a6395,application/pdf,True,True,
DOC000183,2_Present and Future of Tunnel Constructions in Transportation Infrastructure.pdf,2_Present and Future of Tunnel Constructions in Transportation Infrastructure,.pdf,C:\Users\bulsa\OneDrive\Desktop\tunnel\Tünel Dergisi\Sunumlar_2022\2_Present and Future of Tunnel Constructions in Transportation Infrastructure.pdf,Tünel Dergisi/Sunumlar_2022/2_Present and Future of Tunnel Constructions in Transportation Infrastructure.pdf,Tünel Dergisi/Sunumlar_2022,10408011,9.925853,2026-08-12T19:10:16+03:00,2024-09-25T13:48:29+03:00,04c57c21fdf18e5176f04fa367b8aa609d394673f6051f3afffa206e12c8080f,application/pdf,True,True,
DOC000184,3_HIZRAY Project and Planned Future of Istanbul Metro Works.pdf,3_HIZRAY Project and Planned Future of Istanbul Metro Works,.pdf,C:\Users\bulsa\OneDrive\Desktop\tunnel\Tünel Dergisi\Sunumlar_2022\3_HIZRAY Project and Planned Future of Istanbul Metro Works.pdf,Tünel Dergisi/Sunumlar_2022/3_HIZRAY Project and Planned Future of Istanbul Metro Works.pdf,Tünel Dergisi/Sunumlar_2022,2957042,2.820055,2026-08-12T19:10:17+03:00,2024-09-25T13:48:39+03:00,96783c6ed7f86ae20ca934964dbc5a84caa25b83f59f6a648481f87d6aa90eaf,application/pdf,True,True,
DOC000185,"4_International Projects of Yapi Merkezi, Administrative Difficulties Encountered.pdf","4_International Projects of Yapi Merkezi, Administrative Difficulties Encountered",.pdf,"C:\Users\bulsa\OneDrive\Desktop\tunnel\Tünel Dergisi\Sunumlar_2022\4_International Projects of Yapi Merkezi, Administrative Difficulties Encountered.pdf","Tünel Dergisi/Sunumlar_2022/4_International Projects of Yapi Merkezi, Administrative Difficulties Encountered.pdf",Tünel Dergisi/Sunumlar_2022,5782364,5.514492,2026-08-12T19:10:17+03:00,2024-09-25T13:49:04+03:00,1457e07af2b0f6b8533b9bc852928166f611084644bf7257b1b3e83f7f16d4a1,application/pdf,True,True,
DOC000186,"5_Past, Present and Future of Izmir Metro Works.pdf","5_Past, Present and Future of Izmir Metro Works",.pdf,"C:\Users\bulsa\OneDrive\Desktop\tunnel\Tünel Dergisi\Sunumlar_2022\5_Past, Present and Future of Izmir Metro Works.pdf","Tünel Dergisi/Sunumlar_2022/5_Past, Present and Future of Izmir Metro Works.pdf",Tünel Dergisi/Sunumlar_2022,6302108,6.010159,2026-08-12T19:10:17+03:00,2024-09-25T13:49:12+03:00,7bea6c201c2cd943fbd77ed85a922766ac64943657c2f822f46256943a8abda8,application/pdf,True,True,
DOC000187,"6_Past, Present and Future of DSI Tunnels.pdf","6_Past, Present and Future of DSI Tunnels",.pdf,"C:\Users\bulsa\OneDrive\Desktop\tunnel\Tünel Dergisi\Sunumlar_2022\6_Past, Present and Future of DSI Tunnels.pdf","Tünel Dergisi/Sunumlar_2022/6_Past, Present and Future of DSI Tunnels.pdf",Tünel Dergisi/Sunumlar_2022,6937320,6.615944,2026-08-12T19:10:18+03:00,2024-09-25T13:49:21+03:00,f28df7cb6007defe882889017a983d7c06c169a31170e5b112017af625ae30b6,application/pdf,True,True,
DOC000188,7_Tunnel Projects in Indonesia and the Far East Opportunities for Turkish Contractors.pdf,7_Tunnel Projects in Indonesia and the Far East Opportunities for Turkish Contractors,.pdf,C:\Users\bulsa\OneDrive\Desktop\tunnel\Tünel Dergisi\Sunumlar_2022\7_Tunnel Projects in Indonesia and the Far East Opportunities for Turkish Contractors.pdf,Tünel Dergisi/Sunumlar_2022/7_Tunnel Projects in Indonesia and the Far East Opportunities for Turkish Contractors.pdf,Tünel Dergisi/Sunumlar_2022,1461142,1.393454,2026-08-12T19:10:18+03:00,2024-09-25T13:49:28+03:00,aebfb2790f94d4239847b45390573d6de454b397cc9405ddd5e8af1f952d3c8d,application/pdf,True,True,
DOC000189,8_Halkali - Istanbul Airport Metro Construction Works.pdf,8_Halkali - Istanbul Airport Metro Construction Works,.pdf,C:\Users\bulsa\OneDrive\Desktop\tunnel\Tünel Dergisi\Sunumlar_2022\8_Halkali - Istanbul Airport Metro Construction Works.pdf,Tünel Dergisi/Sunumlar_2022/8_Halkali - Istanbul Airport Metro Construction Works.pdf,Tünel Dergisi/Sunumlar_2022,3552062,3.38751,2026-08-12T19:10:18+03:00,2024-09-25T13:49:35+03:00,f036fbe6cc100faef49c498054f0700eb618c52fca4e5f4a0806dde7c9610c01,application/pdf,True,True,
DOC000190,9_Final Lining Design Approach for Reduction Tunnels.pdf,9_Final Lining Design Approach for Reduction Tunnels,.pdf,C:\Users\bulsa\OneDrive\Desktop\tunnel\Tünel Dergisi\Sunumlar_2022\9_Final Lining Design Approach for Reduction Tunnels.pdf,Tünel Dergisi/Sunumlar_2022/9_Final Lining Design Approach for Reduction Tunnels.pdf,Tünel Dergisi/Sunumlar_2022,1321580,1.260357,2026-08-12T19:10:18+03:00,2024-09-25T13:49:42+03:00,6ba9584fcdfdca8c91f6ed1462db0fadbd2f4c81e4f1f4542b0a1a95494be7f5,application/pdf,True,True,
DOC000191,Dünyadaki Son Gelişmeler Çerçevesinde Yüksek Hızlı Demiryolu Tünel Tasarımı.pdf,Dünyadaki Son Gelişmeler Çerçevesinde Yüksek Hızlı Demiryolu Tünel Tasarımı,.pdf,C:\Users\bulsa\OneDrive\Desktop\tunnel\Tünel Dergisi\Sunumlar_2022\Dünyadaki Son Gelişmeler Çerçevesinde Yüksek Hızlı Demiryolu Tünel Tasarımı.pdf,Tünel Dergisi/Sunumlar_2022/Dünyadaki Son Gelişmeler Çerçevesinde Yüksek Hızlı Demiryolu Tünel Tasarımı.pdf,Tünel Dergisi/Sunumlar_2022,1291989,1.232137,2026-08-12T19:10:18+03:00,2024-09-26T08:22:23+03:00,8290ac15a538bb0f22bd6901290c4685b98061d70ec6dc21f8d978decec27e7e,application/pdf,True,True,
DOC000192,Türkiye’deki Karayolu Tünellerinde Trafik.pdf,Türkiye’deki Karayolu Tünellerinde Trafik,.pdf,C:\Users\bulsa\OneDrive\Desktop\tunnel\Tünel Dergisi\Sunumlar_2022\Türkiye’deki Karayolu Tünellerinde Trafik.pdf,Tünel Dergisi/Sunumlar_2022/Türkiye’deki Karayolu Tünellerinde Trafik.pdf,Tünel Dergisi/Sunumlar_2022,1294352,1.23439,2026-08-12T19:10:18+03:00,2024-09-26T08:15:25+03:00,d6cabd5890cae7ee2a05c65b23d0264a1f69a65b12ed45d323ef654c7b93ac1a,application/pdf,True,True,
DOC000193,Tunel Dergi Sayi 40.pdf,Tunel Dergi Sayi 40,.pdf,C:\Users\bulsa\OneDrive\Desktop\tunnel\Tünel Dergisi\Tunel Dergi Sayi 40.pdf,Tünel Dergisi/Tunel Dergi Sayi 40.pdf,Tünel Dergisi,22733094,21.679968,2026-08-12T19:09:59+03:00,2024-09-25T13:33:09+03:00,16e105dfc7ea0a648e4f624b4aa37b3f3605161b92c956c1a1e9edf4603453ab,application/pdf,True,True,
DOC000194,Tunel Dergisi 1.pdf,Tunel Dergisi 1,.pdf,C:\Users\bulsa\OneDrive\Desktop\tunnel\Tünel Dergisi\Tunel Dergisi 1.pdf,Tünel Dergisi/Tunel Dergisi 1.pdf,Tünel Dergisi,6105759,5.822906,2026-08-12T19:10:01+03:00,2024-09-25T13:37:11+03:00,bdacc1e58433a01fcf0eaa66568b3e4d77c24fd56c97f042b459b2c8c3f0baa2,application/pdf,True,True,
DOC000195,Tunel Dergisi 2.pdf,Tunel Dergisi 2,.pdf,C:\Users\bulsa\OneDrive\Desktop\tunnel\Tünel Dergisi\Tunel Dergisi 2.pdf,Tünel Dergisi/Tunel Dergisi 2.pdf,Tünel Dergisi,6937993,6.616586,2026-08-12T19:10:01+03:00,2024-09-25T13:37:19+03:00,372509651cd66ef259aea51a09cef059d51042791e283bf28bed81e55b6af5a3,application/pdf,True,True,
DOC000196,Tunel Dergisi 3.pdf,Tunel Dergisi 3,.pdf,C:\Users\bulsa\OneDrive\Desktop\tunnel\Tünel Dergisi\Tunel Dergisi 3.pdf,Tünel Dergisi/Tunel Dergisi 3.pdf,Tünel Dergisi,13939522,13.293764,2026-08-12T19:10:01+03:00,2024-09-25T13:37:31+03:00,c4b2a15c8a756f897c1dff75fed956899f83c55221516e1cad2a975c832e7199,application/pdf,True,True,
DOC000197,Tunel Dergisi 4.pdf,Tunel Dergisi 4,.pdf,C:\Users\bulsa\OneDrive\Desktop\tunnel\Tünel Dergisi\Tunel Dergisi 4.pdf,Tünel Dergisi/Tunel Dergisi 4.pdf,Tünel Dergisi,8183504,7.804398,2026-08-12T19:10:02+03:00,2024-09-25T13:37:50+03:00,d0c476b291652a8936b5b0a1317b3ba882ff53d7e5296331599cc0811c69ab58,application/pdf,True,True,
DOC000198,Tunel Dergisi 5.pdf,Tunel Dergisi 5,.pdf,C:\Users\bulsa\OneDrive\Desktop\tunnel\Tünel Dergisi\Tunel Dergisi 5.pdf,Tünel Dergisi/Tunel Dergisi 5.pdf,Tünel Dergisi,13776877,13.138654,2026-08-12T19:10:02+03:00,2024-09-25T13:38:01+03:00,49577e05781c8bbe2d7242bfcedabbad89cb896285c29273b3b1fc8e4f499ddd,application/pdf,True,True,
DOC000199,Tunel Dergisi 6.pdf,Tunel Dergisi 6,.pdf,C:\Users\bulsa\OneDrive\Desktop\tunnel\Tünel Dergisi\Tunel Dergisi 6.pdf,Tünel Dergisi/Tunel Dergisi 6.pdf,Tünel Dergisi,9669474,9.221529,2026-08-12T19:10:03+03:00,2024-09-25T13:38:10+03:00,686f2fed7a37fea40455e5a48dc24f8cfc7c735708afde494ac1e7eb9e464e89,application/pdf,True,True,
DOC000200,tunel37.pdf,tunel37,.pdf,C:\Users\bulsa\OneDrive\Desktop\tunnel\Tünel Dergisi\tunel37.pdf,Tünel Dergisi/tunel37.pdf,Tünel Dergisi,20321848,19.380424,2026-08-12T19:10:03+03:00,2024-09-25T13:35:52+03:00,670dfbfd16421be5cb705fad078e0d9de989b6d4e178f8ce2f37ef25e895d1ed,application/pdf,True,True,
DOC000201,Tünel 42-E-dergi_2.pdf,Tünel 42-E-dergi_2,.pdf,C:\Users\bulsa\OneDrive\Desktop\tunnel\Tünel Dergisi\Tünel 42-E-dergi_2.pdf,Tünel Dergisi/Tünel 42-E-dergi_2.pdf,Tünel Dergisi,19541639,18.636359,2026-08-12T19:10:04+03:00,2024-09-25T13:32:29+03:00,695835658c70e223f85a912fd7cdc82f2310c56e743b9645f61d81a8759a2b0a,application/pdf,True,True,
DOC000202,Tünel 44_red.pdf,Tünel 44_red,.pdf,C:\Users\bulsa\OneDrive\Desktop\tunnel\Tünel Dergisi\Tünel 44_red.pdf,Tünel Dergisi/Tünel 44_red.pdf,Tünel Dergisi,39485093,37.655919,2026-08-12T19:10:05+03:00,2024-09-25T13:31:36+03:00,1c6f0b26834d8cafc1cb226828293b6152b78b80b058b0e05427f922468f2238,application/pdf,True,True,
DOC000203,Tünel 51_red (1).pdf,Tünel 51_red (1),.pdf,C:\Users\bulsa\OneDrive\Desktop\tunnel\Tünel Dergisi\Tünel 51_red (1).pdf,Tünel Dergisi/Tünel 51_red (1).pdf,Tünel Dergisi,30659536,29.239212,2026-08-12T19:10:07+03:00,2024-09-25T13:27:09+03:00,3fa9eb8ff87a4f69938d3d0c5149a474e666b0b33caf48e4fd3882f20bf074be,application/pdf,True,True,
DOC000204,TÜNEL SAYI-33.pdf,TÜNEL SAYI-33,.pdf,C:\Users\bulsa\OneDrive\Desktop\tunnel\Tünel Dergisi\TÜNEL SAYI-33.pdf,Tünel Dergisi/TÜNEL SAYI-33.pdf,Tünel Dergisi,32191646,30.700346,2026-08-12T19:10:09+03:00,2024-09-25T13:36:28+03:00,8ad9882f0d7ecc06121ef4bfd65613bc16a3e7dc7a5f456bf18708a5d2e134ed,application/pdf,True,True,
DOC000205,TÜNEL-41.pdf,TÜNEL-41,.pdf,C:\Users\bulsa\OneDrive\Desktop\tunnel\Tünel Dergisi\TÜNEL-41.pdf,Tünel Dergisi/TÜNEL-41.pdf,Tünel Dergisi,44727437,42.655408,2026-08-12T19:10:10+03:00,2024-09-25T13:32:47+03:00,dddbe58466c36ba63b780a5d8a9540679825e90c8013bdad725c23f57f85d7dc,application/pdf,True,True,
DOC000206,Tünel-47-e-dergisi_r.pdf,Tünel-47-e-dergisi_r,.pdf,C:\Users\bulsa\OneDrive\Desktop\tunnel\Tünel Dergisi\Tünel-47-e-dergisi_r.pdf,Tünel Dergisi/Tünel-47-e-dergisi_r.pdf,Tünel Dergisi,14985395,14.291186,2026-08-12T19:10:12+03:00,2024-09-25T13:30:54+03:00,fa208eb77bc6932673d16b6fc711a2e01413f0fd1b0e9ea635161e688e55c761,application/pdf,True,True,
DOC000207,Tünel-e-dergi-43_red.pdf,Tünel-e-dergi-43_red,.pdf,C:\Users\bulsa\OneDrive\Desktop\tunnel\Tünel Dergisi\Tünel-e-dergi-43_red.pdf,Tünel Dergisi/Tünel-e-dergi-43_red.pdf,Tünel Dergisi,18100371,17.261859,2026-08-12T19:10:13+03:00,2024-09-25T13:32:03+03:00,c7d688e33e7dbd6fd3c0b1b91c11b011d90cd868b05c51353bafc3bf1b3aab65,application/pdf,True,True,
DOC000208,TÜNEL_SAYI-38.pdf,TÜNEL_SAYI-38,.pdf,C:\Users\bulsa\OneDrive\Desktop\tunnel\Tünel Dergisi\TÜNEL_SAYI-38.pdf,Tünel Dergisi/TÜNEL_SAYI-38.pdf,Tünel Dergisi,38341912,36.565697,2026-08-12T19:10:14+03:00,2024-09-25T13:35:32+03:00,bb2609f7183736147ea9f39930dc3e8af22afcf722a05f9866db5d404d7c163c,application/pdf,True,True,
DOC000209,Dünyada Tünel Felaketleri.docx,Dünyada Tünel Felaketleri,.docx,"C:\Users\bulsa\OneDrive\Desktop\tunnel\Tünel Kazaları, Çökmeler ve Felaketler\Dünyada Tünel Felaketleri.docx","Tünel Kazaları, Çökmeler ve Felaketler/Dünyada Tünel Felaketleri.docx","Tünel Kazaları, Çökmeler ve Felaketler",2581142,2.461569,2026-08-12T19:10:18+03:00,2024-11-05T16:24:29+03:00,991e7004905db22e011a30b0cdc12396b3baf31c89d416acbe097a289793529c,application/vnd.openxmlformats-officedocument.wordprocessingml.document,True,True,
DOC000210,HAWKS NEST TUNNEL DISASTER.pdf,HAWKS NEST TUNNEL DISASTER,.pdf,"C:\Users\bulsa\OneDrive\Desktop\tunnel\Tünel Kazaları, Çökmeler ve Felaketler\HAWKS NEST TUNNEL DISASTER.pdf","Tünel Kazaları, Çökmeler ve Felaketler/HAWKS NEST TUNNEL DISASTER.pdf","Tünel Kazaları, Çökmeler ve Felaketler",433671,0.413581,2026-08-12T19:10:19+03:00,2024-11-05T16:23:45+03:00,2dcb6b5789d6b4ec49f44392305bcaa0cb4fc8d2fb23006c3b3af95e978d83d3,application/pdf,True,True,
DOC000211,Tünel Kaynaklı Kazalar_Çökmeler.docx,Tünel Kaynaklı Kazalar_Çökmeler,.docx,"C:\Users\bulsa\OneDrive\Desktop\tunnel\Tünel Kazaları, Çökmeler ve Felaketler\Tünel Kaynaklı Kazalar_Çökmeler.docx","Tünel Kazaları, Çökmeler ve Felaketler/Tünel Kaynaklı Kazalar_Çökmeler.docx","Tünel Kazaları, Çökmeler ve Felaketler",7872328,7.507637,2026-08-12T19:10:19+03:00,2024-11-05T14:56:19+03:00,70692d73bb93cfb1d00ac0c29be2920e40cb7d86d9a82d40c5937851050e1c23,application/vnd.openxmlformats-officedocument.wordprocessingml.document,True,True,
DOC000212,Tünel Kazaları.docx,Tünel Kazaları,.docx,"C:\Users\bulsa\OneDrive\Desktop\tunnel\Tünel Kazaları, Çökmeler ve Felaketler\Tünel Kazaları.docx","Tünel Kazaları, Çökmeler ve Felaketler/Tünel Kazaları.docx","Tünel Kazaları, Çökmeler ve Felaketler",4975990,4.745474,2026-08-12T19:10:19+03:00,2024-11-05T16:32:52+03:00,ad6f9855d77869ce08fa1e1a7a566019b7ea456ae7644bbc5599d77c73ddc084,application/vnd.openxmlformats-officedocument.wordprocessingml.document,True,True,
DOC000213,1-NATM-2020.pptx,1-NATM-2020,.pptx,C:\Users\bulsa\OneDrive\Desktop\tunnel\TÜNEL MÜH.GELİŞTİRME KURSU - (24-28.02.2020)\1-NATM-2020.pptx,TÜNEL MÜH.GELİŞTİRME KURSU - (24-28.02.2020)/1-NATM-2020.pptx,TÜNEL MÜH.GELİŞTİRME KURSU - (24-28.02.2020),14376515,13.710513,2026-08-12T19:10:19+03:00,2020-02-24T19:51:16+03:00,33e54b02175c174a99a7739012e0a70101e516836394186566041b705643cce9,application/vnd.openxmlformats-officedocument.presentationml.presentation,True,True,
DOC000214,2-TÜNEL DESTEKLEMESİ-PÜSKÜRTME BETON.pptx,2-TÜNEL DESTEKLEMESİ-PÜSKÜRTME BETON,.pptx,C:\Users\bulsa\OneDrive\Desktop\tunnel\TÜNEL MÜH.GELİŞTİRME KURSU - (24-28.02.2020)\2-TÜNEL DESTEKLEMESİ-PÜSKÜRTME BETON.pptx,TÜNEL MÜH.GELİŞTİRME KURSU - (24-28.02.2020)/2-TÜNEL DESTEKLEMESİ-PÜSKÜRTME BETON.pptx,TÜNEL MÜH.GELİŞTİRME KURSU - (24-28.02.2020),22294512,21.261703,2026-08-12T19:10:20+03:00,2020-02-24T19:56:15+03:00,65d8bf62a92c8cf78307cc7dd3ff4ca78b5df5a459b29c247eaae665fc7f6b2c,application/vnd.openxmlformats-officedocument.presentationml.presentation,True,True,
DOC000215,3-TÜNEL DESTEKLEMESİ-ÇELİK HASIR VE ÇELİK İKSA.pptx,3-TÜNEL DESTEKLEMESİ-ÇELİK HASIR VE ÇELİK İKSA,.pptx,C:\Users\bulsa\OneDrive\Desktop\tunnel\TÜNEL MÜH.GELİŞTİRME KURSU - (24-28.02.2020)\3-TÜNEL DESTEKLEMESİ-ÇELİK HASIR VE ÇELİK İKSA.pptx,TÜNEL MÜH.GELİŞTİRME KURSU - (24-28.02.2020)/3-TÜNEL DESTEKLEMESİ-ÇELİK HASIR VE ÇELİK İKSA.pptx,TÜNEL MÜH.GELİŞTİRME KURSU - (24-28.02.2020),22500093,21.457761,2026-08-12T19:10:21+03:00,2020-02-24T19:56:43+03:00,b0a8ec72de9c063ee06938663c5e6fe3ab91d6c244cae9ccd36884ef26dac934,application/vnd.openxmlformats-officedocument.presentationml.presentation,True,True,
DOC000216,4-TÜNEL DESTEKLEMESİ-KAYA BULONU.pptx,4-TÜNEL DESTEKLEMESİ-KAYA BULONU,.pptx,C:\Users\bulsa\OneDrive\Desktop\tunnel\TÜNEL MÜH.GELİŞTİRME KURSU - (24-28.02.2020)\4-TÜNEL DESTEKLEMESİ-KAYA BULONU.pptx,TÜNEL MÜH.GELİŞTİRME KURSU - (24-28.02.2020)/4-TÜNEL DESTEKLEMESİ-KAYA BULONU.pptx,TÜNEL MÜH.GELİŞTİRME KURSU - (24-28.02.2020),27653258,26.372202,2026-08-12T19:10:22+03:00,2020-02-24T19:57:34+03:00,fc1de548bd94a314e5e3d8f502ab8d084b52c6f8b800d602c6899ee5959b6fa7,application/vnd.openxmlformats-officedocument.presentationml.presentation,True,True,
DOC000217,5-TÜNEL DESTEKLEMESİ-SÜREN.pptx,5-TÜNEL DESTEKLEMESİ-SÜREN,.pptx,C:\Users\bulsa\OneDrive\Desktop\tunnel\TÜNEL MÜH.GELİŞTİRME KURSU - (24-28.02.2020)\5-TÜNEL DESTEKLEMESİ-SÜREN.pptx,TÜNEL MÜH.GELİŞTİRME KURSU - (24-28.02.2020)/5-TÜNEL DESTEKLEMESİ-SÜREN.pptx,TÜNEL MÜH.GELİŞTİRME KURSU - (24-28.02.2020),22285447,21.253058,2026-08-12T19:10:24+03:00,2020-02-24T19:58:10+03:00,37f19ab3430f5595b86872e383a7a37f0007fd19349bd8c16c93bdedc84aed0c,application/vnd.openxmlformats-officedocument.presentationml.presentation,True,True,
DOC000218,"6-YALITIM, DRENAJ ve NİHAİ KAPLAMA BETONU.pptx","6-YALITIM, DRENAJ ve NİHAİ KAPLAMA BETONU",.pptx,"C:\Users\bulsa\OneDrive\Desktop\tunnel\TÜNEL MÜH.GELİŞTİRME KURSU - (24-28.02.2020)\6-YALITIM, DRENAJ ve NİHAİ KAPLAMA BETONU.pptx","TÜNEL MÜH.GELİŞTİRME KURSU - (24-28.02.2020)/6-YALITIM, DRENAJ ve NİHAİ KAPLAMA BETONU.pptx",TÜNEL MÜH.GELİŞTİRME KURSU - (24-28.02.2020),11673559,11.132773,2026-08-12T19:10:25+03:00,2020-02-26T08:39:41+03:00,d48a443a135b1161e00ebc181a5012c8151360ffca3c9a84b4bc0462c11b3607,application/vnd.openxmlformats-officedocument.presentationml.presentation,True,True,
DOC000219,7-TÜNEL TARİF-ANALİZ-YBF.pptx,7-TÜNEL TARİF-ANALİZ-YBF,.pptx,C:\Users\bulsa\OneDrive\Desktop\tunnel\TÜNEL MÜH.GELİŞTİRME KURSU - (24-28.02.2020)\7-TÜNEL TARİF-ANALİZ-YBF.pptx,TÜNEL MÜH.GELİŞTİRME KURSU - (24-28.02.2020)/7-TÜNEL TARİF-ANALİZ-YBF.pptx,TÜNEL MÜH.GELİŞTİRME KURSU - (24-28.02.2020),896489,0.854959,2026-08-12T19:10:26+03:00,2024-01-11T09:46:14+03:00,804ea857fe56576c1ad579e45eb7c83e8ccc3da69f2e8db6580ed11beab05bcb,application/vnd.openxmlformats-officedocument.presentationml.presentation,True,True,
DOC000220,8-TÜNELLERDE SU VE GAZ SORUNLARI.pptx,8-TÜNELLERDE SU VE GAZ SORUNLARI,.pptx,C:\Users\bulsa\OneDrive\Desktop\tunnel\TÜNEL MÜH.GELİŞTİRME KURSU - (24-28.02.2020)\8-TÜNELLERDE SU VE GAZ SORUNLARI.pptx,TÜNEL MÜH.GELİŞTİRME KURSU - (24-28.02.2020)/8-TÜNELLERDE SU VE GAZ SORUNLARI.pptx,TÜNEL MÜH.GELİŞTİRME KURSU - (24-28.02.2020),413239,0.394095,2026-08-12T19:10:26+03:00,2019-02-22T08:45:05+03:00,9edbc28eb7644c0de5ff8de34566400e3f024aeefe2988953e2095e052f8891e,application/vnd.openxmlformats-officedocument.presentationml.presentation,True,True,
DOC000221,9-Tünel Destek Sistemleri (Örnekler).pptx,9-Tünel Destek Sistemleri (Örnekler),.pptx,C:\Users\bulsa\OneDrive\Desktop\tunnel\TÜNEL MÜH.GELİŞTİRME KURSU - (24-28.02.2020)\9-Tünel Destek Sistemleri (Örnekler).pptx,TÜNEL MÜH.GELİŞTİRME KURSU - (24-28.02.2020)/9-Tünel Destek Sistemleri (Örnekler).pptx,TÜNEL MÜH.GELİŞTİRME KURSU - (24-28.02.2020),8590741,8.192769,2026-08-12T19:10:26+03:00,2020-02-25T20:58:08+03:00,55e5b81f8bc0ce8894b14d921e2f1aeca7116edac71c0785b615bb9b7d38e18d,application/vnd.openxmlformats-officedocument.presentationml.presentation,True,True,
DOC000222,Ayna haritamaları ve değerlendirmeler son.pptx,Ayna haritamaları ve değerlendirmeler son,.pptx,C:\Users\bulsa\OneDrive\Desktop\tunnel\TÜNEL MÜH.GELİŞTİRME KURSU - (24-28.02.2020)\Ayna haritamaları ve değerlendirmeler son.pptx,TÜNEL MÜH.GELİŞTİRME KURSU - (24-28.02.2020)/Ayna haritamaları ve değerlendirmeler son.pptx,TÜNEL MÜH.GELİŞTİRME KURSU - (24-28.02.2020),67894796,64.749523,2026-08-12T19:10:27+03:00,2019-11-21T07:52:18+03:00,a1b66bcf747a3e184c1a15db3a6a9ed72a9f46f1dad49e0bacbdb6b5bf921bcc,application/vnd.openxmlformats-officedocument.presentationml.presentation,True,True,
DOC000223,2018 KGM TÜNEL İCMALİ.xlsx,2018 KGM TÜNEL İCMALİ,.xlsx,C:\Users\bulsa\OneDrive\Desktop\tunnel\TÜNEL MÜH.GELİŞTİRME KURSU - (24-28.02.2020)\DOKÜMANLAR\2018 KGM TÜNEL İCMALİ.xlsx,TÜNEL MÜH.GELİŞTİRME KURSU - (24-28.02.2020)/DOKÜMANLAR/2018 KGM TÜNEL İCMALİ.xlsx,TÜNEL MÜH.GELİŞTİRME KURSU - (24-28.02.2020)/DOKÜMANLAR,25949,0.024747,2026-08-12T19:10:48+03:00,2019-11-18T21:19:10+03:00,e5a3c44428f7d13e2a852cb5a2bfe38569bb3818d5143accbb20e01b18c03522,application/vnd.openxmlformats-officedocument.spreadsheetml.sheet,True,True,
DOC000224,2019 KGM TÜNEL İCMALİ.xlsx,2019 KGM TÜNEL İCMALİ,.xlsx,C:\Users\bulsa\OneDrive\Desktop\tunnel\TÜNEL MÜH.GELİŞTİRME KURSU - (24-28.02.2020)\DOKÜMANLAR\2019 KGM TÜNEL İCMALİ.xlsx,TÜNEL MÜH.GELİŞTİRME KURSU - (24-28.02.2020)/DOKÜMANLAR/2019 KGM TÜNEL İCMALİ.xlsx,TÜNEL MÜH.GELİŞTİRME KURSU - (24-28.02.2020)/DOKÜMANLAR,20419,0.019473,2026-08-12T19:10:48+03:00,2019-11-18T21:15:51+03:00,296bae6c6d0e76f8481888c77f14109fbf685f1773f8fb3665f5e7b4627f25f8,application/vnd.openxmlformats-officedocument.spreadsheetml.sheet,True,True,
DOC000225,8- Yapım Genel Partname.docx,8- Yapım Genel Partname,.docx,C:\Users\bulsa\OneDrive\Desktop\tunnel\TÜNEL MÜH.GELİŞTİRME KURSU - (24-28.02.2020)\DOKÜMANLAR\8- Yapım Genel Partname.docx,TÜNEL MÜH.GELİŞTİRME KURSU - (24-28.02.2020)/DOKÜMANLAR/8- Yapım Genel Partname.docx,TÜNEL MÜH.GELİŞTİRME KURSU - (24-28.02.2020)/DOKÜMANLAR,77160,0.073586,2026-08-12T19:10:48+03:00,2019-02-28T00:57:54+03:00,3dc5384d2c875ec15eea0a0e9fb20d0f2037b97c994d4fbd9b46bce6f7d88650,application/vnd.openxmlformats-officedocument.wordprocessingml.document,True,True,
DOC000226,B3 60 ÇELİK İKSA DETAYI-Model.pdf,B3 60 ÇELİK İKSA DETAYI-Model,.pdf,C:\Users\bulsa\OneDrive\Desktop\tunnel\TÜNEL MÜH.GELİŞTİRME KURSU - (24-28.02.2020)\DOKÜMANLAR\B3 60 ÇELİK İKSA DETAYI-Model.pdf,TÜNEL MÜH.GELİŞTİRME KURSU - (24-28.02.2020)/DOKÜMANLAR/B3 60 ÇELİK İKSA DETAYI-Model.pdf,TÜNEL MÜH.GELİŞTİRME KURSU - (24-28.02.2020)/DOKÜMANLAR,278010,0.265131,2026-08-12T19:10:48+03:00,2019-02-19T18:50:30+03:00,c27ed860ffef1bcf970a2017a3d981893e1a79976f7d1b84166f120853ea93f2,application/pdf,True,True,
DOC000227,Birim Fiyat Tarifleri (Genel Müdürlük)-TÜNEL.doc,Birim Fiyat Tarifleri (Genel Müdürlük)-TÜNEL,.doc,C:\Users\bulsa\OneDrive\Desktop\tunnel\TÜNEL MÜH.GELİŞTİRME KURSU - (24-28.02.2020)\DOKÜMANLAR\Birim Fiyat Tarifleri (Genel Müdürlük)-TÜNEL.doc,TÜNEL MÜH.GELİŞTİRME KURSU - (24-28.02.2020)/DOKÜMANLAR/Birim Fiyat Tarifleri (Genel Müdürlük)-TÜNEL.doc,TÜNEL MÜH.GELİŞTİRME KURSU - (24-28.02.2020)/DOKÜMANLAR,202240,0.192871,2026-08-12T19:10:48+03:00,2019-11-17T15:37:04+03:00,69feb7468b8213487fe27f766093fc651a89c34f5985bcdd46750906f0174c4a,application/msword,True,True,
DOC000228,Birim Fiyat Tarifleri (Genel Müdürlük)-TÜNEL.pdf,Birim Fiyat Tarifleri (Genel Müdürlük)-TÜNEL,.pdf,C:\Users\bulsa\OneDrive\Desktop\tunnel\TÜNEL MÜH.GELİŞTİRME KURSU - (24-28.02.2020)\DOKÜMANLAR\Birim Fiyat Tarifleri (Genel Müdürlük)-TÜNEL.pdf,TÜNEL MÜH.GELİŞTİRME KURSU - (24-28.02.2020)/DOKÜMANLAR/Birim Fiyat Tarifleri (Genel Müdürlük)-TÜNEL.pdf,TÜNEL MÜH.GELİŞTİRME KURSU - (24-28.02.2020)/DOKÜMANLAR,347413,0.331319,2026-08-12T19:10:48+03:00,2019-11-17T15:37:44+03:00,ecb7b50dece6c5a14085e9b119114208e205ba1efa8af54069ebc1a62247f5fc,application/pdf,True,True,
DOC000229,Hakediş ekine konulacak tablolar (7 sayfa).pdf,Hakediş ekine konulacak tablolar (7 sayfa),.pdf,C:\Users\bulsa\OneDrive\Desktop\tunnel\TÜNEL MÜH.GELİŞTİRME KURSU - (24-28.02.2020)\DOKÜMANLAR\ELVAN SALTAŞ PAMUK-Hakediş ekine konulacak tablolar\Hakediş ekine konulacak tablolar (7 sayfa).pdf,TÜNEL MÜH.GELİŞTİRME KURSU - (24-28.02.2020)/DOKÜMANLAR/ELVAN SALTAŞ PAMUK-Hakediş ekine konulacak tablolar/Hakediş ekine konulacak tablolar (7 sayfa).pdf,TÜNEL MÜH.GELİŞTİRME KURSU - (24-28.02.2020)/DOKÜMANLAR/ELVAN SALTAŞ PAMUK-Hakediş ekine konulacak tablolar,648513,0.61847,2026-08-12T19:10:55+03:00,2018-10-05T16:50:28+03:00,a731424541799bb6f3808812edfd831a3b9be696f35e3d3db061cae424f22ab5,application/pdf,True,True,
DOC000230,Hakediş ekine konulacak tablolar (Üstyazı).pdf,Hakediş ekine konulacak tablolar (Üstyazı),.pdf,C:\Users\bulsa\OneDrive\Desktop\tunnel\TÜNEL MÜH.GELİŞTİRME KURSU - (24-28.02.2020)\DOKÜMANLAR\ELVAN SALTAŞ PAMUK-Hakediş ekine konulacak tablolar\Hakediş ekine konulacak tablolar (Üstyazı).pdf,TÜNEL MÜH.GELİŞTİRME KURSU - (24-28.02.2020)/DOKÜMANLAR/ELVAN SALTAŞ PAMUK-Hakediş ekine konulacak tablolar/Hakediş ekine konulacak tablolar (Üstyazı).pdf,TÜNEL MÜH.GELİŞTİRME KURSU - (24-28.02.2020)/DOKÜMANLAR/ELVAN SALTAŞ PAMUK-Hakediş ekine konulacak tablolar,587496,0.56028,2026-08-12T19:10:55+03:00,2018-10-01T17:04:58+03:00,f7c359caf62ade03acb3655ab0e9ca8fe1abcd6d084d88c15f95811807e82978,application/pdf,True,True,
DOC000231,Hakediş ekine konulacak tablolar.pdf,Hakediş ekine konulacak tablolar,.pdf,C:\Users\bulsa\OneDrive\Desktop\tunnel\TÜNEL MÜH.GELİŞTİRME KURSU - (24-28.02.2020)\DOKÜMANLAR\ELVAN SALTAŞ PAMUK-Hakediş ekine konulacak tablolar\Hakediş ekine konulacak tablolar.pdf,TÜNEL MÜH.GELİŞTİRME KURSU - (24-28.02.2020)/DOKÜMANLAR/ELVAN SALTAŞ PAMUK-Hakediş ekine konulacak tablolar/Hakediş ekine konulacak tablolar.pdf,TÜNEL MÜH.GELİŞTİRME KURSU - (24-28.02.2020)/DOKÜMANLAR/ELVAN SALTAŞ PAMUK-Hakediş ekine konulacak tablolar,769042,0.733416,2026-08-12T19:10:55+03:00,2018-10-05T16:29:37+03:00,5b5dc7f427571dc9f85cc4d2b8a73ed74283db7766b292418f0fa75a1841bce2,application/pdf,True,True,
DOC000232,örnek icmaller.xls,örnek icmaller,.xls,C:\Users\bulsa\OneDrive\Desktop\tunnel\TÜNEL MÜH.GELİŞTİRME KURSU - (24-28.02.2020)\DOKÜMANLAR\ELVAN SALTAŞ PAMUK-Hakediş ekine konulacak tablolar\örnek icmaller.xls,TÜNEL MÜH.GELİŞTİRME KURSU - (24-28.02.2020)/DOKÜMANLAR/ELVAN SALTAŞ PAMUK-Hakediş ekine konulacak tablolar/örnek icmaller.xls,TÜNEL MÜH.GELİŞTİRME KURSU - (24-28.02.2020)/DOKÜMANLAR/ELVAN SALTAŞ PAMUK-Hakediş ekine konulacak tablolar,117760,0.112305,2026-08-12T19:10:55+03:00,2018-09-28T13:26:38+03:00,5910a6cebcaed0671c9c477a764ab722e4fc198cf11400b13b610adc6e7c0bfa,application/vnd.ms-excel,True,True,
DOC000233,İŞBAN DEMİRLERİ-248756_02_08_2017.pdf,İŞBAN DEMİRLERİ-248756_02_08_2017,.pdf,C:\Users\bulsa\OneDrive\Desktop\tunnel\TÜNEL MÜH.GELİŞTİRME KURSU - (24-28.02.2020)\DOKÜMANLAR\İŞBAN DEMİRLERİ-248756_02_08_2017.pdf,TÜNEL MÜH.GELİŞTİRME KURSU - (24-28.02.2020)/DOKÜMANLAR/İŞBAN DEMİRLERİ-248756_02_08_2017.pdf,TÜNEL MÜH.GELİŞTİRME KURSU - (24-28.02.2020)/DOKÜMANLAR,774971,0.73907,2026-08-12T19:10:55+03:00,2019-02-18T15:19:40+03:00,c2d487fbcb2318328cc1adc9a3d1a2622b8e0de068952b6138c0a45c13f73949,application/pdf,True,True,
DOC000234,KALİTE KONTROL PLANI -ÜSTYAZI.pdf,KALİTE KONTROL PLANI -ÜSTYAZI,.pdf,C:\Users\bulsa\OneDrive\Desktop\tunnel\TÜNEL MÜH.GELİŞTİRME KURSU - (24-28.02.2020)\DOKÜMANLAR\KALİTE KONTROL PLANI\KALİTE KONTROL PLANI -ÜSTYAZI.pdf,TÜNEL MÜH.GELİŞTİRME KURSU - (24-28.02.2020)/DOKÜMANLAR/KALİTE KONTROL PLANI/KALİTE KONTROL PLANI -ÜSTYAZI.pdf,TÜNEL MÜH.GELİŞTİRME KURSU - (24-28.02.2020)/DOKÜMANLAR/KALİTE KONTROL PLANI,601487,0.573623,2026-08-12T19:10:55+03:00,2019-02-18T17:02:16+03:00,7d30c2e7b1f487d23bb330ee5888565a7cb9146fed6108c2cc7858abecc3b4ed,application/pdf,True,True,
DOC000235,KALİTE KONTROL PLANI TABLO.pdf,KALİTE KONTROL PLANI TABLO,.pdf,C:\Users\bulsa\OneDrive\Desktop\tunnel\TÜNEL MÜH.GELİŞTİRME KURSU - (24-28.02.2020)\DOKÜMANLAR\KALİTE KONTROL PLANI\KALİTE KONTROL PLANI TABLO.pdf,TÜNEL MÜH.GELİŞTİRME KURSU - (24-28.02.2020)/DOKÜMANLAR/KALİTE KONTROL PLANI/KALİTE KONTROL PLANI TABLO.pdf,TÜNEL MÜH.GELİŞTİRME KURSU - (24-28.02.2020)/DOKÜMANLAR/KALİTE KONTROL PLANI,754028,0.719097,2026-08-12T19:10:55+03:00,2019-02-18T17:01:35+03:00,249d0d30e2d019269dcc65d04d667522070a32095beed39f097552a1c6447eab,application/pdf,True,True,
DOC000236,KTS_2013.pdf,KTS_2013,.pdf,C:\Users\bulsa\OneDrive\Desktop\tunnel\TÜNEL MÜH.GELİŞTİRME KURSU - (24-28.02.2020)\DOKÜMANLAR\KTS_2013.pdf,TÜNEL MÜH.GELİŞTİRME KURSU - (24-28.02.2020)/DOKÜMANLAR/KTS_2013.pdf,TÜNEL MÜH.GELİŞTİRME KURSU - (24-28.02.2020)/DOKÜMANLAR,108933824,103.88739,2026-08-12T19:10:48+03:00,2017-09-25T14:32:47+03:00,ebfb51c1916ee9728820b2995555f2e0724a477708308cefa62d0d1124314112,application/pdf,True,True,
DOC000237,Makine İle Tünel İçi Kablo Kanalı Yapılması-Analiz.pdf,Makine İle Tünel İçi Kablo Kanalı Yapılması-Analiz,.pdf,C:\Users\bulsa\OneDrive\Desktop\tunnel\TÜNEL MÜH.GELİŞTİRME KURSU - (24-28.02.2020)\DOKÜMANLAR\Makine İle Tünel İçi Kablo Kanalı Yapılması-Analiz.pdf,TÜNEL MÜH.GELİŞTİRME KURSU - (24-28.02.2020)/DOKÜMANLAR/Makine İle Tünel İçi Kablo Kanalı Yapılması-Analiz.pdf,TÜNEL MÜH.GELİŞTİRME KURSU - (24-28.02.2020)/DOKÜMANLAR,291470,0.277967,2026-08-12T19:10:54+03:00,2019-02-11T12:10:09+03:00,64410adf1e8a8df309bddbebf80bc94fee9587a5458e4cad6620ad10749d4662,application/pdf,True,True,
DOC000238,Q_tipi_celik_hasir.pdf,Q_tipi_celik_hasir,.pdf,C:\Users\bulsa\OneDrive\Desktop\tunnel\TÜNEL MÜH.GELİŞTİRME KURSU - (24-28.02.2020)\DOKÜMANLAR\Q_tipi_celik_hasir.pdf,TÜNEL MÜH.GELİŞTİRME KURSU - (24-28.02.2020)/DOKÜMANLAR/Q_tipi_celik_hasir.pdf,TÜNEL MÜH.GELİŞTİRME KURSU - (24-28.02.2020)/DOKÜMANLAR,427360,0.407562,2026-08-12T19:10:54+03:00,2019-02-18T16:43:39+03:00,b4f94b799877cc9a1caf16f554f3857d13f28a040b1c743fc79d1fec47924b22,application/pdf,True,True,
DOC000239,ROCKBİT-3.5''9m-ANALİZ.pdf,ROCKBİT-3.5''9m-ANALİZ,.pdf,C:\Users\bulsa\OneDrive\Desktop\tunnel\TÜNEL MÜH.GELİŞTİRME KURSU - (24-28.02.2020)\DOKÜMANLAR\ROCKBİT-3.5''9m-ANALİZ.pdf,TÜNEL MÜH.GELİŞTİRME KURSU - (24-28.02.2020)/DOKÜMANLAR/ROCKBİT-3.5''9m-ANALİZ.pdf,TÜNEL MÜH.GELİŞTİRME KURSU - (24-28.02.2020)/DOKÜMANLAR,46111,0.043975,2026-08-12T19:10:54+03:00,2017-10-30T14:28:38+03:00,07c7ec20474708b9db495ec7cb6ac067587cf421cfc6347555cdefd4ced57044,application/pdf,True,True,
DOC000240,STANDART ÇELİK HASIRLAR-TS 4559-İMO.pdf,STANDART ÇELİK HASIRLAR-TS 4559-İMO,.pdf,C:\Users\bulsa\OneDrive\Desktop\tunnel\TÜNEL MÜH.GELİŞTİRME KURSU - (24-28.02.2020)\DOKÜMANLAR\STANDART ÇELİK HASIRLAR-TS 4559-İMO.pdf,TÜNEL MÜH.GELİŞTİRME KURSU - (24-28.02.2020)/DOKÜMANLAR/STANDART ÇELİK HASIRLAR-TS 4559-İMO.pdf,TÜNEL MÜH.GELİŞTİRME KURSU - (24-28.02.2020)/DOKÜMANLAR,53070,0.050611,2026-08-12T19:10:54+03:00,2018-11-09T15:06:42+03:00,655b4197029d50bba83394e9704a2a9c6c254bb69eebf313266a8587804fa3ab,application/pdf,True,True,
DOC000241,Taban kemerli tip kesit.pdf,Taban kemerli tip kesit,.pdf,C:\Users\bulsa\OneDrive\Desktop\tunnel\TÜNEL MÜH.GELİŞTİRME KURSU - (24-28.02.2020)\DOKÜMANLAR\Taban kemerli tip kesit.pdf,TÜNEL MÜH.GELİŞTİRME KURSU - (24-28.02.2020)/DOKÜMANLAR/Taban kemerli tip kesit.pdf,TÜNEL MÜH.GELİŞTİRME KURSU - (24-28.02.2020)/DOKÜMANLAR,256811,0.244914,2026-08-12T19:10:54+03:00,2019-11-16T18:48:19+03:00,0739a505bb03a31d9a928a532246cec81bdbdc60aff7f67d1e44fd3cc5d1da76,application/pdf,True,True,
DOC000242,Taban kemersiz tip kesit.pdf,Taban kemersiz tip kesit,.pdf,C:\Users\bulsa\OneDrive\Desktop\tunnel\TÜNEL MÜH.GELİŞTİRME KURSU - (24-28.02.2020)\DOKÜMANLAR\Taban kemersiz tip kesit.pdf,TÜNEL MÜH.GELİŞTİRME KURSU - (24-28.02.2020)/DOKÜMANLAR/Taban kemersiz tip kesit.pdf,TÜNEL MÜH.GELİŞTİRME KURSU - (24-28.02.2020)/DOKÜMANLAR,223930,0.213556,2026-08-12T19:10:54+03:00,2019-11-16T18:56:09+03:00,a369ef85c983f426012c2b61cddd67c99178d863bfa6eb3d6ea6889170ef8c12,application/pdf,True,True,
DOC000243,Bölgenin Yazısı.pdf,Bölgenin Yazısı,.pdf,C:\Users\bulsa\OneDrive\Desktop\tunnel\TÜNEL MÜH.GELİŞTİRME KURSU - (24-28.02.2020)\DOKÜMANLAR\TAKİP FORMU\22.10.2018\Bölgenin Yazısı.pdf,TÜNEL MÜH.GELİŞTİRME KURSU - (24-28.02.2020)/DOKÜMANLAR/TAKİP FORMU/22.10.2018/Bölgenin Yazısı.pdf,TÜNEL MÜH.GELİŞTİRME KURSU - (24-28.02.2020)/DOKÜMANLAR/TAKİP FORMU/22.10.2018,588149,0.560903,2026-08-12T19:10:56+03:00,1980-01-01T00:00:00+03:00,987e528093726754eeea3686e12e7302340a5a5287ee7c43b0d5fd732114ce07,application/pdf,True,True,
DOC000244,ErdemliSilifkeTasucu Yolu Tunel Takip Formlari .pdf,ErdemliSilifkeTasucu Yolu Tunel Takip Formlari ,.pdf,C:\Users\bulsa\OneDrive\Desktop\tunnel\TÜNEL MÜH.GELİŞTİRME KURSU - (24-28.02.2020)\DOKÜMANLAR\TAKİP FORMU\22.10.2018\ErdemliSilifkeTasucu Yolu Tunel Takip Formlari .pdf,TÜNEL MÜH.GELİŞTİRME KURSU - (24-28.02.2020)/DOKÜMANLAR/TAKİP FORMU/22.10.2018/ErdemliSilifkeTasucu Yolu Tunel Takip Formlari .pdf,TÜNEL MÜH.GELİŞTİRME KURSU - (24-28.02.2020)/DOKÜMANLAR/TAKİP FORMU/22.10.2018,11305404,10.781673,2026-08-12T19:10:56+03:00,1980-01-01T00:00:00+03:00,c53f1b9e55e8c861f3bb66821d0f2fb89e6b365a03f606f3bf9318290ae07b69,application/pdf,True,True,
DOC000245,K.Maras Tunel Takip Formlari.pdf,K.Maras Tunel Takip Formlari,.pdf,C:\Users\bulsa\OneDrive\Desktop\tunnel\TÜNEL MÜH.GELİŞTİRME KURSU - (24-28.02.2020)\DOKÜMANLAR\TAKİP FORMU\22.10.2018\K.Maras Tunel Takip Formlari.pdf,TÜNEL MÜH.GELİŞTİRME KURSU - (24-28.02.2020)/DOKÜMANLAR/TAKİP FORMU/22.10.2018/K.Maras Tunel Takip Formlari.pdf,TÜNEL MÜH.GELİŞTİRME KURSU - (24-28.02.2020)/DOKÜMANLAR/TAKİP FORMU/22.10.2018,7984766,7.614866,2026-08-12T19:10:56+03:00,1980-01-01T00:00:00+03:00,1f14788427fc5b2740bae349ee9392629382a0ec965cbba42e2899d93ae6f0f0,application/pdf,True,True,
DOC000246,SilifkeMut Yolu Tunel Takip Formlari.pdf,SilifkeMut Yolu Tunel Takip Formlari,.pdf,C:\Users\bulsa\OneDrive\Desktop\tunnel\TÜNEL MÜH.GELİŞTİRME KURSU - (24-28.02.2020)\DOKÜMANLAR\TAKİP FORMU\22.10.2018\SilifkeMut Yolu Tunel Takip Formlari.pdf,TÜNEL MÜH.GELİŞTİRME KURSU - (24-28.02.2020)/DOKÜMANLAR/TAKİP FORMU/22.10.2018/SilifkeMut Yolu Tunel Takip Formlari.pdf,TÜNEL MÜH.GELİŞTİRME KURSU - (24-28.02.2020)/DOKÜMANLAR/TAKİP FORMU/22.10.2018,1753443,1.672214,2026-08-12T19:10:57+03:00,1980-01-01T00:00:00+03:00,b1a2f43dbeb84ade978217cade5ddd4852edae8201ce6ba8d01f85da23efb0b3,application/pdf,True,True,
DOC000247,94b5cfaa64b645c08b28d67ed06f8a23.pdf,94b5cfaa64b645c08b28d67ed06f8a23,.pdf,C:\Users\bulsa\OneDrive\Desktop\tunnel\TÜNEL MÜH.GELİŞTİRME KURSU - (24-28.02.2020)\DOKÜMANLAR\TAKİP FORMU\24.12.2018\94b5cfaa64b645c08b28d67ed06f8a23.pdf,TÜNEL MÜH.GELİŞTİRME KURSU - (24-28.02.2020)/DOKÜMANLAR/TAKİP FORMU/24.12.2018/94b5cfaa64b645c08b28d67ed06f8a23.pdf,TÜNEL MÜH.GELİŞTİRME KURSU - (24-28.02.2020)/DOKÜMANLAR/TAKİP FORMU/24.12.2018,592115,0.564685,2026-08-12T19:10:57+03:00,1980-01-01T00:00:00+03:00,74d0077a4fd9e02884448772375780450e7ae70596acefbda116a63a3978c42a,application/pdf,True,True,
DOC000248,K.MARAS KONT.SEF.TUNEL IMALATLARI.pdf,K.MARAS KONT.SEF.TUNEL IMALATLARI,.pdf,C:\Users\bulsa\OneDrive\Desktop\tunnel\TÜNEL MÜH.GELİŞTİRME KURSU - (24-28.02.2020)\DOKÜMANLAR\TAKİP FORMU\24.12.2018\K.MARAS KONT.SEF.TUNEL IMALATLARI.pdf,TÜNEL MÜH.GELİŞTİRME KURSU - (24-28.02.2020)/DOKÜMANLAR/TAKİP FORMU/24.12.2018/K.MARAS KONT.SEF.TUNEL IMALATLARI.pdf,TÜNEL MÜH.GELİŞTİRME KURSU - (24-28.02.2020)/DOKÜMANLAR/TAKİP FORMU/24.12.2018,5290221,5.045148,2026-08-12T19:10:57+03:00,1980-01-01T00:00:00+03:00,7bd21d281ecd81e07fa9ddf5af7f59cbb0906c9a37b70ae367c07aaa7af9d6da,application/pdf,True,True,
DOC000249,T2 Tuneli Cikis Sag Tup 26.11.2018.pdf,T2 Tuneli Cikis Sag Tup 26.11.2018,.pdf,C:\Users\bulsa\OneDrive\Desktop\tunnel\TÜNEL MÜH.GELİŞTİRME KURSU - (24-28.02.2020)\DOKÜMANLAR\TAKİP FORMU\24.12.2018\T2 Tuneli Cikis Sag Tup 26.11.2018.pdf,TÜNEL MÜH.GELİŞTİRME KURSU - (24-28.02.2020)/DOKÜMANLAR/TAKİP FORMU/24.12.2018/T2 Tuneli Cikis Sag Tup 26.11.2018.pdf,TÜNEL MÜH.GELİŞTİRME KURSU - (24-28.02.2020)/DOKÜMANLAR/TAKİP FORMU/24.12.2018,3309573,3.156255,2026-08-12T19:10:57+03:00,1980-01-01T00:00:00+03:00,cd0443535d0e03781fae10153eb5402b7f22376c44b4287e88cf16f7416d92b0,application/pdf,True,True,
DOC000250,T2 Tuneli Cikis Sol Tup 26.11.2018.pdf,T2 Tuneli Cikis Sol Tup 26.11.2018,.pdf,C:\Users\bulsa\OneDrive\Desktop\tunnel\TÜNEL MÜH.GELİŞTİRME KURSU - (24-28.02.2020)\DOKÜMANLAR\TAKİP FORMU\24.12.2018\T2 Tuneli Cikis Sol Tup 26.11.2018.pdf,TÜNEL MÜH.GELİŞTİRME KURSU - (24-28.02.2020)/DOKÜMANLAR/TAKİP FORMU/24.12.2018/T2 Tuneli Cikis Sol Tup 26.11.2018.pdf,TÜNEL MÜH.GELİŞTİRME KURSU - (24-28.02.2020)/DOKÜMANLAR/TAKİP FORMU/24.12.2018,3296924,3.144192,2026-08-12T19:10:57+03:00,1980-01-01T00:00:00+03:00,7de44ee96dfee3d118f4cbff58926e3839530d1280e7539f8be6d0cec8b702f9,application/pdf,True,True,
DOC000251,T2 Tuneli Giris Sol Tup 26.11.2018.pdf,T2 Tuneli Giris Sol Tup 26.11.2018,.pdf,C:\Users\bulsa\OneDrive\Desktop\tunnel\TÜNEL MÜH.GELİŞTİRME KURSU - (24-28.02.2020)\DOKÜMANLAR\TAKİP FORMU\24.12.2018\T2 Tuneli Giris Sol Tup 26.11.2018.pdf,TÜNEL MÜH.GELİŞTİRME KURSU - (24-28.02.2020)/DOKÜMANLAR/TAKİP FORMU/24.12.2018/T2 Tuneli Giris Sol Tup 26.11.2018.pdf,TÜNEL MÜH.GELİŞTİRME KURSU - (24-28.02.2020)/DOKÜMANLAR/TAKİP FORMU/24.12.2018,3444105,3.284554,2026-08-12T19:10:57+03:00,1980-01-01T00:00:00+03:00,aac6e448d314f890336574b3ce19a7e39dad0525a5cc8af22dd57050c5c67af1,application/pdf,True,True,
DOC000252,T8 TUNELICIKIS Sag Tup 23.11.2018.pdf,T8 TUNELICIKIS Sag Tup 23.11.2018,.pdf,C:\Users\bulsa\OneDrive\Desktop\tunnel\TÜNEL MÜH.GELİŞTİRME KURSU - (24-28.02.2020)\DOKÜMANLAR\TAKİP FORMU\24.12.2018\T8 TUNELICIKIS Sag Tup 23.11.2018.pdf,TÜNEL MÜH.GELİŞTİRME KURSU - (24-28.02.2020)/DOKÜMANLAR/TAKİP FORMU/24.12.2018/T8 TUNELICIKIS Sag Tup 23.11.2018.pdf,TÜNEL MÜH.GELİŞTİRME KURSU - (24-28.02.2020)/DOKÜMANLAR/TAKİP FORMU/24.12.2018,3209961,3.061257,2026-08-12T19:10:57+03:00,1980-01-01T00:00:00+03:00,a539413169500f79b8cdfbd3223d869e35fa3ef1b27efd2237baef1b1957aa47,application/pdf,True,True,
DOC000253,T8 TUNELICIKIS Sol Tup 23.11.2018.pdf,T8 TUNELICIKIS Sol Tup 23.11.2018,.pdf,C:\Users\bulsa\OneDrive\Desktop\tunnel\TÜNEL MÜH.GELİŞTİRME KURSU - (24-28.02.2020)\DOKÜMANLAR\TAKİP FORMU\24.12.2018\T8 TUNELICIKIS Sol Tup 23.11.2018.pdf,TÜNEL MÜH.GELİŞTİRME KURSU - (24-28.02.2020)/DOKÜMANLAR/TAKİP FORMU/24.12.2018/T8 TUNELICIKIS Sol Tup 23.11.2018.pdf,TÜNEL MÜH.GELİŞTİRME KURSU - (24-28.02.2020)/DOKÜMANLAR/TAKİP FORMU/24.12.2018,3334928,3.180435,2026-08-12T19:10:58+03:00,1980-01-01T00:00:00+03:00,5100bafa9b8728c0e62995c84d873ef6454f343df40fc80053dcb626d1f30df1,application/pdf,True,True,
DOC000254,tunel takip son calisma T3 Tuneli.pdf,tunel takip son calisma T3 Tuneli,.pdf,C:\Users\bulsa\OneDrive\Desktop\tunnel\TÜNEL MÜH.GELİŞTİRME KURSU - (24-28.02.2020)\DOKÜMANLAR\TAKİP FORMU\24.12.2018\tunel takip son calisma T3 Tuneli.pdf,TÜNEL MÜH.GELİŞTİRME KURSU - (24-28.02.2020)/DOKÜMANLAR/TAKİP FORMU/24.12.2018/tunel takip son calisma T3 Tuneli.pdf,TÜNEL MÜH.GELİŞTİRME KURSU - (24-28.02.2020)/DOKÜMANLAR/TAKİP FORMU/24.12.2018,432635,0.412593,2026-08-12T19:10:58+03:00,1980-01-01T00:00:00+03:00,8fa0e87115803d6b72d9cf1c1f0f160e01dc2a8d522daf296e68e200eee44528,application/pdf,True,True,
DOC000255,desktop.ini,desktop,.ini,C:\Users\bulsa\OneDrive\Desktop\tunnel\TÜNEL MÜH.GELİŞTİRME KURSU - (24-28.02.2020)\DOKÜMANLAR\TAKİP FORMU\desktop.ini,TÜNEL MÜH.GELİŞTİRME KURSU - (24-28.02.2020)/DOKÜMANLAR/TAKİP FORMU/desktop.ini,TÜNEL MÜH.GELİŞTİRME KURSU - (24-28.02.2020)/DOKÜMANLAR/TAKİP FORMU,113,0.000108,2026-08-12T19:10:56+03:00,2019-02-18T17:06:51+03:00,7bec69cbacc5370aa92cd6f485b51daebf7f28344b8b0ecb33e50b51b02a7edb,application/octet-stream,False,False,
DOC000256,Tünel Takip Formu (2 sayfa).pdf,Tünel Takip Formu (2 sayfa),.pdf,C:\Users\bulsa\OneDrive\Desktop\tunnel\TÜNEL MÜH.GELİŞTİRME KURSU - (24-28.02.2020)\DOKÜMANLAR\TAKİP FORMU\Tünel Takip Formu (2 sayfa).pdf,TÜNEL MÜH.GELİŞTİRME KURSU - (24-28.02.2020)/DOKÜMANLAR/TAKİP FORMU/Tünel Takip Formu (2 sayfa).pdf,TÜNEL MÜH.GELİŞTİRME KURSU - (24-28.02.2020)/DOKÜMANLAR/TAKİP FORMU,275550,0.262785,2026-08-12T19:10:56+03:00,2018-10-05T16:49:59+03:00,e64e1f91da36bc9d30b04639f8eb99a5fac074b20183f9beb9207706aeb2383c,application/pdf,True,True,
DOC000257,TBM(Tunnel Boring Machine).pptx,TBM(Tunnel Boring Machine),.pptx,C:\Users\bulsa\OneDrive\Desktop\tunnel\TÜNEL MÜH.GELİŞTİRME KURSU - (24-28.02.2020)\DOKÜMANLAR\TBM(Tunnel Boring Machine).pptx,TÜNEL MÜH.GELİŞTİRME KURSU - (24-28.02.2020)/DOKÜMANLAR/TBM(Tunnel Boring Machine).pptx,TÜNEL MÜH.GELİŞTİRME KURSU - (24-28.02.2020)/DOKÜMANLAR,16907826,16.124559,2026-08-12T19:10:54+03:00,2019-02-19T15:12:40+03:00,5f811a624baec87de732a24e235f5f0887f21a17fc42320a7002c14235e319aa,application/vnd.openxmlformats-officedocument.presentationml.presentation,True,True,
DOC000258,TÜNEL İÇİ EKİPMAN BOŞLUKLARI NİŞ BİLGİLERİ.pdf,TÜNEL İÇİ EKİPMAN BOŞLUKLARI NİŞ BİLGİLERİ,.pdf,C:\Users\bulsa\OneDrive\Desktop\tunnel\TÜNEL MÜH.GELİŞTİRME KURSU - (24-28.02.2020)\DOKÜMANLAR\TÜNEL İÇİ EKİPMAN BOŞLUKLARI NİŞ BİLGİLERİ.pdf,TÜNEL MÜH.GELİŞTİRME KURSU - (24-28.02.2020)/DOKÜMANLAR/TÜNEL İÇİ EKİPMAN BOŞLUKLARI NİŞ BİLGİLERİ.pdf,TÜNEL MÜH.GELİŞTİRME KURSU - (24-28.02.2020)/DOKÜMANLAR,1470449,1.402329,2026-08-12T19:10:55+03:00,2018-11-14T09:26:58+03:00,1bcc970096995bf6fb2f4e7bde4027ad60b08bec0549a5c93259070e1930d23b,application/pdf,True,True,
DOC000259,Genel Sunum.ppt,Genel Sunum,.ppt,C:\Users\bulsa\OneDrive\Desktop\tunnel\TÜNEL MÜH.GELİŞTİRME KURSU - (24-28.02.2020)\DOKÜMANLAR\Tünelde Özel Çözümler\Genel Sunum.ppt,TÜNEL MÜH.GELİŞTİRME KURSU - (24-28.02.2020)/DOKÜMANLAR/Tünelde Özel Çözümler/Genel Sunum.ppt,TÜNEL MÜH.GELİŞTİRME KURSU - (24-28.02.2020)/DOKÜMANLAR/Tünelde Özel Çözümler,43404800,41.394043,2026-08-12T19:10:58+03:00,2019-02-26T10:03:02+03:00,6ec633413efc464ce2415d6c94c43aeafed92b29acdaa054270449f9f07c93a5,application/vnd.ms-powerpoint,True,True,
DOC000260,OTOYOL TÜNELİ (4 ŞERİTLİ) PORTAL TASARIMI.pptx,OTOYOL TÜNELİ (4 ŞERİTLİ) PORTAL TASARIMI,.pptx,C:\Users\bulsa\OneDrive\Desktop\tunnel\TÜNEL MÜH.GELİŞTİRME KURSU - (24-28.02.2020)\DOKÜMANLAR\Tünelde Özel Çözümler\OTOYOL TÜNELİ (4 ŞERİTLİ) PORTAL TASARIMI.pptx,TÜNEL MÜH.GELİŞTİRME KURSU - (24-28.02.2020)/DOKÜMANLAR/Tünelde Özel Çözümler/OTOYOL TÜNELİ (4 ŞERİTLİ) PORTAL TASARIMI.pptx,TÜNEL MÜH.GELİŞTİRME KURSU - (24-28.02.2020)/DOKÜMANLAR/Tünelde Özel Çözümler,30535184,29.120621,2026-08-12T19:11:00+03:00,2019-02-26T09:48:34+03:00,eba6f7659063a3e0897bbd9762db5b5bfdccdfdb5a4ef6c58f0af07675131f7c,application/vnd.openxmlformats-officedocument.presentationml.presentation,True,True,
DOC000261,T-1OA.pptx,T-1OA,.pptx,C:\Users\bulsa\OneDrive\Desktop\tunnel\TÜNEL MÜH.GELİŞTİRME KURSU - (24-28.02.2020)\DOKÜMANLAR\Tünelde Özel Çözümler\T-1OA.pptx,TÜNEL MÜH.GELİŞTİRME KURSU - (24-28.02.2020)/DOKÜMANLAR/Tünelde Özel Çözümler/T-1OA.pptx,TÜNEL MÜH.GELİŞTİRME KURSU - (24-28.02.2020)/DOKÜMANLAR/Tünelde Özel Çözümler,7474868,7.12859,2026-08-12T19:11:01+03:00,2019-02-26T11:21:36+03:00,392642f7733f2a4d8b5099cdad7f3e5387a8183c22988ae4733f327bb768055f,application/vnd.openxmlformats-officedocument.presentationml.presentation,True,True,
DOC000262,T1 Tüneli KY.pptx,T1 Tüneli KY,.pptx,C:\Users\bulsa\OneDrive\Desktop\tunnel\TÜNEL MÜH.GELİŞTİRME KURSU - (24-28.02.2020)\DOKÜMANLAR\Tünelde Özel Çözümler\T1 Tüneli KY.pptx,TÜNEL MÜH.GELİŞTİRME KURSU - (24-28.02.2020)/DOKÜMANLAR/Tünelde Özel Çözümler/T1 Tüneli KY.pptx,TÜNEL MÜH.GELİŞTİRME KURSU - (24-28.02.2020)/DOKÜMANLAR/Tünelde Özel Çözümler,15438959,14.723739,2026-08-12T19:11:01+03:00,2019-02-26T11:20:34+03:00,01e403164c0361f59ca716cbdc834029883212f24feab0c290022d9d089ea82d,application/vnd.openxmlformats-officedocument.presentationml.presentation,True,True,
DOC000263,T1JETGROUT.pptx,T1JETGROUT,.pptx,C:\Users\bulsa\OneDrive\Desktop\tunnel\TÜNEL MÜH.GELİŞTİRME KURSU - (24-28.02.2020)\DOKÜMANLAR\Tünelde Özel Çözümler\T1JETGROUT.pptx,TÜNEL MÜH.GELİŞTİRME KURSU - (24-28.02.2020)/DOKÜMANLAR/Tünelde Özel Çözümler/T1JETGROUT.pptx,TÜNEL MÜH.GELİŞTİRME KURSU - (24-28.02.2020)/DOKÜMANLAR/Tünelde Özel Çözümler,10206631,9.733802,2026-08-12T19:11:02+03:00,2019-02-26T11:22:22+03:00,88730c77ad15671b96aeb63e9fd179190595853eebdcecd0bbab9c65f98fd11e,application/vnd.openxmlformats-officedocument.presentationml.presentation,True,True,
DOC000264,T3 TÜNELİ ENJEKSİYON İPTALİ.pptm,T3 TÜNELİ ENJEKSİYON İPTALİ,.pptm,C:\Users\bulsa\OneDrive\Desktop\tunnel\TÜNEL MÜH.GELİŞTİRME KURSU - (24-28.02.2020)\DOKÜMANLAR\Tünelde Özel Çözümler\T3 TÜNELİ ENJEKSİYON İPTALİ.pptm,TÜNEL MÜH.GELİŞTİRME KURSU - (24-28.02.2020)/DOKÜMANLAR/Tünelde Özel Çözümler/T3 TÜNELİ ENJEKSİYON İPTALİ.pptm,TÜNEL MÜH.GELİŞTİRME KURSU - (24-28.02.2020)/DOKÜMANLAR/Tünelde Özel Çözümler,3383546,3.226801,2026-08-12T19:11:03+03:00,2019-02-26T09:44:08+03:00,8cd77050797aeb27474ab899ffc0581177f726b127e539c71452b46c78d9dd6e,application/vnd.ms-powerpoint.presentation.macroEnabled.12,True,True,
DOC000265,Thumbs.db,Thumbs,.db,C:\Users\bulsa\OneDrive\Desktop\tunnel\TÜNEL MÜH.GELİŞTİRME KURSU - (24-28.02.2020)\DOKÜMANLAR\Tünelde Özel Çözümler\Thumbs.db,TÜNEL MÜH.GELİŞTİRME KURSU - (24-28.02.2020)/DOKÜMANLAR/Tünelde Özel Çözümler/Thumbs.db,TÜNEL MÜH.GELİŞTİRME KURSU - (24-28.02.2020)/DOKÜMANLAR/Tünelde Özel Çözümler,15872,0.015137,2026-08-12T19:11:03+03:00,2024-03-11T16:06:32+03:00,a0c31079d7b46b94001a1858ff3a2ac402662c7ae7ab900fd171e93146f2381c,application/octet-stream,False,False,
DOC000266,0- YAPIM İPLERİ İHALELERİ UYGULAMA YÖNETMELİĞİ.docx,0- YAPIM İPLERİ İHALELERİ UYGULAMA YÖNETMELİĞİ,.docx,C:\Users\bulsa\OneDrive\Desktop\tunnel\TÜNEL MÜH.GELİŞTİRME KURSU - (24-28.02.2020)\DOKÜMANLAR\yapim_isleri_ihaleleri_uygulama_yonetmeligi_degisiklikler_islenmis\0- YAPIM İPLERİ İHALELERİ UYGULAMA YÖNETMELİĞİ.docx,TÜNEL MÜH.GELİŞTİRME KURSU - (24-28.02.2020)/DOKÜMANLAR/yapim_isleri_ihaleleri_uygulama_yonetmeligi_degisiklikler_islenmis/0- YAPIM İPLERİ İHALELERİ UYGULAMA YÖNETMELİĞİ.docx,TÜNEL MÜH.GELİŞTİRME KURSU - (24-28.02.2020)/DOKÜMANLAR/yapim_isleri_ihaleleri_uygulama_yonetmeligi_degisiklikler_islenmis,126054,0.120214,2026-08-12T19:11:03+03:00,2018-12-31T09:04:43+03:00,80d2d2c44b4c7dffc21f3228442bf14fd38b9686ad84309a669de4b5c8756f26,application/vnd.openxmlformats-officedocument.wordprocessingml.document,True,True,
DOC000267,1- Yapım Standart Formlar.docx,1- Yapım Standart Formlar,.docx,C:\Users\bulsa\OneDrive\Desktop\tunnel\TÜNEL MÜH.GELİŞTİRME KURSU - (24-28.02.2020)\DOKÜMANLAR\yapim_isleri_ihaleleri_uygulama_yonetmeligi_degisiklikler_islenmis\1- Yapım Standart Formlar.docx,TÜNEL MÜH.GELİŞTİRME KURSU - (24-28.02.2020)/DOKÜMANLAR/yapim_isleri_ihaleleri_uygulama_yonetmeligi_degisiklikler_islenmis/1- Yapım Standart Formlar.docx,TÜNEL MÜH.GELİŞTİRME KURSU - (24-28.02.2020)/DOKÜMANLAR/yapim_isleri_ihaleleri_uygulama_yonetmeligi_degisiklikler_islenmis,293584,0.279984,2026-08-12T19:11:03+03:00,2018-10-31T11:26:30+03:00,eb374e284881c3f58cac6ef6ea9dcaff7bb9f9cae28cac90bee14e72aaa079f7,application/vnd.openxmlformats-officedocument.wordprocessingml.document,True,True,
DOC000268,2- Yapım Açık.docx,2- Yapım Açık,.docx,C:\Users\bulsa\OneDrive\Desktop\tunnel\TÜNEL MÜH.GELİŞTİRME KURSU - (24-28.02.2020)\DOKÜMANLAR\yapim_isleri_ihaleleri_uygulama_yonetmeligi_degisiklikler_islenmis\2- Yapım Açık.docx,TÜNEL MÜH.GELİŞTİRME KURSU - (24-28.02.2020)/DOKÜMANLAR/yapim_isleri_ihaleleri_uygulama_yonetmeligi_degisiklikler_islenmis/2- Yapım Açık.docx,TÜNEL MÜH.GELİŞTİRME KURSU - (24-28.02.2020)/DOKÜMANLAR/yapim_isleri_ihaleleri_uygulama_yonetmeligi_degisiklikler_islenmis,80430,0.076704,2026-08-12T19:11:03+03:00,2018-10-31T09:28:00+03:00,06fc2d37deaff224d5ffe522095d4bf1208463f928236f5e3c4323bc4c26f511,application/vnd.openxmlformats-officedocument.wordprocessingml.document,True,True,
DOC000269,3- yapım belli istekliler ön yeterlik.docx,3- yapım belli istekliler ön yeterlik,.docx,C:\Users\bulsa\OneDrive\Desktop\tunnel\TÜNEL MÜH.GELİŞTİRME KURSU - (24-28.02.2020)\DOKÜMANLAR\yapim_isleri_ihaleleri_uygulama_yonetmeligi_degisiklikler_islenmis\3- yapım belli istekliler ön yeterlik.docx,TÜNEL MÜH.GELİŞTİRME KURSU - (24-28.02.2020)/DOKÜMANLAR/yapim_isleri_ihaleleri_uygulama_yonetmeligi_degisiklikler_islenmis/3- yapım belli istekliler ön yeterlik.docx,TÜNEL MÜH.GELİŞTİRME KURSU - (24-28.02.2020)/DOKÜMANLAR/yapim_isleri_ihaleleri_uygulama_yonetmeligi_degisiklikler_islenmis,65455,0.062423,2026-08-12T19:11:03+03:00,2018-07-11T15:31:32+03:00,e69a8baa6d553a96a5ca075cecac066de36d052013cba0e0ec78f42ec361edf3,application/vnd.openxmlformats-officedocument.wordprocessingml.document,True,True,
DOC000270,4- Yapım belli istekliler tip idari.docx,4- Yapım belli istekliler tip idari,.docx,C:\Users\bulsa\OneDrive\Desktop\tunnel\TÜNEL MÜH.GELİŞTİRME KURSU - (24-28.02.2020)\DOKÜMANLAR\yapim_isleri_ihaleleri_uygulama_yonetmeligi_degisiklikler_islenmis\4- Yapım belli istekliler tip idari.docx,TÜNEL MÜH.GELİŞTİRME KURSU - (24-28.02.2020)/DOKÜMANLAR/yapim_isleri_ihaleleri_uygulama_yonetmeligi_degisiklikler_islenmis/4- Yapım belli istekliler tip idari.docx,TÜNEL MÜH.GELİŞTİRME KURSU - (24-28.02.2020)/DOKÜMANLAR/yapim_isleri_ihaleleri_uygulama_yonetmeligi_degisiklikler_islenmis,77558,0.073965,2026-08-12T19:11:03+03:00,2018-10-31T09:27:42+03:00,5e3d753d7969cfd13187716201eff3a947b7b5917885378352105784f8130123,application/vnd.openxmlformats-officedocument.wordprocessingml.document,True,True,
DOC000271,5- Yapım Pazarlık bc.docx,5- Yapım Pazarlık bc,.docx,C:\Users\bulsa\OneDrive\Desktop\tunnel\TÜNEL MÜH.GELİŞTİRME KURSU - (24-28.02.2020)\DOKÜMANLAR\yapim_isleri_ihaleleri_uygulama_yonetmeligi_degisiklikler_islenmis\5- Yapım Pazarlık bc.docx,TÜNEL MÜH.GELİŞTİRME KURSU - (24-28.02.2020)/DOKÜMANLAR/yapim_isleri_ihaleleri_uygulama_yonetmeligi_degisiklikler_islenmis/5- Yapım Pazarlık bc.docx,TÜNEL MÜH.GELİŞTİRME KURSU - (24-28.02.2020)/DOKÜMANLAR/yapim_isleri_ihaleleri_uygulama_yonetmeligi_degisiklikler_islenmis,78242,0.074617,2026-08-12T19:11:03+03:00,2018-07-12T16:47:26+03:00,5fd2b371a56fbdb0da2a9eaceef053e2921ce6d19a060fa70d5fcdfdfb5ed812,application/vnd.openxmlformats-officedocument.wordprocessingml.document,True,True,
DOC000272,6- yapım Pazarlık ade.docx,6- yapım Pazarlık ade,.docx,C:\Users\bulsa\OneDrive\Desktop\tunnel\TÜNEL MÜH.GELİŞTİRME KURSU - (24-28.02.2020)\DOKÜMANLAR\yapim_isleri_ihaleleri_uygulama_yonetmeligi_degisiklikler_islenmis\6- yapım Pazarlık ade.docx,TÜNEL MÜH.GELİŞTİRME KURSU - (24-28.02.2020)/DOKÜMANLAR/yapim_isleri_ihaleleri_uygulama_yonetmeligi_degisiklikler_islenmis/6- yapım Pazarlık ade.docx,TÜNEL MÜH.GELİŞTİRME KURSU - (24-28.02.2020)/DOKÜMANLAR/yapim_isleri_ihaleleri_uygulama_yonetmeligi_degisiklikler_islenmis,82821,0.078984,2026-08-12T19:11:03+03:00,2018-07-12T16:56:24+03:00,989fe4a283979a40e88327f07771339000c6d109087a84757179e6477222ce90,application/vnd.openxmlformats-officedocument.wordprocessingml.document,True,True,
DOC000273,7- Yapım Sözleşme.docx,7- Yapım Sözleşme,.docx,C:\Users\bulsa\OneDrive\Desktop\tunnel\TÜNEL MÜH.GELİŞTİRME KURSU - (24-28.02.2020)\DOKÜMANLAR\yapim_isleri_ihaleleri_uygulama_yonetmeligi_degisiklikler_islenmis\7- Yapım Sözleşme.docx,TÜNEL MÜH.GELİŞTİRME KURSU - (24-28.02.2020)/DOKÜMANLAR/yapim_isleri_ihaleleri_uygulama_yonetmeligi_degisiklikler_islenmis/7- Yapım Sözleşme.docx,TÜNEL MÜH.GELİŞTİRME KURSU - (24-28.02.2020)/DOKÜMANLAR/yapim_isleri_ihaleleri_uygulama_yonetmeligi_degisiklikler_islenmis,49702,0.0474,2026-08-12T19:11:03+03:00,2018-01-02T11:09:20+03:00,dbb4c155e9d46ab4fc3f24ce12a19384b150335b3e341a8e2a06e1d0d63de306,application/vnd.openxmlformats-officedocument.wordprocessingml.document,True,True,
DOC000274,8- Yapım Genel Partname.docx,8- Yapım Genel Partname,.docx,C:\Users\bulsa\OneDrive\Desktop\tunnel\TÜNEL MÜH.GELİŞTİRME KURSU - (24-28.02.2020)\DOKÜMANLAR\yapim_isleri_ihaleleri_uygulama_yonetmeligi_degisiklikler_islenmis\8- Yapım Genel Partname.docx,TÜNEL MÜH.GELİŞTİRME KURSU - (24-28.02.2020)/DOKÜMANLAR/yapim_isleri_ihaleleri_uygulama_yonetmeligi_degisiklikler_islenmis/8- Yapım Genel Partname.docx,TÜNEL MÜH.GELİŞTİRME KURSU - (24-28.02.2020)/DOKÜMANLAR/yapim_isleri_ihaleleri_uygulama_yonetmeligi_degisiklikler_islenmis,74140,0.070705,2026-08-12T19:11:03+03:00,2019-02-28T00:57:25+03:00,d844b88241ad23e0112f7379aa7139f947ebebb2da499ff4cef01b61e57a9009,application/vnd.openxmlformats-officedocument.wordprocessingml.document,True,True,
DOC000275,~$ Yapım Genel Partname.docx,~$ Yapım Genel Partname,.docx,C:\Users\bulsa\OneDrive\Desktop\tunnel\TÜNEL MÜH.GELİŞTİRME KURSU - (24-28.02.2020)\DOKÜMANLAR\yapim_isleri_ihaleleri_uygulama_yonetmeligi_degisiklikler_islenmis\~$ Yapım Genel Partname.docx,TÜNEL MÜH.GELİŞTİRME KURSU - (24-28.02.2020)/DOKÜMANLAR/yapim_isleri_ihaleleri_uygulama_yonetmeligi_degisiklikler_islenmis/~$ Yapım Genel Partname.docx,TÜNEL MÜH.GELİŞTİRME KURSU - (24-28.02.2020)/DOKÜMANLAR/yapim_isleri_ihaleleri_uygulama_yonetmeligi_degisiklikler_islenmis,162,0.000154,2026-08-12T19:11:03+03:00,2019-02-28T00:43:41+03:00,c5d0ba17cc853e72567783a05d1b9dabc26f18c34f5ad550e7b58066e30b87ba,application/vnd.openxmlformats-officedocument.wordprocessingml.document,True,True,
DOC000276,~$rim Fiyat Tarifleri (Genel Müdürlük)-TÜNEL (2).doc,~$rim Fiyat Tarifleri (Genel Müdürlük)-TÜNEL (2),.doc,C:\Users\bulsa\OneDrive\Desktop\tunnel\TÜNEL MÜH.GELİŞTİRME KURSU - (24-28.02.2020)\DOKÜMANLAR\~$rim Fiyat Tarifleri (Genel Müdürlük)-TÜNEL (2).doc,TÜNEL MÜH.GELİŞTİRME KURSU - (24-28.02.2020)/DOKÜMANLAR/~$rim Fiyat Tarifleri (Genel Müdürlük)-TÜNEL (2).doc,TÜNEL MÜH.GELİŞTİRME KURSU - (24-28.02.2020)/DOKÜMANLAR,162,0.000154,2026-08-12T19:10:55+03:00,2019-02-22T14:34:50+03:00,ae2e9e9876ce03b90abb44275ac978714bfe73803932dccc9a0c7521351fb8c7,application/msword,True,True,
DOC000277,~$rim Fiyat Tarifleri (Genel Müdürlük)-TÜNEL.doc,~$rim Fiyat Tarifleri (Genel Müdürlük)-TÜNEL,.doc,C:\Users\bulsa\OneDrive\Desktop\tunnel\TÜNEL MÜH.GELİŞTİRME KURSU - (24-28.02.2020)\DOKÜMANLAR\~$rim Fiyat Tarifleri (Genel Müdürlük)-TÜNEL.doc,TÜNEL MÜH.GELİŞTİRME KURSU - (24-28.02.2020)/DOKÜMANLAR/~$rim Fiyat Tarifleri (Genel Müdürlük)-TÜNEL.doc,TÜNEL MÜH.GELİŞTİRME KURSU - (24-28.02.2020)/DOKÜMANLAR,162,0.000154,2026-08-12T19:10:55+03:00,2019-02-22T14:34:50+03:00,ae2e9e9876ce03b90abb44275ac978714bfe73803932dccc9a0c7521351fb8c7,application/msword,True,True,
DOC000278,04.376-01A.pdf,04.376-01A,.pdf,C:\Users\bulsa\OneDrive\Desktop\tunnel\TÜNEL MÜH.GELİŞTİRME KURSU - (24-28.02.2020)\DOKÜMANLAR\Çelik Tel+Sentetik Fiber\FİBER DONATI RAYİÇLERİ\04.376-01A.pdf,TÜNEL MÜH.GELİŞTİRME KURSU - (24-28.02.2020)/DOKÜMANLAR/Çelik Tel+Sentetik Fiber/FİBER DONATI RAYİÇLERİ/04.376-01A.pdf,TÜNEL MÜH.GELİŞTİRME KURSU - (24-28.02.2020)/DOKÜMANLAR/Çelik Tel+Sentetik Fiber/FİBER DONATI RAYİÇLERİ,272136,0.259529,2026-08-12T19:11:05+03:00,2019-02-24T18:36:37+03:00,38d96380fb66bb5e6b5e51f0b0576e5a39b5ec5e18093078f5e4903146402ab1,application/pdf,True,True,
DOC000279,04.376-01B.pdf,04.376-01B,.pdf,C:\Users\bulsa\OneDrive\Desktop\tunnel\TÜNEL MÜH.GELİŞTİRME KURSU - (24-28.02.2020)\DOKÜMANLAR\Çelik Tel+Sentetik Fiber\FİBER DONATI RAYİÇLERİ\04.376-01B.pdf,TÜNEL MÜH.GELİŞTİRME KURSU - (24-28.02.2020)/DOKÜMANLAR/Çelik Tel+Sentetik Fiber/FİBER DONATI RAYİÇLERİ/04.376-01B.pdf,TÜNEL MÜH.GELİŞTİRME KURSU - (24-28.02.2020)/DOKÜMANLAR/Çelik Tel+Sentetik Fiber/FİBER DONATI RAYİÇLERİ,272744,0.260109,2026-08-12T19:11:05+03:00,2019-02-24T18:35:36+03:00,0f9fb625ee12d331f34a9071454350818992c375c2824641d11325171aecb184,application/pdf,True,True,
DOC000280,04.376-01C.pdf,04.376-01C,.pdf,C:\Users\bulsa\OneDrive\Desktop\tunnel\TÜNEL MÜH.GELİŞTİRME KURSU - (24-28.02.2020)\DOKÜMANLAR\Çelik Tel+Sentetik Fiber\FİBER DONATI RAYİÇLERİ\04.376-01C.pdf,TÜNEL MÜH.GELİŞTİRME KURSU - (24-28.02.2020)/DOKÜMANLAR/Çelik Tel+Sentetik Fiber/FİBER DONATI RAYİÇLERİ/04.376-01C.pdf,TÜNEL MÜH.GELİŞTİRME KURSU - (24-28.02.2020)/DOKÜMANLAR/Çelik Tel+Sentetik Fiber/FİBER DONATI RAYİÇLERİ,271885,0.25929,2026-08-12T19:11:05+03:00,2019-02-24T18:36:04+03:00,29dc43677cbbd95c697d88b4bd6a9e57c6a1c8e27366c9c9b81eae37be00fb36,application/pdf,True,True,
DOC000281,Makro sentetik Fiber.pptx,Makro sentetik Fiber,.pptx,C:\Users\bulsa\OneDrive\Desktop\tunnel\TÜNEL MÜH.GELİŞTİRME KURSU - (24-28.02.2020)\DOKÜMANLAR\Çelik Tel+Sentetik Fiber\Makro sentetik Fiber.pptx,TÜNEL MÜH.GELİŞTİRME KURSU - (24-28.02.2020)/DOKÜMANLAR/Çelik Tel+Sentetik Fiber/Makro sentetik Fiber.pptx,TÜNEL MÜH.GELİŞTİRME KURSU - (24-28.02.2020)/DOKÜMANLAR/Çelik Tel+Sentetik Fiber,2588267,2.468364,2026-08-12T19:11:03+03:00,2019-02-25T09:26:34+03:00,0a256c5562db6c6bcb23763c5969f3b1c993a084ee8a4c87b426e3474939cf86,application/vnd.openxmlformats-officedocument.presentationml.presentation,True,True,
DOC000282,Çelik Tel Donatılı Nihai Kaplama.pptx,Çelik Tel Donatılı Nihai Kaplama,.pptx,C:\Users\bulsa\OneDrive\Desktop\tunnel\TÜNEL MÜH.GELİŞTİRME KURSU - (24-28.02.2020)\DOKÜMANLAR\Çelik Tel+Sentetik Fiber\Çelik Tel Donatılı Nihai Kaplama.pptx,TÜNEL MÜH.GELİŞTİRME KURSU - (24-28.02.2020)/DOKÜMANLAR/Çelik Tel+Sentetik Fiber/Çelik Tel Donatılı Nihai Kaplama.pptx,TÜNEL MÜH.GELİŞTİRME KURSU - (24-28.02.2020)/DOKÜMANLAR/Çelik Tel+Sentetik Fiber,14996960,14.302216,2026-08-12T19:11:03+03:00,2019-02-20T20:14:18+03:00,2516fb6319c342abb140f6dcba0f9501a4c62f1313b58666e46181c062c8dbbc,application/vnd.openxmlformats-officedocument.presentationml.presentation,True,True,
DOC000283,Çelik Tel Donatılı Püskürtme Betonlar.ppt,Çelik Tel Donatılı Püskürtme Betonlar,.ppt,C:\Users\bulsa\OneDrive\Desktop\tunnel\TÜNEL MÜH.GELİŞTİRME KURSU - (24-28.02.2020)\DOKÜMANLAR\Çelik Tel+Sentetik Fiber\Çelik Tel Donatılı Püskürtme Betonlar.ppt,TÜNEL MÜH.GELİŞTİRME KURSU - (24-28.02.2020)/DOKÜMANLAR/Çelik Tel+Sentetik Fiber/Çelik Tel Donatılı Püskürtme Betonlar.ppt,TÜNEL MÜH.GELİŞTİRME KURSU - (24-28.02.2020)/DOKÜMANLAR/Çelik Tel+Sentetik Fiber,21893632,20.879395,2026-08-12T19:11:04+03:00,2019-02-20T20:14:34+03:00,118ff7fa533b54f5bb336e6969b3f0bc69d30cfcec4ceb962cd05132cdfc901d,application/vnd.ms-powerpoint,True,True,
DOC000284,Karstik Boşluklar ve çözüm yolları.pptx,Karstik Boşluklar ve çözüm yolları,.pptx,C:\Users\bulsa\OneDrive\Desktop\tunnel\TÜNEL MÜH.GELİŞTİRME KURSU - (24-28.02.2020)\Karstik Boşluklar ve çözüm yolları.pptx,TÜNEL MÜH.GELİŞTİRME KURSU - (24-28.02.2020)/Karstik Boşluklar ve çözüm yolları.pptx,TÜNEL MÜH.GELİŞTİRME KURSU - (24-28.02.2020),3511301,3.348638,2026-08-12T19:10:30+03:00,2019-11-21T07:16:12+03:00,2c1509971dc4f4063aa547d07c35111e36ec9d29c78da2d98d9dc19580dcc069,application/vnd.openxmlformats-officedocument.presentationml.presentation,True,True,
DOC000285,KGM DENEYLER SUNUMU.pptx,KGM DENEYLER SUNUMU,.pptx,C:\Users\bulsa\OneDrive\Desktop\tunnel\TÜNEL MÜH.GELİŞTİRME KURSU - (24-28.02.2020)\KGM DENEYLER SUNUMU.pptx,TÜNEL MÜH.GELİŞTİRME KURSU - (24-28.02.2020)/KGM DENEYLER SUNUMU.pptx,TÜNEL MÜH.GELİŞTİRME KURSU - (24-28.02.2020),3412658,3.254564,2026-08-12T19:10:31+03:00,2019-02-23T08:36:55+03:00,8bee70a79da4e61360b7835cc8f6a656665267a5fcb3810bdc004cb46c9ffc22,application/vnd.openxmlformats-officedocument.presentationml.presentation,True,True,
DOC000286,Makro sentetik Fiber.pptx,Makro sentetik Fiber,.pptx,C:\Users\bulsa\OneDrive\Desktop\tunnel\TÜNEL MÜH.GELİŞTİRME KURSU - (24-28.02.2020)\Makro sentetik Fiber.pptx,TÜNEL MÜH.GELİŞTİRME KURSU - (24-28.02.2020)/Makro sentetik Fiber.pptx,TÜNEL MÜH.GELİŞTİRME KURSU - (24-28.02.2020),2588164,2.468266,2026-08-12T19:10:31+03:00,2019-11-22T13:34:29+03:00,ff1e7d59fb0882df30a4378e353cd1f70a2cfeb8a45b682715a50a49c020ffe5,application/vnd.openxmlformats-officedocument.presentationml.presentation,True,True,
DOC000287,patlatma-Ankara.ppt,patlatma-Ankara,.ppt,C:\Users\bulsa\OneDrive\Desktop\tunnel\TÜNEL MÜH.GELİŞTİRME KURSU - (24-28.02.2020)\patlatma-Ankara.ppt,TÜNEL MÜH.GELİŞTİRME KURSU - (24-28.02.2020)/patlatma-Ankara.ppt,TÜNEL MÜH.GELİŞTİRME KURSU - (24-28.02.2020),5688832,5.425293,2026-08-12T19:10:31+03:00,2019-02-22T14:39:14+03:00,9e8d001f55f9fab3b6de2104875395ea34f9bde10ca9463e7d127c75845cac15,application/vnd.ms-powerpoint,True,True,
DOC000288,Portal İyileştirmeleri.pptx,Portal İyileştirmeleri,.pptx,C:\Users\bulsa\OneDrive\Desktop\tunnel\TÜNEL MÜH.GELİŞTİRME KURSU - (24-28.02.2020)\Portal İyileştirmeleri.pptx,TÜNEL MÜH.GELİŞTİRME KURSU - (24-28.02.2020)/Portal İyileştirmeleri.pptx,TÜNEL MÜH.GELİŞTİRME KURSU - (24-28.02.2020),49091026,46.816851,2026-08-12T19:10:37+03:00,2019-02-22T14:59:04+03:00,8403b7acba7a63302cb6a2bbaebb00b0da6ca1693dbadc6e11568e2c7577da4c,application/vnd.openxmlformats-officedocument.presentationml.presentation,True,True,
DOC000289,PORTAL TASARIMI.pptx,PORTAL TASARIMI,.pptx,C:\Users\bulsa\OneDrive\Desktop\tunnel\TÜNEL MÜH.GELİŞTİRME KURSU - (24-28.02.2020)\PORTAL TASARIMI.pptx,TÜNEL MÜH.GELİŞTİRME KURSU - (24-28.02.2020)/PORTAL TASARIMI.pptx,TÜNEL MÜH.GELİŞTİRME KURSU - (24-28.02.2020),34392818,32.799547,2026-08-12T19:10:31+03:00,2019-11-18T11:08:58+03:00,56d4a921cf2c6a1daf096e8ed36ef4e4738d960ff366c1b218edbe6b1c432e49,application/vnd.openxmlformats-officedocument.presentationml.presentation,True,True,
DOC000290,Portal Yerleşimi 24.02.2020.pptx,Portal Yerleşimi 24.02.2020,.pptx,C:\Users\bulsa\OneDrive\Desktop\tunnel\TÜNEL MÜH.GELİŞTİRME KURSU - (24-28.02.2020)\Portal Yerleşimi 24.02.2020.pptx,TÜNEL MÜH.GELİŞTİRME KURSU - (24-28.02.2020)/Portal Yerleşimi 24.02.2020.pptx,TÜNEL MÜH.GELİŞTİRME KURSU - (24-28.02.2020),92286118,88.0109,2026-08-12T19:10:33+03:00,2020-02-23T18:27:34+03:00,6b919eeca10e7371c34c364185d15bd170286dfa99714fcd60293548a45b101c,application/vnd.openxmlformats-officedocument.presentationml.presentation,True,True,
DOC000291,TBM(Tunnel Boring Machine).pptx,TBM(Tunnel Boring Machine),.pptx,C:\Users\bulsa\OneDrive\Desktop\tunnel\TÜNEL MÜH.GELİŞTİRME KURSU - (24-28.02.2020)\TBM(Tunnel Boring Machine).pptx,TÜNEL MÜH.GELİŞTİRME KURSU - (24-28.02.2020)/TBM(Tunnel Boring Machine).pptx,TÜNEL MÜH.GELİŞTİRME KURSU - (24-28.02.2020),16907826,16.124559,2026-08-12T19:10:39+03:00,2019-02-19T15:12:40+03:00,5f811a624baec87de732a24e235f5f0887f21a17fc42320a7002c14235e319aa,application/vnd.openxmlformats-officedocument.presentationml.presentation,True,True,
DOC000292,Thumbs.db,Thumbs,.db,C:\Users\bulsa\OneDrive\Desktop\tunnel\TÜNEL MÜH.GELİŞTİRME KURSU - (24-28.02.2020)\Thumbs.db,TÜNEL MÜH.GELİŞTİRME KURSU - (24-28.02.2020)/Thumbs.db,TÜNEL MÜH.GELİŞTİRME KURSU - (24-28.02.2020),11264,0.010742,2026-08-12T19:10:40+03:00,2026-01-29T11:05:32+03:00,d8b556e52894159f2f84da3b86ef537de6cabbc6189b4881897f563cf17e6966,application/octet-stream,False,False,
DOC000293,Tünel Imalatlarında-Yapılan-Deneyler.pptx,Tünel Imalatlarında-Yapılan-Deneyler,.pptx,C:\Users\bulsa\OneDrive\Desktop\tunnel\TÜNEL MÜH.GELİŞTİRME KURSU - (24-28.02.2020)\Tünel Imalatlarında-Yapılan-Deneyler.pptx,TÜNEL MÜH.GELİŞTİRME KURSU - (24-28.02.2020)/Tünel Imalatlarında-Yapılan-Deneyler.pptx,TÜNEL MÜH.GELİŞTİRME KURSU - (24-28.02.2020),586950,0.559759,2026-08-12T19:10:40+03:00,2019-02-23T08:33:14+03:00,12958bc53170c0ec340829fddc82bbd374bae24bfafe40379a9bb96a0cdf4617,application/vnd.openxmlformats-officedocument.presentationml.presentation,True,True,
DOC000294,TÜNEL ÖLÇÜM PLANLAMASI VE TASARIMA YÖNELİK DEĞERLENDİRMELER.pptx,TÜNEL ÖLÇÜM PLANLAMASI VE TASARIMA YÖNELİK DEĞERLENDİRMELER,.pptx,C:\Users\bulsa\OneDrive\Desktop\tunnel\TÜNEL MÜH.GELİŞTİRME KURSU - (24-28.02.2020)\TÜNEL ÖLÇÜM PLANLAMASI VE TASARIMA YÖNELİK DEĞERLENDİRMELER.pptx,TÜNEL MÜH.GELİŞTİRME KURSU - (24-28.02.2020)/TÜNEL ÖLÇÜM PLANLAMASI VE TASARIMA YÖNELİK DEĞERLENDİRMELER.pptx,TÜNEL MÜH.GELİŞTİRME KURSU - (24-28.02.2020),22220300,21.190929,2026-08-12T19:10:40+03:00,2019-02-26T14:29:14+03:00,3c433764639cd9f22e012f4842b525bc85043d6580be268943cc288c557fd1ed,application/vnd.openxmlformats-officedocument.presentationml.presentation,True,True,
DOC000295,Genel Sunum.ppt,Genel Sunum,.ppt,C:\Users\bulsa\OneDrive\Desktop\tunnel\TÜNEL MÜH.GELİŞTİRME KURSU - (24-28.02.2020)\Tünelde Özel Çözümler\Genel Sunum.ppt,TÜNEL MÜH.GELİŞTİRME KURSU - (24-28.02.2020)/Tünelde Özel Çözümler/Genel Sunum.ppt,TÜNEL MÜH.GELİŞTİRME KURSU - (24-28.02.2020)/Tünelde Özel Çözümler,43481088,41.466797,2026-08-12T19:11:05+03:00,2019-02-26T10:03:02+03:00,3393bfd254fb420205d0ed149f198d0165feb17beb514295791bca2a6cb98ea1,application/vnd.ms-powerpoint,True,True,
DOC000296,OTOYOL TÜNELİ (4 ŞERİTLİ) PORTAL TASARIMI.pptx,OTOYOL TÜNELİ (4 ŞERİTLİ) PORTAL TASARIMI,.pptx,C:\Users\bulsa\OneDrive\Desktop\tunnel\TÜNEL MÜH.GELİŞTİRME KURSU - (24-28.02.2020)\Tünelde Özel Çözümler\OTOYOL TÜNELİ (4 ŞERİTLİ) PORTAL TASARIMI.pptx,TÜNEL MÜH.GELİŞTİRME KURSU - (24-28.02.2020)/Tünelde Özel Çözümler/OTOYOL TÜNELİ (4 ŞERİTLİ) PORTAL TASARIMI.pptx,TÜNEL MÜH.GELİŞTİRME KURSU - (24-28.02.2020)/Tünelde Özel Çözümler,30535184,29.120621,2026-08-12T19:11:07+03:00,2019-02-26T09:48:34+03:00,eba6f7659063a3e0897bbd9762db5b5bfdccdfdb5a4ef6c58f0af07675131f7c,application/vnd.openxmlformats-officedocument.presentationml.presentation,True,True,
DOC000297,T-1OA.pptx,T-1OA,.pptx,C:\Users\bulsa\OneDrive\Desktop\tunnel\TÜNEL MÜH.GELİŞTİRME KURSU - (24-28.02.2020)\Tünelde Özel Çözümler\T-1OA.pptx,TÜNEL MÜH.GELİŞTİRME KURSU - (24-28.02.2020)/Tünelde Özel Çözümler/T-1OA.pptx,TÜNEL MÜH.GELİŞTİRME KURSU - (24-28.02.2020)/Tünelde Özel Çözümler,7474868,7.12859,2026-08-12T19:11:09+03:00,2019-02-26T11:21:36+03:00,392642f7733f2a4d8b5099cdad7f3e5387a8183c22988ae4733f327bb768055f,application/vnd.openxmlformats-officedocument.presentationml.presentation,True,True,
DOC000298,T1 Tüneli KY.pptx,T1 Tüneli KY,.pptx,C:\Users\bulsa\OneDrive\Desktop\tunnel\TÜNEL MÜH.GELİŞTİRME KURSU - (24-28.02.2020)\Tünelde Özel Çözümler\T1 Tüneli KY.pptx,TÜNEL MÜH.GELİŞTİRME KURSU - (24-28.02.2020)/Tünelde Özel Çözümler/T1 Tüneli KY.pptx,TÜNEL MÜH.GELİŞTİRME KURSU - (24-28.02.2020)/Tünelde Özel Çözümler,15438959,14.723739,2026-08-12T19:11:09+03:00,2019-02-26T11:20:34+03:00,01e403164c0361f59ca716cbdc834029883212f24feab0c290022d9d089ea82d,application/vnd.openxmlformats-officedocument.presentationml.presentation,True,True,
DOC000299,T1JETGROUT.pptx,T1JETGROUT,.pptx,C:\Users\bulsa\OneDrive\Desktop\tunnel\TÜNEL MÜH.GELİŞTİRME KURSU - (24-28.02.2020)\Tünelde Özel Çözümler\T1JETGROUT.pptx,TÜNEL MÜH.GELİŞTİRME KURSU - (24-28.02.2020)/Tünelde Özel Çözümler/T1JETGROUT.pptx,TÜNEL MÜH.GELİŞTİRME KURSU - (24-28.02.2020)/Tünelde Özel Çözümler,10206631,9.733802,2026-08-12T19:11:10+03:00,2019-02-26T11:22:22+03:00,88730c77ad15671b96aeb63e9fd179190595853eebdcecd0bbab9c65f98fd11e,application/vnd.openxmlformats-officedocument.presentationml.presentation,True,True,
DOC000300,T3 TÜNELİ ENJEKSİYON İPTALİ.pptm,T3 TÜNELİ ENJEKSİYON İPTALİ,.pptm,C:\Users\bulsa\OneDrive\Desktop\tunnel\TÜNEL MÜH.GELİŞTİRME KURSU - (24-28.02.2020)\Tünelde Özel Çözümler\T3 TÜNELİ ENJEKSİYON İPTALİ.pptm,TÜNEL MÜH.GELİŞTİRME KURSU - (24-28.02.2020)/Tünelde Özel Çözümler/T3 TÜNELİ ENJEKSİYON İPTALİ.pptm,TÜNEL MÜH.GELİŞTİRME KURSU - (24-28.02.2020)/Tünelde Özel Çözümler,3383546,3.226801,2026-08-12T19:11:10+03:00,2019-02-26T09:44:08+03:00,8cd77050797aeb27474ab899ffc0581177f726b127e539c71452b46c78d9dd6e,application/vnd.ms-powerpoint.presentation.macroEnabled.12,True,True,
DOC000301,Thumbs.db,Thumbs,.db,C:\Users\bulsa\OneDrive\Desktop\tunnel\TÜNEL MÜH.GELİŞTİRME KURSU - (24-28.02.2020)\Tünelde Özel Çözümler\Thumbs.db,TÜNEL MÜH.GELİŞTİRME KURSU - (24-28.02.2020)/Tünelde Özel Çözümler/Thumbs.db,TÜNEL MÜH.GELİŞTİRME KURSU - (24-28.02.2020)/Tünelde Özel Çözümler,15872,0.015137,2026-08-12T19:11:11+03:00,2024-03-11T16:06:32+03:00,a0c31079d7b46b94001a1858ff3a2ac402662c7ae7ab900fd171e93146f2381c,application/octet-stream,False,False,
DOC000302,TÜNELLERDE GÜZERGAH SEÇİMİ VE jeoteknik araştırmalar son.pptx,TÜNELLERDE GÜZERGAH SEÇİMİ VE jeoteknik araştırmalar son,.pptx,C:\Users\bulsa\OneDrive\Desktop\tunnel\TÜNEL MÜH.GELİŞTİRME KURSU - (24-28.02.2020)\TÜNELLERDE GÜZERGAH SEÇİMİ VE jeoteknik araştırmalar son.pptx,TÜNEL MÜH.GELİŞTİRME KURSU - (24-28.02.2020)/TÜNELLERDE GÜZERGAH SEÇİMİ VE jeoteknik araştırmalar son.pptx,TÜNEL MÜH.GELİŞTİRME KURSU - (24-28.02.2020),88411138,84.315432,2026-08-12T19:10:41+03:00,2020-02-23T20:57:44+03:00,1f2620af18f727fc650fba888a0b3b748ffc8a2a378ae188a892567e35d66a5a,application/vnd.openxmlformats-officedocument.presentationml.presentation,True,True,
DOC000303,Çelik Tel Donatılı Nihai Kaplama.pptx,Çelik Tel Donatılı Nihai Kaplama,.pptx,C:\Users\bulsa\OneDrive\Desktop\tunnel\TÜNEL MÜH.GELİŞTİRME KURSU - (24-28.02.2020)\Çelik Tel Donatılı Nihai Kaplama.pptx,TÜNEL MÜH.GELİŞTİRME KURSU - (24-28.02.2020)/Çelik Tel Donatılı Nihai Kaplama.pptx,TÜNEL MÜH.GELİŞTİRME KURSU - (24-28.02.2020),14996882,14.302141,2026-08-12T19:10:46+03:00,2019-11-22T13:35:21+03:00,a471cdf404ac49ee41a9476faeaa46bfde3e3d12cbc2ef9b336a2deecf875a48,application/vnd.openxmlformats-officedocument.presentationml.presentation,True,True,
DOC000304,Çelik Tel Donatılı Püskürtme Betonlar.ppt,Çelik Tel Donatılı Püskürtme Betonlar,.ppt,C:\Users\bulsa\OneDrive\Desktop\tunnel\TÜNEL MÜH.GELİŞTİRME KURSU - (24-28.02.2020)\Çelik Tel Donatılı Püskürtme Betonlar.ppt,TÜNEL MÜH.GELİŞTİRME KURSU - (24-28.02.2020)/Çelik Tel Donatılı Püskürtme Betonlar.ppt,TÜNEL MÜH.GELİŞTİRME KURSU - (24-28.02.2020),21883904,20.870117,2026-08-12T19:10:46+03:00,2019-11-22T13:34:45+03:00,98da608e9be099d6bd14e7f1f1b08d0c4274711deaca5af38db0412dfdaffc45,application/vnd.ms-powerpoint,True,True,
DOC000305,Üst yarı alt yarı.pptx,Üst yarı alt yarı,.pptx,C:\Users\bulsa\OneDrive\Desktop\tunnel\TÜNEL MÜH.GELİŞTİRME KURSU - (24-28.02.2020)\Üst yarı alt yarı.pptx,TÜNEL MÜH.GELİŞTİRME KURSU - (24-28.02.2020)/Üst yarı alt yarı.pptx,TÜNEL MÜH.GELİŞTİRME KURSU - (24-28.02.2020),7513172,7.165119,2026-08-12T19:10:47+03:00,2019-11-22T13:33:54+03:00,d7637879102d66a46987c0881ec3cbe2448070332762b0b53d685b8dbee00d1f,application/vnd.openxmlformats-officedocument.presentationml.presentation,True,True,
DOC000306,Çalışma Kapsamı Tasarısı (17.10.2025).rtf,Çalışma Kapsamı Tasarısı (17.10.2025),.rtf,C:\Users\bulsa\OneDrive\Desktop\tunnel\Çalışma Kapsamı Tasarısı (17.10.2025).rtf,Çalışma Kapsamı Tasarısı (17.10.2025).rtf,.,88528,0.084427,2026-08-12T19:11:11+03:00,2025-10-17T08:30:16+03:00,4b58fadf9915cfda3a8c37ff6b864c52f05d1f62e265607f2edcad54ffe5e71c,application/msword,True,True,
DOC000307,10.24232-jmd.344499-351159.pdf,10.24232-jmd.344499-351159,.pdf,C:\Users\bulsa\OneDrive\Desktop\tunnel\Özgür Satıcı\10.24232-jmd.344499-351159.pdf,Özgür Satıcı/10.24232-jmd.344499-351159.pdf,Özgür Satıcı,5525495,5.269523,2026-08-12T19:09:50+03:00,2021-09-30T14:48:11+03:00,1d7de282b7330457d53958c4fddbe86d9d0f5f48f582329fa166b394e527e8d3,application/pdf,True,True,
DOC000308,Differentmethodsusedinundergroundexcavationsandunderground.pdf,Differentmethodsusedinundergroundexcavationsandunderground,.pdf,C:\Users\bulsa\OneDrive\Desktop\tunnel\Özgür Satıcı\Differentmethodsusedinundergroundexcavationsandunderground.pdf,Özgür Satıcı/Differentmethodsusedinundergroundexcavationsandunderground.pdf,Özgür Satıcı,2444184,2.330956,2026-08-12T19:09:50+03:00,2021-09-30T14:48:10+03:00,c4987601a2d7857f561d166c8d26abe203dfcede12cc9f56772e3ce817350da1,application/pdf,True,True,
DOC000309,OS_JMO_DERGİ_39_1.pdf,OS_JMO_DERGİ_39_1,.pdf,C:\Users\bulsa\OneDrive\Desktop\tunnel\Özgür Satıcı\OS_JMO_DERGİ_39_1.pdf,Özgür Satıcı/OS_JMO_DERGİ_39_1.pdf,Özgür Satıcı,2981765,2.843633,2026-08-12T19:09:50+03:00,2021-09-30T14:48:11+03:00,6a4602e3a0259548e858106ec652f0d7b5933684664e75c037f918ca2a34d8e9,application/pdf,True,True,
