question_id,section_id,section_title,question_number,question,active,source_document,source_sha256
1.1-Q01,1.1,Tünelin Tanımı,1,"Tünel mühendislik açısından nasıl tanımlanır; kazı, boşluk ve destekleme kavramları tanımda nasıl yer alır?",True,question_bank_v2_draft.md,836a47141e0cd1852b4ae46b0186b98e632957254608b3a4e32faf110dc5c8b9
1.1-Q02,1.1,Tünelin Tanımı,2,"Tünel ile aç-kapa yapı, galeri, kuyu, yeraltı boşluğu ve derin yarma arasındaki ayrım nedir?",True,question_bank_v2_draft.md,836a47141e0cd1852b4ae46b0186b98e632957254608b3a4e32faf110dc5c8b9
1.1-Q03,1.1,Tünelin Tanımı,3,"Tünelin taşıyıcı sistemi olarak ""kaya/zemin–destek etkileşimi"" ne anlama gelir?",True,question_bank_v2_draft.md,836a47141e0cd1852b4ae46b0186b98e632957254608b3a4e32faf110dc5c8b9
1.1-Q04,1.1,Tünelin Tanımı,4,"Farklı disiplinler (jeoloji, geoteknik, yapı, ulaşım) tüneli hangi bakış açılarıyla tanımlar?",True,question_bank_v2_draft.md,836a47141e0cd1852b4ae46b0186b98e632957254608b3a4e32faf110dc5c8b9
1.1-Q05,1.1,Tünelin Tanımı,5,"Ulusal mevzuat ve şartnamelerde (KGM Teknik Şartnamesi, Tünel İşletme Yönetmeliği) tünel nasıl tanımlanmıştır?",True,question_bank_v2_draft.md,836a47141e0cd1852b4ae46b0186b98e632957254608b3a4e32faf110dc5c8b9
1.1-Q06,1.1,Tünelin Tanımı,6,"Uluslararası kaynaklarda (PIARC, ITA, AB 2004/54/EC direktifi) tünel tanımı ve asgari uzunluk eşikleri nelerdir?",True,question_bank_v2_draft.md,836a47141e0cd1852b4ae46b0186b98e632957254608b3a4e32faf110dc5c8b9
1.1-Q07,1.1,Tünelin Tanımı,7,"Karayolu, demiryolu, metro, su/hidrolik ve altyapı tünelleri arasındaki temel işlev farkları nelerdir?",True,question_bank_v2_draft.md,836a47141e0cd1852b4ae46b0186b98e632957254608b3a4e32faf110dc5c8b9
1.1-Q08,1.1,Tünelin Tanımı,8,"Bir tünelin temel geometrik büyüklükleri (uzunluk, kesit alanı, açıklık, örtü kalınlığı, eğim) nasıl tanımlanır?",True,question_bank_v2_draft.md,836a47141e0cd1852b4ae46b0186b98e632957254608b3a4e32faf110dc5c8b9
1.1-Q09,1.1,Tünelin Tanımı,9,"Tünel kesitinin ana bölümleri (kalot, stros, taban kemeri, kemer, ayak, portal) nelerdir?",True,question_bank_v2_draft.md,836a47141e0cd1852b4ae46b0186b98e632957254608b3a4e32faf110dc5c8b9
1.1-Q10,1.1,Tünelin Tanımı,10,"Tünel neden yapılır; hangi topoğrafik, çevresel, trafik ve ekonomik koşullar tünel çözümünü gerekli kılar?",True,question_bank_v2_draft.md,836a47141e0cd1852b4ae46b0186b98e632957254608b3a4e32faf110dc5c8b9
1.1-Q11,1.1,Tünelin Tanımı,11,"Tünel çözümünün alternatif güzergâh, yarma veya viyadük çözümlerine göre avantaj ve dezavantajları nelerdir?",True,question_bank_v2_draft.md,836a47141e0cd1852b4ae46b0186b98e632957254608b3a4e32faf110dc5c8b9
1.1-Q12,1.1,Tünelin Tanımı,12,Tek tüp ve çift tüp tünel ayrımı nasıl yapılır ve bu ayrım işletmeyi nasıl etkiler?,True,question_bank_v2_draft.md,836a47141e0cd1852b4ae46b0186b98e632957254608b3a4e32faf110dc5c8b9
1.1-Q13,1.1,Tünelin Tanımı,13,"Kısa, orta ve uzun tünel sınıflaması hangi uzunluk eşiklerine göre yapılır ve işletme gereksinimlerini nasıl belirler?",True,question_bank_v2_draft.md,836a47141e0cd1852b4ae46b0186b98e632957254608b3a4e32faf110dc5c8b9
1.1-Q14,1.1,Tünelin Tanımı,14,"Tünelin yapım, işletme ve bakım aşamalarını kapsayan yaşam döngüsü nasıl tanımlanır?",True,question_bank_v2_draft.md,836a47141e0cd1852b4ae46b0186b98e632957254608b3a4e32faf110dc5c8b9
1.1-Q15,1.1,Tünelin Tanımı,15,Tünel ile ilgili temel Türkçe–İngilizce terminoloji ve sık karıştırılan terimler nelerdir?,True,question_bank_v2_draft.md,836a47141e0cd1852b4ae46b0186b98e632957254608b3a4e32faf110dc5c8b9
1.1-Q16,1.1,Tünelin Tanımı,16,"Tünelin toplumsal ve ekonomik işlevi (erişilebilirlik, süre kazancı, güvenlik, çevre) nasıl açıklanır?",True,question_bank_v2_draft.md,836a47141e0cd1852b4ae46b0186b98e632957254608b3a4e32faf110dc5c8b9
1.1-Q17,1.1,Tünelin Tanımı,17,Türkiye'de karayolu tünellerinin ulaşım ağı içindeki yeri ve önemi nedir?,True,question_bank_v2_draft.md,836a47141e0cd1852b4ae46b0186b98e632957254608b3a4e32faf110dc5c8b9
1.2-Q01,1.2,Tünellerin Sınıflandırılması,1,"Tüneller kullanım amacına göre nasıl sınıflandırılır (karayolu, demiryolu, metro, su, enerji, altyapı, madencilik)?",True,question_bank_v2_draft.md,836a47141e0cd1852b4ae46b0186b98e632957254608b3a4e32faf110dc5c8b9
1.2-Q02,1.2,Tünellerin Sınıflandırılması,2,"Tüneller içinden geçtikleri ortama göre (kaya, yumuşak zemin, su altı) nasıl sınıflandırılır?",True,question_bank_v2_draft.md,836a47141e0cd1852b4ae46b0186b98e632957254608b3a4e32faf110dc5c8b9
1.2-Q03,1.2,Tünellerin Sınıflandırılması,3,"Tüneller yapım yöntemine göre (delme-patlatma/NATM, TBM, aç-kapa, batırma tüp, mikrotünel) nasıl sınıflandırılır?",True,question_bank_v2_draft.md,836a47141e0cd1852b4ae46b0186b98e632957254608b3a4e32faf110dc5c8b9
1.2-Q04,1.2,Tünellerin Sınıflandırılması,4,Tüneller uzunluğa göre nasıl sınıflandırılır ve uzunluk sınıfları hangi güvenlik donanımı gereksinimlerini tetikler?,True,question_bank_v2_draft.md,836a47141e0cd1852b4ae46b0186b98e632957254608b3a4e32faf110dc5c8b9
1.2-Q05,1.2,Tünellerin Sınıflandırılması,5,"Tüneller örtü kalınlığına/derinliğe göre (sığ, derin) nasıl sınıflandırılır ve bu ayrım tasarımı nasıl etkiler?",True,question_bank_v2_draft.md,836a47141e0cd1852b4ae46b0186b98e632957254608b3a4e32faf110dc5c8b9
1.2-Q06,1.2,Tünellerin Sınıflandırılması,6,"Tüneller kesit şekline göre (dairesel, at nalı, dikdörtgen, yumurta) nasıl sınıflandırılır?",True,question_bank_v2_draft.md,836a47141e0cd1852b4ae46b0186b98e632957254608b3a4e32faf110dc5c8b9
1.2-Q07,1.2,Tünellerin Sınıflandırılması,7,Kesit şekli seçimi ile zemin koşulları ve yapım yöntemi arasındaki ilişki nedir?,True,question_bank_v2_draft.md,836a47141e0cd1852b4ae46b0186b98e632957254608b3a4e32faf110dc5c8b9
1.2-Q08,1.2,Tünellerin Sınıflandırılması,8,Tek yönlü ve çift yönlü trafikli tüneller nasıl ayrılır ve bu ayrım güvenlik risklerini nasıl değiştirir?,True,question_bank_v2_draft.md,836a47141e0cd1852b4ae46b0186b98e632957254608b3a4e32faf110dc5c8b9
1.2-Q09,1.2,Tünellerin Sınıflandırılması,9,Kentsel ve kent dışı tüneller hangi açılardan farklılaşır?,True,question_bank_v2_draft.md,836a47141e0cd1852b4ae46b0186b98e632957254608b3a4e32faf110dc5c8b9
1.2-Q10,1.2,Tünellerin Sınıflandırılması,10,"Dağ tünelleri, su altı tünelleri ve kentsel sığ tüneller için tipik tasarım ve yapım farkları nelerdir?",True,question_bank_v2_draft.md,836a47141e0cd1852b4ae46b0186b98e632957254608b3a4e32faf110dc5c8b9
1.2-Q11,1.2,Tünellerin Sınıflandırılması,11,AB Direktifi 2004/54/EC ve KGM mevzuatında tünel sınıfları ve kategori tanımları nelerdir?,True,question_bank_v2_draft.md,836a47141e0cd1852b4ae46b0186b98e632957254608b3a4e32faf110dc5c8b9
1.2-Q12,1.2,Tünellerin Sınıflandırılması,12,Trafik hacmi (YOGT) ve tünel uzunluğuna dayalı sınıflandırma nasıl yapılır?,True,question_bank_v2_draft.md,836a47141e0cd1852b4ae46b0186b98e632957254608b3a4e32faf110dc5c8b9
1.2-Q13,1.2,Tünellerin Sınıflandırılması,13,Tehlikeli madde taşımacılığı açısından tüneller (ADR tünel kategorileri A–E) nasıl sınıflandırılır?,True,question_bank_v2_draft.md,836a47141e0cd1852b4ae46b0186b98e632957254608b3a4e32faf110dc5c8b9
1.2-Q14,1.2,Tünellerin Sınıflandırılması,14,Tünellerin risk sınıflaması hangi ölçütlerle yapılır?,True,question_bank_v2_draft.md,836a47141e0cd1852b4ae46b0186b98e632957254608b3a4e32faf110dc5c8b9
1.2-Q15,1.2,Tünellerin Sınıflandırılması,15,Norveç N500 ve benzeri ulusal standartlarda tünel sınıfları nasıl tanımlanır ve Türkiye uygulamasıyla nasıl karşılaştırılır?,True,question_bank_v2_draft.md,836a47141e0cd1852b4ae46b0186b98e632957254608b3a4e32faf110dc5c8b9
1.2-Q16,1.2,Tünellerin Sınıflandırılması,16,Sınıflandırma sistemleri bakım-işletme organizasyonunu ve maliyet tahminini nasıl etkiler?,True,question_bank_v2_draft.md,836a47141e0cd1852b4ae46b0186b98e632957254608b3a4e32faf110dc5c8b9
1.2-Q17,1.2,Tünellerin Sınıflandırılması,17,Türkiye'deki mevcut karayolu tünelleri bu sınıflara göre nasıl dağılır?,True,question_bank_v2_draft.md,836a47141e0cd1852b4ae46b0186b98e632957254608b3a4e32faf110dc5c8b9
1.3-Q01,1.3,Tünellerin Tarihçesi,1,"Tünelciliğin tarihsel gelişimi hangi ana dönemlere ayrılır (antik çağ, sanayi devrimi, modern dönem)?",True,question_bank_v2_draft.md,836a47141e0cd1852b4ae46b0186b98e632957254608b3a4e32faf110dc5c8b9
1.3-Q02,1.3,Tünellerin Tarihçesi,2,"Antik çağda tüneller hangi amaçlarla (su, madencilik, savunma) ve hangi tekniklerle açılmıştır?",True,question_bank_v2_draft.md,836a47141e0cd1852b4ae46b0186b98e632957254608b3a4e32faf110dc5c8b9
1.3-Q03,1.3,Tünellerin Tarihçesi,3,Barut ve dinamitin tünel kazısına girişi tünelciliği nasıl değiştirmiştir?,True,question_bank_v2_draft.md,836a47141e0cd1852b4ae46b0186b98e632957254608b3a4e32faf110dc5c8b9
1.3-Q04,1.3,Tünellerin Tarihçesi,4,Demiryolu çağı (19. yüzyıl) tünel yapımını nasıl dönüştürmüştür?,True,question_bank_v2_draft.md,836a47141e0cd1852b4ae46b0186b98e632957254608b3a4e32faf110dc5c8b9
1.3-Q05,1.3,Tünellerin Tarihçesi,5,Kalkan (shield) yönteminin ve Thames Tüneli'nin tarihsel önemi nedir?,True,question_bank_v2_draft.md,836a47141e0cd1852b4ae46b0186b98e632957254608b3a4e32faf110dc5c8b9
1.3-Q06,1.3,Tünellerin Tarihçesi,6,"Püskürtme beton, kaya bulonu ve NATM'nin ortaya çıkışı tünelciliği nasıl etkilemiştir?",True,question_bank_v2_draft.md,836a47141e0cd1852b4ae46b0186b98e632957254608b3a4e32faf110dc5c8b9
1.3-Q07,1.3,Tünellerin Tarihçesi,7,TBM teknolojisinin gelişimi hangi kilometre taşlarından geçmiştir?,True,question_bank_v2_draft.md,836a47141e0cd1852b4ae46b0186b98e632957254608b3a4e32faf110dc5c8b9
1.3-Q08,1.3,Tünellerin Tarihçesi,8,Batırma tüp tünel yönteminin tarihsel gelişimi nasıldır?,True,question_bank_v2_draft.md,836a47141e0cd1852b4ae46b0186b98e632957254608b3a4e32faf110dc5c8b9
1.3-Q09,1.3,Tünellerin Tarihçesi,9,"Tünel havalandırma, aydınlatma ve güvenlik sistemleri tarihsel olarak nasıl gelişmiştir?",True,question_bank_v2_draft.md,836a47141e0cd1852b4ae46b0186b98e632957254608b3a4e32faf110dc5c8b9
1.3-Q10,1.3,Tünellerin Tarihçesi,10,Büyük tünel felaketleri tünel güvenliği mevzuatının gelişimini nasıl etkilemiştir?,True,question_bank_v2_draft.md,836a47141e0cd1852b4ae46b0186b98e632957254608b3a4e32faf110dc5c8b9
1.3-Q11,1.3,Tünellerin Tarihçesi,11,Tünel tarihindeki teknolojik gelişmeler yapım maliyetlerini ve sürelerini nasıl değiştirmiştir?,True,question_bank_v2_draft.md,836a47141e0cd1852b4ae46b0186b98e632957254608b3a4e32faf110dc5c8b9
1.3-Q12,1.3,Tünellerin Tarihçesi,12,Türkiye tünelcilik tarihi dünya tarihçesi içinde nasıl konumlandırılır?,True,question_bank_v2_draft.md,836a47141e0cd1852b4ae46b0186b98e632957254608b3a4e32faf110dc5c8b9
1.3.1-Q01,1.3.1,Dünyadaki İlk Tüneller,1,"Bilinen en eski tüneller hangileridir; nerede, ne zaman ve hangi amaçla yapılmıştır?",True,question_bank_v2_draft.md,836a47141e0cd1852b4ae46b0186b98e632957254608b3a4e32faf110dc5c8b9
1.3.1-Q02,1.3.1,Dünyadaki İlk Tüneller,2,Babil Fırat altı geçidi ve Kudüs Siloam (Hizkiya) tüneli gibi antik örnekler için kaynaklarda hangi bilgiler yer alır?,True,question_bank_v2_draft.md,836a47141e0cd1852b4ae46b0186b98e632957254608b3a4e32faf110dc5c8b9
1.3.1-Q03,1.3.1,Dünyadaki İlk Tüneller,3,Samos Eupalinos Tüneli'nin mühendislik açısından önemi nedir?,True,question_bank_v2_draft.md,836a47141e0cd1852b4ae46b0186b98e632957254608b3a4e32faf110dc5c8b9
1.3.1-Q04,1.3.1,Dünyadaki İlk Tüneller,4,"Roma dönemi su kemeri ve yol tünelleri (Furlo, Cocceius) hangi tekniklerle açılmıştır?",True,question_bank_v2_draft.md,836a47141e0cd1852b4ae46b0186b98e632957254608b3a4e32faf110dc5c8b9
1.3.1-Q05,1.3.1,Dünyadaki İlk Tüneller,5,Kanal çağı tünelleri (Malpas Tüneli vb.) hangi yenilikleri getirmiştir?,True,question_bank_v2_draft.md,836a47141e0cd1852b4ae46b0186b98e632957254608b3a4e32faf110dc5c8b9
1.3.1-Q06,1.3.1,Dünyadaki İlk Tüneller,6,İlk demiryolu tünelleri hangileridir ve yapımlarında hangi sorunlarla karşılaşılmıştır?,True,question_bank_v2_draft.md,836a47141e0cd1852b4ae46b0186b98e632957254608b3a4e32faf110dc5c8b9
1.3.1-Q07,1.3.1,Dünyadaki İlk Tüneller,7,"Mont Cenis (Fréjus), Gotthard ve Simplon demiryolu tünellerinin tarihsel önemi nedir?",True,question_bank_v2_draft.md,836a47141e0cd1852b4ae46b0186b98e632957254608b3a4e32faf110dc5c8b9
1.3.1-Q08,1.3.1,Dünyadaki İlk Tüneller,8,Thames Tüneli ilk kalkan uygulaması olarak neden önemlidir?,True,question_bank_v2_draft.md,836a47141e0cd1852b4ae46b0186b98e632957254608b3a4e32faf110dc5c8b9
1.3.1-Q09,1.3.1,Dünyadaki İlk Tüneller,9,İlk metro tünelleri (Londra) hangi yöntemlerle yapılmıştır?,True,question_bank_v2_draft.md,836a47141e0cd1852b4ae46b0186b98e632957254608b3a4e32faf110dc5c8b9
1.3.1-Q10,1.3.1,Dünyadaki İlk Tüneller,10,Dünyanın ilk karayolu tünelleri hangileridir?,True,question_bank_v2_draft.md,836a47141e0cd1852b4ae46b0186b98e632957254608b3a4e32faf110dc5c8b9
1.3.1-Q11,1.3.1,Dünyadaki İlk Tüneller,11,"İlk tünellerde kullanılan kazı, aydınlatma ve havalandırma teknikleri nelerdir?",True,question_bank_v2_draft.md,836a47141e0cd1852b4ae46b0186b98e632957254608b3a4e32faf110dc5c8b9
1.3.1-Q12,1.3.1,Dünyadaki İlk Tüneller,12,"İlk tünellerin yapım süreleri, iş kazaları ve maliyetleri hakkında hangi bilgiler mevcuttur?",True,question_bank_v2_draft.md,836a47141e0cd1852b4ae46b0186b98e632957254608b3a4e32faf110dc5c8b9
1.3.2-Q01,1.3.2,Türkiye'de İlk Tünel,1,Anadolu'da antik dönemden kalan tünel ve yeraltı su yapıları (örneğin Titus Tüneli) hangileridir?,True,question_bank_v2_draft.md,836a47141e0cd1852b4ae46b0186b98e632957254608b3a4e32faf110dc5c8b9
1.3.2-Q02,1.3.2,Türkiye'de İlk Tünel,2,Osmanlı döneminde yapılan ilk tüneller hangileridir?,True,question_bank_v2_draft.md,836a47141e0cd1852b4ae46b0186b98e632957254608b3a4e32faf110dc5c8b9
1.3.2-Q03,1.3.2,Türkiye'de İlk Tünel,3,İstanbul Tünel (1875) dünya kentsel raylı sistem tarihinde nasıl konumlanır?,True,question_bank_v2_draft.md,836a47141e0cd1852b4ae46b0186b98e632957254608b3a4e32faf110dc5c8b9
1.3.2-Q04,1.3.2,Türkiye'de İlk Tünel,4,Anadolu ve Bağdat demiryolu hatlarındaki tüneller (Toros geçişi) hangi koşullarda yapılmıştır?,True,question_bank_v2_draft.md,836a47141e0cd1852b4ae46b0186b98e632957254608b3a4e32faf110dc5c8b9
1.3.2-Q05,1.3.2,Türkiye'de İlk Tünel,5,Cumhuriyet döneminde ilk karayolu tünelleri hangileridir ve hangi tekniklerle yapılmıştır?,True,question_bank_v2_draft.md,836a47141e0cd1852b4ae46b0186b98e632957254608b3a4e32faf110dc5c8b9
1.3.2-Q06,1.3.2,Türkiye'de İlk Tünel,6,Türkiye'de ilk tünellerin yapımında hangi yabancı ve yerli mühendislik kaynakları kullanılmıştır?,True,question_bank_v2_draft.md,836a47141e0cd1852b4ae46b0186b98e632957254608b3a4e32faf110dc5c8b9
1.3.2-Q07,1.3.2,Türkiye'de İlk Tünel,7,Eski Zigana ve Bolu Dağı gibi erken karayolu tünelleri ilk tünel tarihçesi içinde nasıl yer alır?,True,question_bank_v2_draft.md,836a47141e0cd1852b4ae46b0186b98e632957254608b3a4e32faf110dc5c8b9
1.3.2-Q08,1.3.2,Türkiye'de İlk Tünel,8,Türkiye'de ilk hidrolik ve su iletim tünelleri hangileridir?,True,question_bank_v2_draft.md,836a47141e0cd1852b4ae46b0186b98e632957254608b3a4e32faf110dc5c8b9
1.3.2-Q09,1.3.2,Türkiye'de İlk Tünel,9,"Türkiye'de tünelcilik bilgi birikiminin oluşmasında hangi kurumlar (KGM, DSİ, TCDD) rol oynamıştır?",True,question_bank_v2_draft.md,836a47141e0cd1852b4ae46b0186b98e632957254608b3a4e32faf110dc5c8b9
1.3.2-Q10,1.3.2,Türkiye'de İlk Tünel,10,Türkiye'de ilk tünellere ilişkin güvenilir arşiv ve belgesel kaynaklar nelerdir?,True,question_bank_v2_draft.md,836a47141e0cd1852b4ae46b0186b98e632957254608b3a4e32faf110dc5c8b9
1.4-Q01,1.4,En İyi Tünel Mühendislik Uygulamaları,1,"""En iyi uygulama"" kavramı tünel mühendisliğinde ne anlama gelir ve hangi ölçütlerle belirlenir?",True,question_bank_v2_draft.md,836a47141e0cd1852b4ae46b0186b98e632957254608b3a4e32faf110dc5c8b9
1.4-Q02,1.4,En İyi Tünel Mühendislik Uygulamaları,2,"Dünyadaki en uzun karayolu, demiryolu ve su altı tünelleri hangileridir ve hangi özellikleriyle öne çıkar?",True,question_bank_v2_draft.md,836a47141e0cd1852b4ae46b0186b98e632957254608b3a4e32faf110dc5c8b9
1.4-Q03,1.4,En İyi Tünel Mühendislik Uygulamaları,3,"Gotthard Baz Tüneli, Lærdal Tüneli, Kanal Tüneli ve Seikan Tüneli gibi projeler hangi mühendislik yeniliklerini içerir?",True,question_bank_v2_draft.md,836a47141e0cd1852b4ae46b0186b98e632957254608b3a4e32faf110dc5c8b9
1.4-Q04,1.4,En İyi Tünel Mühendislik Uygulamaları,4,"Uzun tünellerde güvenlik tasarımında (kaçış galerileri, paralel tüp, havalandırma) hangi en iyi uygulamalar öne çıkar?",True,question_bank_v2_draft.md,836a47141e0cd1852b4ae46b0186b98e632957254608b3a4e32faf110dc5c8b9
1.4-Q05,1.4,En İyi Tünel Mühendislik Uygulamaları,5,"Zor jeolojide (yüksek örtü, sıkışan zemin, su girişi) başarılı uygulamalar hangi yöntemleri kullanmıştır?",True,question_bank_v2_draft.md,836a47141e0cd1852b4ae46b0186b98e632957254608b3a4e32faf110dc5c8b9
1.4-Q06,1.4,En İyi Tünel Mühendislik Uygulamaları,6,Kentsel tünellerde oturma kontrolü ve yapı koruma için hangi en iyi uygulamalar vardır?,True,question_bank_v2_draft.md,836a47141e0cd1852b4ae46b0186b98e632957254608b3a4e32faf110dc5c8b9
1.4-Q07,1.4,En İyi Tünel Mühendislik Uygulamaları,7,Tünel projelerinde risk yönetimi ve sözleşme yönetimi için uluslararası en iyi uygulamalar (ITIG uygulama kodu vb.) nelerdir?,True,question_bank_v2_draft.md,836a47141e0cd1852b4ae46b0186b98e632957254608b3a4e32faf110dc5c8b9
1.4-Q08,1.4,En İyi Tünel Mühendislik Uygulamaları,8,"Tünel tasarım ve yapımında BIM, dijital ikiz ve izleme teknolojileri için örnek uygulamalar nelerdir?",True,question_bank_v2_draft.md,836a47141e0cd1852b4ae46b0186b98e632957254608b3a4e32faf110dc5c8b9
1.4-Q09,1.4,En İyi Tünel Mühendislik Uygulamaları,9,Sürdürülebilirlik ve karbon azaltımı için tünel projelerinde hangi uygulamalar (CEEQUAL vb.) benimsenmiştir?,True,question_bank_v2_draft.md,836a47141e0cd1852b4ae46b0186b98e632957254608b3a4e32faf110dc5c8b9
1.4-Q10,1.4,En İyi Tünel Mühendislik Uygulamaları,10,"İşletme ve bakımda (SCADA, olay yönetimi, planlı bakım) örnek uygulamalar hangileridir?",True,question_bank_v2_draft.md,836a47141e0cd1852b4ae46b0186b98e632957254608b3a4e32faf110dc5c8b9
1.4-Q11,1.4,En İyi Tünel Mühendislik Uygulamaları,11,Maliyet ve süre performansı açısından başarılı sayılan tünel projeleri hangileridir ve neden?,True,question_bank_v2_draft.md,836a47141e0cd1852b4ae46b0186b98e632957254608b3a4e32faf110dc5c8b9
1.4-Q12,1.4,En İyi Tünel Mühendislik Uygulamaları,12,"Norveç, İsviçre, Avusturya ve Japonya gibi ülkelerin tünelcilik yaklaşımlarının ayırt edici özellikleri nelerdir?",True,question_bank_v2_draft.md,836a47141e0cd1852b4ae46b0186b98e632957254608b3a4e32faf110dc5c8b9
1.4-Q13,1.4,En İyi Tünel Mühendislik Uygulamaları,13,"Türkiye'de uluslararası ölçekte öne çıkan tünel projeleri (Avrasya, Marmaray, Ovit, Yeni Zigana) hangileridir?",True,question_bank_v2_draft.md,836a47141e0cd1852b4ae46b0186b98e632957254608b3a4e32faf110dc5c8b9
1.4-Q14,1.4,En İyi Tünel Mühendislik Uygulamaları,14,Tünel işletmesinde kalite güvence ve performans göstergeleri için en iyi uygulamalar nelerdir?,True,question_bank_v2_draft.md,836a47141e0cd1852b4ae46b0186b98e632957254608b3a4e32faf110dc5c8b9
1.4-Q15,1.4,En İyi Tünel Mühendislik Uygulamaları,15,Uluslararası örneklerden Türkiye uygulamasına aktarılabilecek dersler nelerdir?,True,question_bank_v2_draft.md,836a47141e0cd1852b4ae46b0186b98e632957254608b3a4e32faf110dc5c8b9
1.4.1-Q01,1.4.1,Dünyada Karayolu Tünelleri,1,"Dünyadaki en uzun karayolu tünelleri hangileridir (uzunluk, ülke, açılış yılı)?",True,question_bank_v2_draft.md,836a47141e0cd1852b4ae46b0186b98e632957254608b3a4e32faf110dc5c8b9
1.4.1-Q02,1.4.1,Dünyada Karayolu Tünelleri,2,Lærdal Tüneli'nin tasarım ve işletme özellikleri nelerdir?,True,question_bank_v2_draft.md,836a47141e0cd1852b4ae46b0186b98e632957254608b3a4e32faf110dc5c8b9
1.4.1-Q03,1.4.1,Dünyada Karayolu Tünelleri,3,Gotthard Karayolu Tüneli'nin özellikleri ve 2001 yangını sonrasında alınan önlemler nelerdir?,True,question_bank_v2_draft.md,836a47141e0cd1852b4ae46b0186b98e632957254608b3a4e32faf110dc5c8b9
1.4.1-Q04,1.4.1,Dünyada Karayolu Tünelleri,4,"Alp geçişlerindeki karayolu tünelleri (Mont Blanc, Fréjus, Tauern, Arlberg) hangi özelliklere sahiptir?",True,question_bank_v2_draft.md,836a47141e0cd1852b4ae46b0186b98e632957254608b3a4e32faf110dc5c8b9
1.4.1-Q05,1.4.1,Dünyada Karayolu Tünelleri,5,"Su altı karayolu tünelleri (Ryfast, Tokyo Bay Aqua-Line, Øresund) hangi yöntemlerle yapılmıştır?",True,question_bank_v2_draft.md,836a47141e0cd1852b4ae46b0186b98e632957254608b3a4e32faf110dc5c8b9
1.4.1-Q06,1.4.1,Dünyada Karayolu Tünelleri,6,Çin'in son dönem uzun karayolu tünel projeleri hangi özellikleriyle öne çıkar?,True,question_bank_v2_draft.md,836a47141e0cd1852b4ae46b0186b98e632957254608b3a4e32faf110dc5c8b9
1.4.1-Q07,1.4.1,Dünyada Karayolu Tünelleri,7,"Kentsel karayolu tünelleri (Boston Big Dig, Madrid M-30, Stockholm) hangi sorunları çözmüştür?",True,question_bank_v2_draft.md,836a47141e0cd1852b4ae46b0186b98e632957254608b3a4e32faf110dc5c8b9
1.4.1-Q08,1.4.1,Dünyada Karayolu Tünelleri,8,Dünyada karayolu tünellerinin sayısı ve toplam uzunluğu hakkında hangi veriler mevcuttur?,True,question_bank_v2_draft.md,836a47141e0cd1852b4ae46b0186b98e632957254608b3a4e32faf110dc5c8b9
1.4.1-Q09,1.4.1,Dünyada Karayolu Tünelleri,9,"Karayolu tünelleri için ülkelere göre tasarım standartları (N500, RABT, RVS, PIARC) nasıl karşılaştırılır?",True,question_bank_v2_draft.md,836a47141e0cd1852b4ae46b0186b98e632957254608b3a4e32faf110dc5c8b9
1.4.1-Q10,1.4.1,Dünyada Karayolu Tünelleri,10,Dünyadaki karayolu tünellerinde km başına tipik yapım maliyetleri hangi aralıktadır?,True,question_bank_v2_draft.md,836a47141e0cd1852b4ae46b0186b98e632957254608b3a4e32faf110dc5c8b9
1.4.1-Q11,1.4.1,Dünyada Karayolu Tünelleri,11,Uzun karayolu tünellerinde işletme organizasyonu nasıl kurulur?,True,question_bank_v2_draft.md,836a47141e0cd1852b4ae46b0186b98e632957254608b3a4e32faf110dc5c8b9
1.4.1-Q12,1.4.1,Dünyada Karayolu Tünelleri,12,Karayolu tünellerinde geçiş ücreti ve finansman modelleri nelerdir?,True,question_bank_v2_draft.md,836a47141e0cd1852b4ae46b0186b98e632957254608b3a4e32faf110dc5c8b9
1.4.1-Q13,1.4.1,Dünyada Karayolu Tünelleri,13,Dünya karayolu tünellerinden Türkiye için hangi teknik dersler çıkarılabilir?,True,question_bank_v2_draft.md,836a47141e0cd1852b4ae46b0186b98e632957254608b3a4e32faf110dc5c8b9
1.4.2-Q01,1.4.2,Türkiye'de Karayolu Tünelleri,1,"KGM sorumluluğundaki karayolu tünellerinin sayısı, toplam uzunluğu ve bölgelere dağılımı nedir?",True,question_bank_v2_draft.md,836a47141e0cd1852b4ae46b0186b98e632957254608b3a4e32faf110dc5c8b9
1.4.2-Q02,1.4.2,Türkiye'de Karayolu Tünelleri,2,Türkiye'nin en uzun karayolu tünelleri hangileridir?,True,question_bank_v2_draft.md,836a47141e0cd1852b4ae46b0186b98e632957254608b3a4e32faf110dc5c8b9
1.4.2-Q03,1.4.2,Türkiye'de Karayolu Tünelleri,3,"Ovit Tüneli'nin yapım koşulları, yöntemi ve özellikleri nelerdir?",True,question_bank_v2_draft.md,836a47141e0cd1852b4ae46b0186b98e632957254608b3a4e32faf110dc5c8b9
1.4.2-Q04,1.4.2,Türkiye'de Karayolu Tünelleri,4,"Yeni Zigana Tüneli'nin tasarım, yapım ve işletme özellikleri nelerdir?",True,question_bank_v2_draft.md,836a47141e0cd1852b4ae46b0186b98e632957254608b3a4e32faf110dc5c8b9
1.4.2-Q05,1.4.2,Türkiye'de Karayolu Tünelleri,5,"Avrasya Tüneli'nin yapım yöntemi, finansman modeli ve işletme yapısı nasıldır?",True,question_bank_v2_draft.md,836a47141e0cd1852b4ae46b0186b98e632957254608b3a4e32faf110dc5c8b9
1.4.2-Q06,1.4.2,Türkiye'de Karayolu Tünelleri,6,Bolu Dağı Tüneli'nin yapım süreci ve karşılaşılan jeolojik sorunlar nelerdir?,True,question_bank_v2_draft.md,836a47141e0cd1852b4ae46b0186b98e632957254608b3a4e32faf110dc5c8b9
1.4.2-Q07,1.4.2,Türkiye'de Karayolu Tünelleri,7,Otoyol tünelleri ile devlet ve il yolu tünelleri hangi açılardan farklılaşır?,True,question_bank_v2_draft.md,836a47141e0cd1852b4ae46b0186b98e632957254608b3a4e32faf110dc5c8b9
1.4.2-Q08,1.4.2,Türkiye'de Karayolu Tünelleri,8,"Türkiye'de karayolu tünelleri hangi yöntemlerle (NATM, TBM, aç-kapa) yapılmaktadır ve dağılımı nedir?",True,question_bank_v2_draft.md,836a47141e0cd1852b4ae46b0186b98e632957254608b3a4e32faf110dc5c8b9
1.4.2-Q09,1.4.2,Türkiye'de Karayolu Tünelleri,9,"Türkiye'deki karayolu tünellerinde tipik kesit, uzunluk ve tüp yapısı nasıldır?",True,question_bank_v2_draft.md,836a47141e0cd1852b4ae46b0186b98e632957254608b3a4e32faf110dc5c8b9
1.4.2-Q10,1.4.2,Türkiye'de Karayolu Tünelleri,10,Türkiye'de tünel yapımının yıllara göre gelişimi ve artış eğilimi nasıldır?,True,question_bank_v2_draft.md,836a47141e0cd1852b4ae46b0186b98e632957254608b3a4e32faf110dc5c8b9
1.4.2-Q11,1.4.2,Türkiye'de Karayolu Tünelleri,11,Türkiye'de karayolu tünellerinde uygulanan güvenlik ve elektromekanik standartları nelerdir?,True,question_bank_v2_draft.md,836a47141e0cd1852b4ae46b0186b98e632957254608b3a4e32faf110dc5c8b9
1.4.2-Q12,1.4.2,Türkiye'de Karayolu Tünelleri,12,Türkiye'de tünellerin işletmesinden sorumlu kurumsal yapı nasıldır?,True,question_bank_v2_draft.md,836a47141e0cd1852b4ae46b0186b98e632957254608b3a4e32faf110dc5c8b9
1.4.2-Q13,1.4.2,Türkiye'de Karayolu Tünelleri,13,Türkiye'deki karayolu tünellerinin yapım maliyeti verileri hakkında hangi bilgiler kamuya açıktır?,True,question_bank_v2_draft.md,836a47141e0cd1852b4ae46b0186b98e632957254608b3a4e32faf110dc5c8b9
1.4.2-Q14,1.4.2,Türkiye'de Karayolu Tünelleri,14,Türkiye'de yapımı süren ve planlanan büyük tünel projeleri hangileridir?,True,question_bank_v2_draft.md,836a47141e0cd1852b4ae46b0186b98e632957254608b3a4e32faf110dc5c8b9
1.4.2-Q15,1.4.2,Türkiye'de Karayolu Tünelleri,15,Türkiye tünelciliğinin dünya ölçeğindeki konumu nasıl değerlendirilir?,True,question_bank_v2_draft.md,836a47141e0cd1852b4ae46b0186b98e632957254608b3a4e32faf110dc5c8b9
1.5-Q01,1.5,Tünel Felaketleri,1,Tünel felaketi kavramı nasıl tanımlanır; kaza ile felaket ayrımı nasıl yapılır?,True,question_bank_v2_draft.md,836a47141e0cd1852b4ae46b0186b98e632957254608b3a4e32faf110dc5c8b9
1.5-Q02,1.5,Tünel Felaketleri,2,"Tünellerde meydana gelen olaylar hangi türlere ayrılır (yangın, çarpışma, tehlikeli madde, göçük, su baskını, deprem)?",True,question_bank_v2_draft.md,836a47141e0cd1852b4ae46b0186b98e632957254608b3a4e32faf110dc5c8b9
1.5-Q03,1.5,Tünel Felaketleri,3,"Tünel yangınlarının açık alandaki yangınlardan farkı nedir; ısı, duman ve tahliye açısından hangi riskler taşır?",True,question_bank_v2_draft.md,836a47141e0cd1852b4ae46b0186b98e632957254608b3a4e32faf110dc5c8b9
1.5-Q04,1.5,Tünel Felaketleri,4,"Tünel felaketlerinin başlıca nedenleri (araç arızası, sürücü davranışı, tasarım eksikliği, işletme hatası) nelerdir?",True,question_bank_v2_draft.md,836a47141e0cd1852b4ae46b0186b98e632957254608b3a4e32faf110dc5c8b9
1.5-Q05,1.5,Tünel Felaketleri,5,Tünel felaketlerinde can kaybını belirleyen faktörler nelerdir?,True,question_bank_v2_draft.md,836a47141e0cd1852b4ae46b0186b98e632957254608b3a4e32faf110dc5c8b9
1.5-Q06,1.5,Tünel Felaketleri,6,"Tünel felaketleri sonrasında uluslararası mevzuat (AB 2004/54/EC, PIARC tavsiyeleri) nasıl değişmiştir?",True,question_bank_v2_draft.md,836a47141e0cd1852b4ae46b0186b98e632957254608b3a4e32faf110dc5c8b9
1.5-Q07,1.5,Tünel Felaketleri,7,Tünel yangınlarında duman kontrolü ve havalandırma stratejileri nelerdir?,True,question_bank_v2_draft.md,836a47141e0cd1852b4ae46b0186b98e632957254608b3a4e32faf110dc5c8b9
1.5-Q08,1.5,Tünel Felaketleri,8,"Tünel felaketlerinin ekonomik maliyeti (kapanma, onarım, dolaylı etkiler) nasıl hesaplanır?",True,question_bank_v2_draft.md,836a47141e0cd1852b4ae46b0186b98e632957254608b3a4e32faf110dc5c8b9
1.5-Q09,1.5,Tünel Felaketleri,9,"Yapım aşamasındaki tünel kazaları (göçük, patlatma, TBM kazaları) hangi nedenlerle olur?",True,question_bank_v2_draft.md,836a47141e0cd1852b4ae46b0186b98e632957254608b3a4e32faf110dc5c8b9
1.5-Q10,1.5,Tünel Felaketleri,10,Deprem ve heyelanların tünellere etkisi nedir ve örnek olaylar hangileridir?,True,question_bank_v2_draft.md,836a47141e0cd1852b4ae46b0186b98e632957254608b3a4e32faf110dc5c8b9
1.5-Q11,1.5,Tünel Felaketleri,11,"Tünel felaketlerinden çıkarılan tasarım dersleri (kaçış yolları, kaçış mesafeleri, yangın dayanımı) nelerdir?",True,question_bank_v2_draft.md,836a47141e0cd1852b4ae46b0186b98e632957254608b3a4e32faf110dc5c8b9
1.5-Q12,1.5,Tünel Felaketleri,12,"Tünel risk analizi yöntemleri (nicel risk analizi, senaryo analizi) felaketleri önlemede nasıl kullanılır?",True,question_bank_v2_draft.md,836a47141e0cd1852b4ae46b0186b98e632957254608b3a4e32faf110dc5c8b9
1.5-Q13,1.5,Tünel Felaketleri,13,Tünel işletmecisinin acil durum planı ve tatbikat yükümlülükleri nelerdir?,True,question_bank_v2_draft.md,836a47141e0cd1852b4ae46b0186b98e632957254608b3a4e32faf110dc5c8b9
1.5-Q14,1.5,Tünel Felaketleri,14,Tünel felaketlerinin istatistiksel sıklığı ve eğilimi hakkında hangi veriler vardır?,True,question_bank_v2_draft.md,836a47141e0cd1852b4ae46b0186b98e632957254608b3a4e32faf110dc5c8b9
1.5-Q15,1.5,Tünel Felaketleri,15,Felaket sonrası tünel yapısının hasar tespiti ve onarımı nasıl yapılır?,True,question_bank_v2_draft.md,836a47141e0cd1852b4ae46b0186b98e632957254608b3a4e32faf110dc5c8b9
1.5.1-Q01,1.5.1,Dünyada Gerçekleşen Önemli Tünel Felaketleri,1,"Mont Blanc Tüneli yangını (1999) nasıl gelişmiş, hangi kayıplara yol açmış ve hangi dersler çıkarılmıştır?",True,question_bank_v2_draft.md,836a47141e0cd1852b4ae46b0186b98e632957254608b3a4e32faf110dc5c8b9
1.5.1-Q02,1.5.1,Dünyada Gerçekleşen Önemli Tünel Felaketleri,2,Tauern Tüneli yangını (1999) ve Gotthard Tüneli yangını (2001) nasıl gelişmiştir?,True,question_bank_v2_draft.md,836a47141e0cd1852b4ae46b0186b98e632957254608b3a4e32faf110dc5c8b9
1.5.1-Q03,1.5.1,Dünyada Gerçekleşen Önemli Tünel Felaketleri,3,Kaprun füniküler tünel yangını (2000) hangi özellikleriyle farklıdır?,True,question_bank_v2_draft.md,836a47141e0cd1852b4ae46b0186b98e632957254608b3a4e32faf110dc5c8b9
1.5.1-Q04,1.5.1,Dünyada Gerçekleşen Önemli Tünel Felaketleri,4,Daegu metro yangını (2003) ve diğer raylı sistem tünel felaketleri hangi dersleri vermiştir?,True,question_bank_v2_draft.md,836a47141e0cd1852b4ae46b0186b98e632957254608b3a4e32faf110dc5c8b9
1.5.1-Q05,1.5.1,Dünyada Gerçekleşen Önemli Tünel Felaketleri,5,"Fréjus (2005), Viamala ve Burnley (2007) gibi diğer önemli karayolu tünel yangınları nasıl olmuştur?",True,question_bank_v2_draft.md,836a47141e0cd1852b4ae46b0186b98e632957254608b3a4e32faf110dc5c8b9
1.5.1-Q06,1.5.1,Dünyada Gerçekleşen Önemli Tünel Felaketleri,6,"Tünel yapım kazaları (Heathrow Express göçüğü 1994, Nicoll Highway 2004 vb.) nasıl gerçekleşmiştir?",True,question_bank_v2_draft.md,836a47141e0cd1852b4ae46b0186b98e632957254608b3a4e32faf110dc5c8b9
1.5.1-Q07,1.5.1,Dünyada Gerçekleşen Önemli Tünel Felaketleri,7,"Tehlikeli madde taşıyan araç kazaları (Caldecott 1982, Nihonzaka 1979) hangi sonuçları doğurmuştur?",True,question_bank_v2_draft.md,836a47141e0cd1852b4ae46b0186b98e632957254608b3a4e32faf110dc5c8b9
1.5.1-Q08,1.5.1,Dünyada Gerçekleşen Önemli Tünel Felaketleri,8,Su altı tünellerinde su baskını olayları nasıl gerçekleşmiştir?,True,question_bank_v2_draft.md,836a47141e0cd1852b4ae46b0186b98e632957254608b3a4e32faf110dc5c8b9
1.5.1-Q09,1.5.1,Dünyada Gerçekleşen Önemli Tünel Felaketleri,9,"Bu felaketlerde can kaybı, yaralanma, kapanma süresi ve maddi zarar hangi düzeydedir?",True,question_bank_v2_draft.md,836a47141e0cd1852b4ae46b0186b98e632957254608b3a4e32faf110dc5c8b9
1.5.1-Q10,1.5.1,Dünyada Gerçekleşen Önemli Tünel Felaketleri,10,"Felaket sonrası yapılan iyileştirmeler (paralel kaçış tüneli, havalandırma revizyonu, araç mesafesi kuralı) nelerdir?",True,question_bank_v2_draft.md,836a47141e0cd1852b4ae46b0186b98e632957254608b3a4e32faf110dc5c8b9
1.5.1-Q11,1.5.1,Dünyada Gerçekleşen Önemli Tünel Felaketleri,11,Felaketlerin AB tünel güvenliği direktifinin doğuşundaki rolü nedir?,True,question_bank_v2_draft.md,836a47141e0cd1852b4ae46b0186b98e632957254608b3a4e32faf110dc5c8b9
1.5.1-Q12,1.5.1,Dünyada Gerçekleşen Önemli Tünel Felaketleri,12,Dünya tünel felaketlerinin ortak nedenleri ve örüntüleri nelerdir?,True,question_bank_v2_draft.md,836a47141e0cd1852b4ae46b0186b98e632957254608b3a4e32faf110dc5c8b9
1.5.2-Q01,1.5.2,Türkiye'de Gerçekleşen Önemli Tünel Kazaları,1,Türkiye'de kayıtlara geçen önemli karayolu tünel kazaları hangileridir?,True,question_bank_v2_draft.md,836a47141e0cd1852b4ae46b0186b98e632957254608b3a4e32faf110dc5c8b9
1.5.2-Q02,1.5.2,Türkiye'de Gerçekleşen Önemli Tünel Kazaları,2,Türkiye'de karayolu tünellerinde yaşanan yangın olayları hangileridir ve nasıl müdahale edilmiştir?,True,question_bank_v2_draft.md,836a47141e0cd1852b4ae46b0186b98e632957254608b3a4e32faf110dc5c8b9
1.5.2-Q03,1.5.2,Türkiye'de Gerçekleşen Önemli Tünel Kazaları,3,"Türkiye'de tünel yapımı sırasında yaşanan kazalar (göçük, patlatma, iş kazaları) hangileridir?",True,question_bank_v2_draft.md,836a47141e0cd1852b4ae46b0186b98e632957254608b3a4e32faf110dc5c8b9
1.5.2-Q04,1.5.2,Türkiye'de Gerçekleşen Önemli Tünel Kazaları,4,Türkiye'deki tünel kazalarının nedenleri hangi kategorilerde toplanır?,True,question_bank_v2_draft.md,836a47141e0cd1852b4ae46b0186b98e632957254608b3a4e32faf110dc5c8b9
1.5.2-Q05,1.5.2,Türkiye'de Gerçekleşen Önemli Tünel Kazaları,5,Türkiye'de tünel kazalarına ilişkin istatistikler hangi kurumlarca tutulmaktadır ve ne ölçüde erişilebilirdir?,True,question_bank_v2_draft.md,836a47141e0cd1852b4ae46b0186b98e632957254608b3a4e32faf110dc5c8b9
1.5.2-Q06,1.5.2,Türkiye'de Gerçekleşen Önemli Tünel Kazaları,6,Türkiye'deki tünellerde kaza sonrası kapanma süreleri ve onarım maliyetleri nasıl olmuştur?,True,question_bank_v2_draft.md,836a47141e0cd1852b4ae46b0186b98e632957254608b3a4e32faf110dc5c8b9
1.5.2-Q07,1.5.2,Türkiye'de Gerçekleşen Önemli Tünel Kazaları,7,Türkiye'de deprem ve heyelanların tünellere etkisine dair örnekler nelerdir?,True,question_bank_v2_draft.md,836a47141e0cd1852b4ae46b0186b98e632957254608b3a4e32faf110dc5c8b9
1.5.2-Q08,1.5.2,Türkiye'de Gerçekleşen Önemli Tünel Kazaları,8,Türkiye'de tünel kazaları sonrasında mevzuat ve işletme uygulamalarında hangi değişiklikler yapılmıştır?,True,question_bank_v2_draft.md,836a47141e0cd1852b4ae46b0186b98e632957254608b3a4e32faf110dc5c8b9
1.5.2-Q09,1.5.2,Türkiye'de Gerçekleşen Önemli Tünel Kazaları,9,Tünel İşletme Yönetmeliği kaza ve acil durum yönetimi konusunda hangi hükümleri içerir?,True,question_bank_v2_draft.md,836a47141e0cd1852b4ae46b0186b98e632957254608b3a4e32faf110dc5c8b9
1.5.2-Q10,1.5.2,Türkiye'de Gerçekleşen Önemli Tünel Kazaları,10,Türkiye'deki tünellerde acil durum tatbikatları ve müdahale organizasyonu nasıl yürütülmektedir?,True,question_bank_v2_draft.md,836a47141e0cd1852b4ae46b0186b98e632957254608b3a4e32faf110dc5c8b9
1.5.2-Q11,1.5.2,Türkiye'de Gerçekleşen Önemli Tünel Kazaları,11,Türkiye tünel kazalarından çıkarılan dersler dünya örnekleriyle nasıl karşılaştırılır?,True,question_bank_v2_draft.md,836a47141e0cd1852b4ae46b0186b98e632957254608b3a4e32faf110dc5c8b9
2.1-Q01,2.1,Tünel Yapı/Destek Elemanları,1,"Tünel yapı sistemi hangi ana elemanlardan oluşur (kazı boşluğu, ön destek, kalıcı kaplama, taban kemeri, portal, yalıtım-drenaj, nişler)?",True,question_bank_v2_draft.md,836a47141e0cd1852b4ae46b0186b98e632957254608b3a4e32faf110dc5c8b9
2.1-Q02,2.1,Tünel Yapı/Destek Elemanları,2,Geçici (birincil) destek ile kalıcı (ikincil) kaplama arasındaki işlev farkı nedir?,True,question_bank_v2_draft.md,836a47141e0cd1852b4ae46b0186b98e632957254608b3a4e32faf110dc5c8b9
2.1-Q03,2.1,Tünel Yapı/Destek Elemanları,3,Kaya/zemin–destek etkileşimi ve yük paylaşımı ilkesi nasıl açıklanır?,True,question_bank_v2_draft.md,836a47141e0cd1852b4ae46b0186b98e632957254608b3a4e32faf110dc5c8b9
2.1-Q04,2.1,Tünel Yapı/Destek Elemanları,4,"Kalıcı iç kaplama türleri (yerinde dökme beton, segment, kalıcı püskürtme beton) ve seçim ölçütleri nelerdir?",True,question_bank_v2_draft.md,836a47141e0cd1852b4ae46b0186b98e632957254608b3a4e32faf110dc5c8b9
2.1-Q05,2.1,Tünel Yapı/Destek Elemanları,5,Drenajlı ve drenajsız (su basıncına dayanan) tünel kavramları nasıl ayrılır?,True,question_bank_v2_draft.md,836a47141e0cd1852b4ae46b0186b98e632957254608b3a4e32faf110dc5c8b9
2.1-Q06,2.1,Tünel Yapı/Destek Elemanları,6,"Su yalıtım membranı, koruyucu keçe ve drenaj boruları nasıl yerleştirilir?",True,question_bank_v2_draft.md,836a47141e0cd1852b4ae46b0186b98e632957254608b3a4e32faf110dc5c8b9
2.1-Q07,2.1,Tünel Yapı/Destek Elemanları,7,Taban kemeri (invert) hangi koşullarda gereklidir ve nasıl tasarlanır?,True,question_bank_v2_draft.md,836a47141e0cd1852b4ae46b0186b98e632957254608b3a4e32faf110dc5c8b9
2.1-Q08,2.1,Tünel Yapı/Destek Elemanları,8,Portal yapıları ve portal şevleri hangi elemanlardan oluşur?,True,question_bank_v2_draft.md,836a47141e0cd1852b4ae46b0186b98e632957254608b3a4e32faf110dc5c8b9
2.1-Q09,2.1,Tünel Yapı/Destek Elemanları,9,"Tünel içi nişler, cepler, bağlantı ve kaçış galerileri nasıl konumlandırılır?",True,question_bank_v2_draft.md,836a47141e0cd1852b4ae46b0186b98e632957254608b3a4e32faf110dc5c8b9
2.1-Q10,2.1,Tünel Yapı/Destek Elemanları,10,"Kablo kanalları, kaldırımlar ve yol üstyapısı tünel yapı sistemine nasıl entegre edilir?",True,question_bank_v2_draft.md,836a47141e0cd1852b4ae46b0186b98e632957254608b3a4e32faf110dc5c8b9
2.1-Q11,2.1,Tünel Yapı/Destek Elemanları,11,"Elektromekanik ekipmanın (fan, armatür, tabela) yapıya bağlantısı nasıl tasarlanır?",True,question_bank_v2_draft.md,836a47141e0cd1852b4ae46b0186b98e632957254608b3a4e32faf110dc5c8b9
2.1-Q12,2.1,Tünel Yapı/Destek Elemanları,12,Yapı elemanlarının kalite kontrol ve kabul esasları nelerdir?,True,question_bank_v2_draft.md,836a47141e0cd1852b4ae46b0186b98e632957254608b3a4e32faf110dc5c8b9
2.1-Q13,2.1,Tünel Yapı/Destek Elemanları,13,Yapı/destek elemanlarının toplam yapım maliyeti içindeki payı nasıldır?,True,question_bank_v2_draft.md,836a47141e0cd1852b4ae46b0186b98e632957254608b3a4e32faf110dc5c8b9
2.1-Q14,2.1,Tünel Yapı/Destek Elemanları,14,Yapı elemanlarının servis ömrü ve bakım gereksinimleri nasıl farklılaşır?,True,question_bank_v2_draft.md,836a47141e0cd1852b4ae46b0186b98e632957254608b3a4e32faf110dc5c8b9
2.1-Q15,2.1,Tünel Yapı/Destek Elemanları,15,KGM Teknik Şartnamesi tünel yapı elemanları için hangi esasları belirler?,True,question_bank_v2_draft.md,836a47141e0cd1852b4ae46b0186b98e632957254608b3a4e32faf110dc5c8b9
2.1.1-Q01,2.1.1,Tünellerle İlgili Tanımlamalar,1,"Kalot, stros, taban kemeri, ayna, ilerleme adımı ve örtü kalınlığı gibi temel tünel terimleri nasıl tanımlanır?",True,question_bank_v2_draft.md,836a47141e0cd1852b4ae46b0186b98e632957254608b3a4e32faf110dc5c8b9
2.1.1-Q02,2.1.1,Tünellerle İlgili Tanımlamalar,2,"Portal, giriş yapısı, yaklaşım yarması, kaçış galerisi ve bağlantı tüneli terimleri neyi ifade eder?",True,question_bank_v2_draft.md,836a47141e0cd1852b4ae46b0186b98e632957254608b3a4e32faf110dc5c8b9
2.1.1-Q03,2.1.1,Tünellerle İlgili Tanımlamalar,3,"Konverjans, deformasyon, gevşeme bölgesi ve kemerlenme (arching) kavramları nedir?",True,question_bank_v2_draft.md,836a47141e0cd1852b4ae46b0186b98e632957254608b3a4e32faf110dc5c8b9
2.1.1-Q04,2.1.1,Tünellerle İlgili Tanımlamalar,4,"Kaya kütlesi, süreksizlik, RQD, RMR, Q ve GSI gibi kaya sınıflama terimleri nasıl tanımlanır?",True,question_bank_v2_draft.md,836a47141e0cd1852b4ae46b0186b98e632957254608b3a4e32faf110dc5c8b9
2.1.1-Q05,2.1.1,Tünellerle İlgili Tanımlamalar,5,"Sıkışan (squeezing), şişen (swelling) ve kaya patlaması (rockburst) davranışları nasıl tanımlanır?",True,question_bank_v2_draft.md,836a47141e0cd1852b4ae46b0186b98e632957254608b3a4e32faf110dc5c8b9
2.1.1-Q06,2.1.1,Tünellerle İlgili Tanımlamalar,6,"Ayna stabilitesi, yüzey oturması ve hacim kaybı kavramları nedir?",True,question_bank_v2_draft.md,836a47141e0cd1852b4ae46b0186b98e632957254608b3a4e32faf110dc5c8b9
2.1.1-Q07,2.1.1,Tünellerle İlgili Tanımlamalar,7,"NATM, ADECO-RS, TBM türleri (EPB, slurry, açık tip), aç-kapa ve batırma tüp gibi yöntem terimleri nasıl tanımlanır?",True,question_bank_v2_draft.md,836a47141e0cd1852b4ae46b0186b98e632957254608b3a4e32faf110dc5c8b9
2.1.1-Q08,2.1.1,Tünellerle İlgili Tanımlamalar,8,"Tünel havalandırma terimleri (boyuna, enine, yarı enine havalandırma, jet fan, kritik hız) nedir?",True,question_bank_v2_draft.md,836a47141e0cd1852b4ae46b0186b98e632957254608b3a4e32faf110dc5c8b9
2.1.1-Q09,2.1.1,Tünellerle İlgili Tanımlamalar,9,"Tünel aydınlatma terimleri (eşik bölgesi, geçiş bölgesi, iç bölge, L20 parlaklığı) nedir?",True,question_bank_v2_draft.md,836a47141e0cd1852b4ae46b0186b98e632957254608b3a4e32faf110dc5c8b9
2.1.1-Q10,2.1.1,Tünellerle İlgili Tanımlamalar,10,"Tünel işletme terimleri (SCADA, olay algılama, trafik yönetim merkezi, kapatma protokolü) nedir?",True,question_bank_v2_draft.md,836a47141e0cd1852b4ae46b0186b98e632957254608b3a4e32faf110dc5c8b9
2.1.1-Q11,2.1.1,Tünellerle İlgili Tanımlamalar,11,"Bakım terimleri (koruyucu, düzeltici, öngörücü bakım; muayene sınıfları) nasıl tanımlanır?",True,question_bank_v2_draft.md,836a47141e0cd1852b4ae46b0186b98e632957254608b3a4e32faf110dc5c8b9
2.1.1-Q12,2.1.1,Tünellerle İlgili Tanımlamalar,12,"Maliyet terimleri (birim fiyat, keşif, yaklaşık maliyet, metraj, iş kalemi) tünel bağlamında nasıl kullanılır?",True,question_bank_v2_draft.md,836a47141e0cd1852b4ae46b0186b98e632957254608b3a4e32faf110dc5c8b9
2.1.1-Q13,2.1.1,Tünellerle İlgili Tanımlamalar,13,Türkçe–İngilizce tünel terminolojisi için başvurulabilecek kaynaklar nelerdir?,True,question_bank_v2_draft.md,836a47141e0cd1852b4ae46b0186b98e632957254608b3a4e32faf110dc5c8b9
2.1.2-Q01,2.1.2,Tünel Destekleme Elemanları,1,"Püskürtme beton için karışım, kalınlık, lif takviyesi, uygulama ve kalite kontrol esasları nelerdir?",True,question_bank_v2_draft.md,836a47141e0cd1852b4ae46b0186b98e632957254608b3a4e32faf110dc5c8b9
2.1.2-Q02,2.1.2,Tünel Destekleme Elemanları,2,Hasır çelik ve çelik lif takviyesi püskürtme betonda nasıl kullanılır?,True,question_bank_v2_draft.md,836a47141e0cd1852b4ae46b0186b98e632957254608b3a4e32faf110dc5c8b9
2.1.2-Q03,2.1.2,Tünel Destekleme Elemanları,3,"Kaya bulonu türleri (SN, Swellex, kendinden delmeli, harçlı, mekanik ankrajlı) ve seçim ölçütleri nelerdir?",True,question_bank_v2_draft.md,836a47141e0cd1852b4ae46b0186b98e632957254608b3a4e32faf110dc5c8b9
2.1.2-Q04,2.1.2,Tünel Destekleme Elemanları,4,"Bulon boyu, aralığı ve öngerme değerleri nasıl belirlenir?",True,question_bank_v2_draft.md,836a47141e0cd1852b4ae46b0186b98e632957254608b3a4e32faf110dc5c8b9
2.1.2-Q05,2.1.2,Tünel Destekleme Elemanları,5,Çelik iksa ve kafes kiriş (lattice girder) türleri ve montaj esasları nelerdir?,True,question_bank_v2_draft.md,836a47141e0cd1852b4ae46b0186b98e632957254608b3a4e32faf110dc5c8b9
2.1.2-Q06,2.1.2,Tünel Destekleme Elemanları,6,"Süren (forepoling), boru şemsiye ve ayna bulonları hangi zemin koşullarında uygulanır?",True,question_bank_v2_draft.md,836a47141e0cd1852b4ae46b0186b98e632957254608b3a4e32faf110dc5c8b9
2.1.2-Q07,2.1.2,Tünel Destekleme Elemanları,7,"Ayna desteklemesi (ayna püskürtme betonu, fiberglas ayna bulonu) nasıl yapılır?",True,question_bank_v2_draft.md,836a47141e0cd1852b4ae46b0186b98e632957254608b3a4e32faf110dc5c8b9
2.1.2-Q08,2.1.2,Tünel Destekleme Elemanları,8,"Zemin dondurma, jet grout ve enjeksiyon destek sistemi olarak nasıl kullanılır?",True,question_bank_v2_draft.md,836a47141e0cd1852b4ae46b0186b98e632957254608b3a4e32faf110dc5c8b9
2.1.2-Q09,2.1.2,Tünel Destekleme Elemanları,9,"Segment kaplama (TBM tünelleri) tasarımı, birleşim detayları ve contaları nasıldır?",True,question_bank_v2_draft.md,836a47141e0cd1852b4ae46b0186b98e632957254608b3a4e32faf110dc5c8b9
2.1.2-Q10,2.1.2,Tünel Destekleme Elemanları,10,Yerinde dökme beton kaplamada kalıp sistemleri ve beton sınıfı nasıl seçilir?,True,question_bank_v2_draft.md,836a47141e0cd1852b4ae46b0186b98e632957254608b3a4e32faf110dc5c8b9
2.1.2-Q11,2.1.2,Tünel Destekleme Elemanları,11,"Destekleme sınıfları (NATM sınıfları, KGM kaya sınıfları) hangi destek kombinasyonlarını tanımlar?",True,question_bank_v2_draft.md,836a47141e0cd1852b4ae46b0186b98e632957254608b3a4e32faf110dc5c8b9
2.1.2-Q12,2.1.2,Tünel Destekleme Elemanları,12,Destek elemanlarının kurulum sırası ile ilerleme adımı arasındaki ilişki nasıldır?,True,question_bank_v2_draft.md,836a47141e0cd1852b4ae46b0186b98e632957254608b3a4e32faf110dc5c8b9
2.1.2-Q13,2.1.2,Tünel Destekleme Elemanları,13,"Destek elemanlarında kalite kontrol ve deneyler (bulon çekme deneyi, beton dayanımı) nasıl yapılır?",True,question_bank_v2_draft.md,836a47141e0cd1852b4ae46b0186b98e632957254608b3a4e32faf110dc5c8b9
2.1.2-Q14,2.1.2,Tünel Destekleme Elemanları,14,Destek elemanlarının birim fiyatları ve toplam maliyet içindeki ağırlıkları nasıl değerlendirilir?,True,question_bank_v2_draft.md,836a47141e0cd1852b4ae46b0186b98e632957254608b3a4e32faf110dc5c8b9
2.1.2-Q15,2.1.2,Tünel Destekleme Elemanları,15,Destekleme sistemlerindeki yetersizlik ve göçük örnekleri hangi dersleri vermiştir?,True,question_bank_v2_draft.md,836a47141e0cd1852b4ae46b0186b98e632957254608b3a4e32faf110dc5c8b9
2.2-Q01,2.2,Tünel Yapım Yöntemleri,1,Tünel yapım yöntemleri hangi ana gruplara ayrılır?,True,question_bank_v2_draft.md,836a47141e0cd1852b4ae46b0186b98e632957254608b3a4e32faf110dc5c8b9
2.2-Q02,2.2,Tünel Yapım Yöntemleri,2,"Yöntem seçimini belirleyen faktörler (jeoloji, uzunluk, kesit, çevre, maliyet, süre) nelerdir?",True,question_bank_v2_draft.md,836a47141e0cd1852b4ae46b0186b98e632957254608b3a4e32faf110dc5c8b9
2.2-Q03,2.2,Tünel Yapım Yöntemleri,3,"Delme-patlatma yöntemi nasıl uygulanır; delik düzeni, patlayıcı seçimi ve ateşleme esasları nelerdir?",True,question_bank_v2_draft.md,836a47141e0cd1852b4ae46b0186b98e632957254608b3a4e32faf110dc5c8b9
2.2-Q04,2.2,Tünel Yapım Yöntemleri,4,NATM'nin temel ilkeleri nelerdir ve gözlemsel yaklaşım nasıl işler?,True,question_bank_v2_draft.md,836a47141e0cd1852b4ae46b0186b98e632957254608b3a4e32faf110dc5c8b9
2.2-Q05,2.2,Tünel Yapım Yöntemleri,5,"Mekanik kazı (roadheader, kazı makineleri) hangi koşullarda tercih edilir?",True,question_bank_v2_draft.md,836a47141e0cd1852b4ae46b0186b98e632957254608b3a4e32faf110dc5c8b9
2.2-Q06,2.2,Tünel Yapım Yöntemleri,6,"TBM türleri (açık tip, tek/çift kalkanlı, EPB, slurry) ve kullanım alanları nelerdir?",True,question_bank_v2_draft.md,836a47141e0cd1852b4ae46b0186b98e632957254608b3a4e32faf110dc5c8b9
2.2-Q07,2.2,Tünel Yapım Yöntemleri,7,Aç-kapa yöntemi nasıl uygulanır; aşağıdan yukarı ve yukarıdan aşağı (top-down) yaklaşımı nedir?,True,question_bank_v2_draft.md,836a47141e0cd1852b4ae46b0186b98e632957254608b3a4e32faf110dc5c8b9
2.2-Q08,2.2,Tünel Yapım Yöntemleri,8,Batırma tüp tünel yöntemi nasıl uygulanır?,True,question_bank_v2_draft.md,836a47141e0cd1852b4ae46b0186b98e632957254608b3a4e32faf110dc5c8b9
2.2-Q09,2.2,Tünel Yapım Yöntemleri,9,Mikrotünel ve boru itme yöntemleri hangi projelerde kullanılır?,True,question_bank_v2_draft.md,836a47141e0cd1852b4ae46b0186b98e632957254608b3a4e32faf110dc5c8b9
2.2-Q10,2.2,Tünel Yapım Yöntemleri,10,"Tam kesit, yarım kesit (kalot-stros) ve çoklu galeri kazı düzenleri ne zaman uygulanır?",True,question_bank_v2_draft.md,836a47141e0cd1852b4ae46b0186b98e632957254608b3a4e32faf110dc5c8b9
2.2-Q11,2.2,Tünel Yapım Yöntemleri,11,Yöntemlerin ilerleme hızları ve tipik günlük/aylık ilerleme değerleri nelerdir?,True,question_bank_v2_draft.md,836a47141e0cd1852b4ae46b0186b98e632957254608b3a4e32faf110dc5c8b9
2.2-Q12,2.2,Tünel Yapım Yöntemleri,12,Yöntemlerin maliyet karşılaştırması nasıl yapılır; TBM hangi uzunlukta ekonomik olur?,True,question_bank_v2_draft.md,836a47141e0cd1852b4ae46b0186b98e632957254608b3a4e32faf110dc5c8b9
2.2-Q13,2.2,Tünel Yapım Yöntemleri,13,Yöntemlerin iş güvenliği ve çevresel etkileri nasıl karşılaştırılır?,True,question_bank_v2_draft.md,836a47141e0cd1852b4ae46b0186b98e632957254608b3a4e32faf110dc5c8b9
2.2-Q14,2.2,Tünel Yapım Yöntemleri,14,Kazı sırasında ölçüm-izleme sonuçlarına göre destek uyarlaması nasıl yapılır?,True,question_bank_v2_draft.md,836a47141e0cd1852b4ae46b0186b98e632957254608b3a4e32faf110dc5c8b9
2.2-Q15,2.2,Tünel Yapım Yöntemleri,15,Türkiye'de karayolu tünellerinde hangi yöntemler yaygındır ve neden?,True,question_bank_v2_draft.md,836a47141e0cd1852b4ae46b0186b98e632957254608b3a4e32faf110dc5c8b9
2.2-Q16,2.2,Tünel Yapım Yöntemleri,16,KGM Teknik Şartnamesi tünel yapım yöntemleri için hangi esasları belirler?,True,question_bank_v2_draft.md,836a47141e0cd1852b4ae46b0186b98e632957254608b3a4e32faf110dc5c8b9
2.2.1-Q01,2.2.1,Kayaç Zeminde Açılan Tüneller,1,"Kaya tünellerinde kaya kütlesi davranışı nasıl sınıflandırılır (RMR, Q, GSI) ve destek tasarımına nasıl dönüştürülür?",True,question_bank_v2_draft.md,836a47141e0cd1852b4ae46b0186b98e632957254608b3a4e32faf110dc5c8b9
2.2.1-Q02,2.2.1,Kayaç Zeminde Açılan Tüneller,2,"Kaya tünellerinde delme-patlatma tasarımı (kesme, kontur delikleri, düzgün patlatma) nasıl yapılır?",True,question_bank_v2_draft.md,836a47141e0cd1852b4ae46b0186b98e632957254608b3a4e32faf110dc5c8b9
2.2.1-Q03,2.2.1,Kayaç Zeminde Açılan Tüneller,3,Aşırı kazı (overbreak) ve alt kazı nasıl kontrol edilir ve maliyete etkisi nedir?,True,question_bank_v2_draft.md,836a47141e0cd1852b4ae46b0186b98e632957254608b3a4e32faf110dc5c8b9
2.2.1-Q04,2.2.1,Kayaç Zeminde Açılan Tüneller,4,"Sıkışan kaya, şişen kaya ve kaya patlaması koşullarında hangi önlemler alınır?",True,question_bank_v2_draft.md,836a47141e0cd1852b4ae46b0186b98e632957254608b3a4e32faf110dc5c8b9
2.2.1-Q05,2.2.1,Kayaç Zeminde Açılan Tüneller,5,Fay zonları ve zayıf kaya kesimlerinde geçiş nasıl yapılır?,True,question_bank_v2_draft.md,836a47141e0cd1852b4ae46b0186b98e632957254608b3a4e32faf110dc5c8b9
2.2.1-Q06,2.2.1,Kayaç Zeminde Açılan Tüneller,6,Kaya tünellerinde su girişi ve enjeksiyon uygulamaları nasıl yönetilir?,True,question_bank_v2_draft.md,836a47141e0cd1852b4ae46b0186b98e632957254608b3a4e32faf110dc5c8b9
2.2.1-Q07,2.2.1,Kayaç Zeminde Açılan Tüneller,7,Yüksek örtülü tünellerde gerilme ve sıcaklık sorunları nelerdir?,True,question_bank_v2_draft.md,836a47141e0cd1852b4ae46b0186b98e632957254608b3a4e32faf110dc5c8b9
2.2.1-Q08,2.2.1,Kayaç Zeminde Açılan Tüneller,8,"Kaya tünellerinde TBM seçimi (açık gripper, kalkanlı) ve performans tahmini nasıl yapılır?",True,question_bank_v2_draft.md,836a47141e0cd1852b4ae46b0186b98e632957254608b3a4e32faf110dc5c8b9
2.2.1-Q09,2.2.1,Kayaç Zeminde Açılan Tüneller,9,Kaya tünellerinde destek sınıfı geçişleri sahada nasıl kararlaştırılır?,True,question_bank_v2_draft.md,836a47141e0cd1852b4ae46b0186b98e632957254608b3a4e32faf110dc5c8b9
2.2.1-Q10,2.2.1,Kayaç Zeminde Açılan Tüneller,10,"Kaya tünellerinde ölçüm-izleme (konverjans, ekstansometre, yük hücresi) nasıl uygulanır?",True,question_bank_v2_draft.md,836a47141e0cd1852b4ae46b0186b98e632957254608b3a4e32faf110dc5c8b9
2.2.1-Q11,2.2.1,Kayaç Zeminde Açılan Tüneller,11,Kaya tünellerinde tipik ilerleme hızları ve maliyet düzeyleri nelerdir?,True,question_bank_v2_draft.md,836a47141e0cd1852b4ae46b0186b98e632957254608b3a4e32faf110dc5c8b9
2.2.1-Q12,2.2.1,Kayaç Zeminde Açılan Tüneller,12,Türkiye'de kaya ortamında açılan örnek tüneller ve karşılaşılan sorunlar nelerdir?,True,question_bank_v2_draft.md,836a47141e0cd1852b4ae46b0186b98e632957254608b3a4e32faf110dc5c8b9
2.2.1-Q13,2.2.1,Kayaç Zeminde Açılan Tüneller,13,"Kaya tünellerinde iş sağlığı ve güvenliği riskleri (kaya düşmesi, patlatma, toz) nasıl yönetilir?",True,question_bank_v2_draft.md,836a47141e0cd1852b4ae46b0186b98e632957254608b3a4e32faf110dc5c8b9
2.2.2-Q01,2.2.2,Yumuşak Zeminde Açılan Tüneller,1,Yumuşak zemin tünelciliği kaya tünelciliğinden hangi açılardan farklıdır?,True,question_bank_v2_draft.md,836a47141e0cd1852b4ae46b0186b98e632957254608b3a4e32faf110dc5c8b9
2.2.2-Q02,2.2.2,Yumuşak Zeminde Açılan Tüneller,2,"Zemin türü (kil, silt, kum, çakıl, dolgu) ve yeraltı suyu tünel davranışını nasıl etkiler?",True,question_bank_v2_draft.md,836a47141e0cd1852b4ae46b0186b98e632957254608b3a4e32faf110dc5c8b9
2.2.2-Q03,2.2.2,Yumuşak Zeminde Açılan Tüneller,3,Ayna stabilitesi nasıl değerlendirilir ve ayna desteği nasıl sağlanır?,True,question_bank_v2_draft.md,836a47141e0cd1852b4ae46b0186b98e632957254608b3a4e32faf110dc5c8b9
2.2.2-Q04,2.2.2,Yumuşak Zeminde Açılan Tüneller,4,"Yüzey oturması nasıl tahmin edilir (Gauss/Peck yaklaşımı, hacim kaybı) ve sınırlandırılır?",True,question_bank_v2_draft.md,836a47141e0cd1852b4ae46b0186b98e632957254608b3a4e32faf110dc5c8b9
2.2.2-Q05,2.2.2,Yumuşak Zeminde Açılan Tüneller,5,EPB ve slurry TBM'lerin yumuşak zeminde çalışma ilkeleri ve seçim ölçütleri nelerdir?,True,question_bank_v2_draft.md,836a47141e0cd1852b4ae46b0186b98e632957254608b3a4e32faf110dc5c8b9
2.2.2-Q06,2.2.2,Yumuşak Zeminde Açılan Tüneller,6,Yumuşak zeminde konvansiyonel (NATM/püskürtme beton kaplamalı) tünel açma hangi koşullarda mümkündür?,True,question_bank_v2_draft.md,836a47141e0cd1852b4ae46b0186b98e632957254608b3a4e32faf110dc5c8b9
2.2.2-Q07,2.2.2,Yumuşak Zeminde Açılan Tüneller,7,"Boru şemsiye, jet grout ve zemin dondurma gibi ön destek yöntemleri nasıl uygulanır?",True,question_bank_v2_draft.md,836a47141e0cd1852b4ae46b0186b98e632957254608b3a4e32faf110dc5c8b9
2.2.2-Q08,2.2.2,Yumuşak Zeminde Açılan Tüneller,8,Sığ ve kentsel tünellerde bina ve altyapı koruma önlemleri nelerdir?,True,question_bank_v2_draft.md,836a47141e0cd1852b4ae46b0186b98e632957254608b3a4e32faf110dc5c8b9
2.2.2-Q09,2.2.2,Yumuşak Zeminde Açılan Tüneller,9,Segment kaplama ve boşluk enjeksiyonu nasıl yapılır?,True,question_bank_v2_draft.md,836a47141e0cd1852b4ae46b0186b98e632957254608b3a4e32faf110dc5c8b9
2.2.2-Q10,2.2.2,Yumuşak Zeminde Açılan Tüneller,10,Yumuşak zemin tünellerinde ölçüm-izleme programı nasıl kurulur?,True,question_bank_v2_draft.md,836a47141e0cd1852b4ae46b0186b98e632957254608b3a4e32faf110dc5c8b9
2.2.2-Q11,2.2.2,Yumuşak Zeminde Açılan Tüneller,11,Yumuşak zeminde tünel maliyetlerini artıran faktörler nelerdir?,True,question_bank_v2_draft.md,836a47141e0cd1852b4ae46b0186b98e632957254608b3a4e32faf110dc5c8b9
2.2.2-Q12,2.2.2,Yumuşak Zeminde Açılan Tüneller,12,Türkiye'deki yumuşak zemin tünel örnekleri (İstanbul metro tünelleri vb.) hangi sorunlarla karşılaşmıştır?,True,question_bank_v2_draft.md,836a47141e0cd1852b4ae46b0186b98e632957254608b3a4e32faf110dc5c8b9
2.2.2-Q13,2.2.2,Yumuşak Zeminde Açılan Tüneller,13,Yumuşak zemin tünellerinde göçük ve oturma kaynaklı kaza örnekleri nelerdir?,True,question_bank_v2_draft.md,836a47141e0cd1852b4ae46b0186b98e632957254608b3a4e32faf110dc5c8b9
2.2.3-Q01,2.2.3,Su Altında Açılan Tüneller,1,"Su altı tünelleri hangi yöntemlerle (batırma tüp, TBM ile delme, kaya altından delme-patlatma) yapılır?",True,question_bank_v2_draft.md,836a47141e0cd1852b4ae46b0186b98e632957254608b3a4e32faf110dc5c8b9
2.2.3-Q02,2.2.3,Su Altında Açılan Tüneller,2,"Batırma tüp yönteminde eleman üretimi, yüzdürme, batırma ve birleştirme adımları nasıldır?",True,question_bank_v2_draft.md,836a47141e0cd1852b4ae46b0186b98e632957254608b3a4e32faf110dc5c8b9
2.2.3-Q03,2.2.3,Su Altında Açılan Tüneller,3,"Su altı TBM tünellerinde yüksek su basıncına karşı hangi önlemler (hiperbarik müdahale, conta tasarımı) alınır?",True,question_bank_v2_draft.md,836a47141e0cd1852b4ae46b0186b98e632957254608b3a4e32faf110dc5c8b9
2.2.3-Q04,2.2.3,Su Altında Açılan Tüneller,4,Su altı tünellerinde su sızıntısı ve yalıtım nasıl sağlanır?,True,question_bank_v2_draft.md,836a47141e0cd1852b4ae46b0186b98e632957254608b3a4e32faf110dc5c8b9
2.2.3-Q05,2.2.3,Su Altında Açılan Tüneller,5,Su altı tünellerinde deprem tasarımı (sismik derz/bilezik) nasıl yapılır?,True,question_bank_v2_draft.md,836a47141e0cd1852b4ae46b0186b98e632957254608b3a4e32faf110dc5c8b9
2.2.3-Q06,2.2.3,Su Altında Açılan Tüneller,6,"Su altı tünellerinde havalandırma, drenaj ve pompalama gereksinimleri nasıl farklılaşır?",True,question_bank_v2_draft.md,836a47141e0cd1852b4ae46b0186b98e632957254608b3a4e32faf110dc5c8b9
2.2.3-Q07,2.2.3,Su Altında Açılan Tüneller,7,Su altı tünellerinin yapım maliyeti ve maliyet etkenleri nelerdir?,True,question_bank_v2_draft.md,836a47141e0cd1852b4ae46b0186b98e632957254608b3a4e32faf110dc5c8b9
2.2.3-Q08,2.2.3,Su Altında Açılan Tüneller,8,"Dünyadaki önemli su altı tünelleri (Kanal Tüneli, Seikan, Øresund, Ryfast) hangi yöntemlerle yapılmıştır?",True,question_bank_v2_draft.md,836a47141e0cd1852b4ae46b0186b98e632957254608b3a4e32faf110dc5c8b9
2.2.3-Q09,2.2.3,Su Altında Açılan Tüneller,9,Marmaray ve Avrasya Tüneli'nin su altı geçişleri nasıl tasarlanmış ve yapılmıştır?,True,question_bank_v2_draft.md,836a47141e0cd1852b4ae46b0186b98e632957254608b3a4e32faf110dc5c8b9
2.2.3-Q10,2.2.3,Su Altında Açılan Tüneller,10,Su altı tünellerinde işletme ve bakım açısından özel gereksinimler nelerdir?,True,question_bank_v2_draft.md,836a47141e0cd1852b4ae46b0186b98e632957254608b3a4e32faf110dc5c8b9
2.2.3-Q11,2.2.3,Su Altında Açılan Tüneller,11,Su altı tünellerinde yaşanan su baskını ve kaza örnekleri hangi dersleri vermiştir?,True,question_bank_v2_draft.md,836a47141e0cd1852b4ae46b0186b98e632957254608b3a4e32faf110dc5c8b9
2.3-Q01,2.3,Tünellerin Yapım Maliyetine Etki Eden Unsurlar,1,"Tünel yapım maliyetinin ana bileşenleri (kazı, destek, kaplama, yalıtım, elektromekanik, portal, şantiye) nelerdir?",True,question_bank_v2_draft.md,836a47141e0cd1852b4ae46b0186b98e632957254608b3a4e32faf110dc5c8b9
2.3-Q02,2.3,Tünellerin Yapım Maliyetine Etki Eden Unsurlar,2,Jeolojik ve geoteknik koşullar yapım maliyetini nasıl etkiler?,True,question_bank_v2_draft.md,836a47141e0cd1852b4ae46b0186b98e632957254608b3a4e32faf110dc5c8b9
2.3-Q03,2.3,Tünellerin Yapım Maliyetine Etki Eden Unsurlar,3,"Tünel uzunluğu, kesit alanı ve tüp sayısı ile maliyet arasındaki ilişki nedir?",True,question_bank_v2_draft.md,836a47141e0cd1852b4ae46b0186b98e632957254608b3a4e32faf110dc5c8b9
2.3-Q04,2.3,Tünellerin Yapım Maliyetine Etki Eden Unsurlar,4,"Yapım yöntemi seçimi (NATM, TBM, aç-kapa) maliyeti nasıl değiştirir?",True,question_bank_v2_draft.md,836a47141e0cd1852b4ae46b0186b98e632957254608b3a4e32faf110dc5c8b9
2.3-Q05,2.3,Tünellerin Yapım Maliyetine Etki Eden Unsurlar,5,Yeraltı suyu ve drenaj gereksinimleri maliyeti nasıl etkiler?,True,question_bank_v2_draft.md,836a47141e0cd1852b4ae46b0186b98e632957254608b3a4e32faf110dc5c8b9
2.3-Q06,2.3,Tünellerin Yapım Maliyetine Etki Eden Unsurlar,6,Aşırı kazı (overbreak) maliyete nasıl yansır?,True,question_bank_v2_draft.md,836a47141e0cd1852b4ae46b0186b98e632957254608b3a4e32faf110dc5c8b9
2.3-Q07,2.3,Tünellerin Yapım Maliyetine Etki Eden Unsurlar,7,Destek sınıfı dağılımının tahmin edilenden farklı çıkması maliyeti nasıl etkiler?,True,question_bank_v2_draft.md,836a47141e0cd1852b4ae46b0186b98e632957254608b3a4e32faf110dc5c8b9
2.3-Q08,2.3,Tünellerin Yapım Maliyetine Etki Eden Unsurlar,8,Elektromekanik sistemler toplam maliyet içinde ne kadar pay alır?,True,question_bank_v2_draft.md,836a47141e0cd1852b4ae46b0186b98e632957254608b3a4e32faf110dc5c8b9
2.3-Q09,2.3,Tünellerin Yapım Maliyetine Etki Eden Unsurlar,9,"Şantiye lojistiği, erişim yolları, pasa nakli ve depolama maliyetleri nasıl belirlenir?",True,question_bank_v2_draft.md,836a47141e0cd1852b4ae46b0186b98e632957254608b3a4e32faf110dc5c8b9
2.3-Q10,2.3,Tünellerin Yapım Maliyetine Etki Eden Unsurlar,10,"İş gücü, makine-ekipman ve malzeme fiyatlarındaki değişimler maliyeti nasıl etkiler?",True,question_bank_v2_draft.md,836a47141e0cd1852b4ae46b0186b98e632957254608b3a4e32faf110dc5c8b9
2.3-Q11,2.3,Tünellerin Yapım Maliyetine Etki Eden Unsurlar,11,"Sözleşme türü ve risk paylaşımı (birim fiyat, götürü, anahtar teslim) maliyet performansını nasıl etkiler?",True,question_bank_v2_draft.md,836a47141e0cd1852b4ae46b0186b98e632957254608b3a4e32faf110dc5c8b9
2.3-Q12,2.3,Tünellerin Yapım Maliyetine Etki Eden Unsurlar,12,Süre uzaması ile maliyet artışı arasındaki ilişki nedir?,True,question_bank_v2_draft.md,836a47141e0cd1852b4ae46b0186b98e632957254608b3a4e32faf110dc5c8b9
2.3-Q13,2.3,Tünellerin Yapım Maliyetine Etki Eden Unsurlar,13,"Çevresel ve sosyal gereksinimler (gürültü, titreşim, kamulaştırma) maliyete nasıl yansır?",True,question_bank_v2_draft.md,836a47141e0cd1852b4ae46b0186b98e632957254608b3a4e32faf110dc5c8b9
2.3-Q14,2.3,Tünellerin Yapım Maliyetine Etki Eden Unsurlar,14,Tünel projelerinde maliyet aşımının yaygın nedenleri ve büyüklükleri nelerdir?,True,question_bank_v2_draft.md,836a47141e0cd1852b4ae46b0186b98e632957254608b3a4e32faf110dc5c8b9
2.3-Q15,2.3,Tünellerin Yapım Maliyetine Etki Eden Unsurlar,15,KGM birim fiyatları ve tünel iş kalemleri maliyet tahmininde nasıl kullanılır?,True,question_bank_v2_draft.md,836a47141e0cd1852b4ae46b0186b98e632957254608b3a4e32faf110dc5c8b9
2.3-Q16,2.3,Tünellerin Yapım Maliyetine Etki Eden Unsurlar,16,Türkiye'de tünel yapım maliyetlerinin km başına tipik aralığı nedir?,True,question_bank_v2_draft.md,836a47141e0cd1852b4ae46b0186b98e632957254608b3a4e32faf110dc5c8b9
2.4-Q01,2.4,Tünellerin Projelendirilmesi,1,"Tünel projelendirme süreci hangi aşamalardan oluşur (etüt, ön proje, kesin proje, uygulama projesi)?",True,question_bank_v2_draft.md,836a47141e0cd1852b4ae46b0186b98e632957254608b3a4e32faf110dc5c8b9
2.4-Q02,2.4,Tünellerin Projelendirilmesi,2,Projelendirmede hangi disiplinler yer alır ve nasıl koordine edilir?,True,question_bank_v2_draft.md,836a47141e0cd1852b4ae46b0186b98e632957254608b3a4e32faf110dc5c8b9
2.4-Q03,2.4,Tünellerin Projelendirilmesi,3,"Tünel tasarımında hangi yükler ve etkiler (kaya/zemin yükü, su basıncı, deprem, trafik) dikkate alınır?",True,question_bank_v2_draft.md,836a47141e0cd1852b4ae46b0186b98e632957254608b3a4e32faf110dc5c8b9
2.4-Q04,2.4,Tünellerin Projelendirilmesi,4,"Tünel kesit tasarımı (gabari, kaplama kalınlığı, kaçış yolu, banket) hangi esaslara göre yapılır?",True,question_bank_v2_draft.md,836a47141e0cd1852b4ae46b0186b98e632957254608b3a4e32faf110dc5c8b9
2.4-Q05,2.4,Tünellerin Projelendirilmesi,5,"Analitik, ampirik ve sayısal (sonlu elemanlar/sonlu farklar) tasarım yöntemleri nasıl kullanılır?",True,question_bank_v2_draft.md,836a47141e0cd1852b4ae46b0186b98e632957254608b3a4e32faf110dc5c8b9
2.4-Q06,2.4,Tünellerin Projelendirilmesi,6,Gözlemsel yöntem tünel tasarımında nasıl uygulanır?,True,question_bank_v2_draft.md,836a47141e0cd1852b4ae46b0186b98e632957254608b3a4e32faf110dc5c8b9
2.4-Q07,2.4,Tünellerin Projelendirilmesi,7,"Havalandırma, aydınlatma, yangın güvenliği ve elektromekanik tasarımı hangi standartlara göre yapılır?",True,question_bank_v2_draft.md,836a47141e0cd1852b4ae46b0186b98e632957254608b3a4e32faf110dc5c8b9
2.4-Q08,2.4,Tünellerin Projelendirilmesi,8,Tünel projelerinde risk kaydı ve risk yönetimi tasarıma nasıl entegre edilir?,True,question_bank_v2_draft.md,836a47141e0cd1852b4ae46b0186b98e632957254608b3a4e32faf110dc5c8b9
2.4-Q09,2.4,Tünellerin Projelendirilmesi,9,Projelendirmede kullanılan yazılımlar ve BIM uygulamaları nelerdir?,True,question_bank_v2_draft.md,836a47141e0cd1852b4ae46b0186b98e632957254608b3a4e32faf110dc5c8b9
2.4-Q10,2.4,Tünellerin Projelendirilmesi,10,"Proje teslim dokümanları (raporlar, çizimler, metraj, teknik şartname) nelerdir?",True,question_bank_v2_draft.md,836a47141e0cd1852b4ae46b0186b98e632957254608b3a4e32faf110dc5c8b9
2.4-Q11,2.4,Tünellerin Projelendirilmesi,11,Tasarımda bakım ve işletme kolaylığının gözetilmesi nasıl sağlanır?,True,question_bank_v2_draft.md,836a47141e0cd1852b4ae46b0186b98e632957254608b3a4e32faf110dc5c8b9
2.4-Q12,2.4,Tünellerin Projelendirilmesi,12,Projelendirme maliyetinin toplam proje maliyeti içindeki payı nedir?,True,question_bank_v2_draft.md,836a47141e0cd1852b4ae46b0186b98e632957254608b3a4e32faf110dc5c8b9
2.4-Q13,2.4,Tünellerin Projelendirilmesi,13,Türkiye'de tünel projelendirmesinde uygulanan yönetmelik ve şartnameler nelerdir?,True,question_bank_v2_draft.md,836a47141e0cd1852b4ae46b0186b98e632957254608b3a4e32faf110dc5c8b9
2.4-Q14,2.4,Tünellerin Projelendirilmesi,14,"Uluslararası standartlar (Eurocode 7, ITA, PIARC) Türkiye uygulamasına nasıl yansır?",True,question_bank_v2_draft.md,836a47141e0cd1852b4ae46b0186b98e632957254608b3a4e32faf110dc5c8b9
2.4.1-Q01,2.4.1,Jeolojik ve Geoteknik İncelemeler,1,Tünel projelerinde jeolojik-geoteknik incelemenin amacı ve kapsamı nedir?,True,question_bank_v2_draft.md,836a47141e0cd1852b4ae46b0186b98e632957254608b3a4e32faf110dc5c8b9
2.4.1-Q02,2.4.1,Jeolojik ve Geoteknik İncelemeler,2,"İnceleme programı proje aşamalarına (fizibilite, ön proje, kesin proje, yapım) göre nasıl kademelendirilir?",True,question_bank_v2_draft.md,836a47141e0cd1852b4ae46b0186b98e632957254608b3a4e32faf110dc5c8b9
2.4.1-Q03,2.4.1,Jeolojik ve Geoteknik İncelemeler,3,"Jeolojik haritalama, uzaktan algılama ve jeofizik yöntemler nasıl kullanılır?",True,question_bank_v2_draft.md,836a47141e0cd1852b4ae46b0186b98e632957254608b3a4e32faf110dc5c8b9
2.4.1-Q04,2.4.1,Jeolojik ve Geoteknik İncelemeler,4,"Sondaj programı (sayı, derinlik, aralık) nasıl planlanır?",True,question_bank_v2_draft.md,836a47141e0cd1852b4ae46b0186b98e632957254608b3a4e32faf110dc5c8b9
2.4.1-Q05,2.4.1,Jeolojik ve Geoteknik İncelemeler,5,"Arazi deneyleri (presiyometre, dilatometre, hidrolik iletkenlik/packer testi) neyi ölçer?",True,question_bank_v2_draft.md,836a47141e0cd1852b4ae46b0186b98e632957254608b3a4e32faf110dc5c8b9
2.4.1-Q06,2.4.1,Jeolojik ve Geoteknik İncelemeler,6,"Laboratuvar deneyleri (tek eksenli basınç, üç eksenli, kesme, şişme, aşındırıcılık) hangi parametreleri sağlar?",True,question_bank_v2_draft.md,836a47141e0cd1852b4ae46b0186b98e632957254608b3a4e32faf110dc5c8b9
2.4.1-Q07,2.4.1,Jeolojik ve Geoteknik İncelemeler,7,"Kaya kütlesi sınıflamaları (RMR, Q, GSI) nasıl uygulanır ve tasarımda nasıl kullanılır?",True,question_bank_v2_draft.md,836a47141e0cd1852b4ae46b0186b98e632957254608b3a4e32faf110dc5c8b9
2.4.1-Q08,2.4.1,Jeolojik ve Geoteknik İncelemeler,8,Yeraltı suyu koşulları ve hidrojeolojik model nasıl kurulur?,True,question_bank_v2_draft.md,836a47141e0cd1852b4ae46b0186b98e632957254608b3a4e32faf110dc5c8b9
2.4.1-Q09,2.4.1,Jeolojik ve Geoteknik İncelemeler,9,Jeolojik-geoteknik veri raporu ve temel (baseline) raporu nasıl hazırlanır ve sözleşmede nasıl kullanılır?,True,question_bank_v2_draft.md,836a47141e0cd1852b4ae46b0186b98e632957254608b3a4e32faf110dc5c8b9
2.4.1-Q10,2.4.1,Jeolojik ve Geoteknik İncelemeler,10,İnceleme yetersizliğinin yapım riskleri ve maliyete etkisi nedir?,True,question_bank_v2_draft.md,836a47141e0cd1852b4ae46b0186b98e632957254608b3a4e32faf110dc5c8b9
2.4.1-Q11,2.4.1,Jeolojik ve Geoteknik İncelemeler,11,Jeolojik belirsizlik risk paylaşımında nasıl yönetilir?,True,question_bank_v2_draft.md,836a47141e0cd1852b4ae46b0186b98e632957254608b3a4e32faf110dc5c8b9
2.4.1-Q12,2.4.1,Jeolojik ve Geoteknik İncelemeler,12,Türkiye'de tünel jeoteknik incelemeleri için KGM esasları ve rapor formatları nelerdir?,True,question_bank_v2_draft.md,836a47141e0cd1852b4ae46b0186b98e632957254608b3a4e32faf110dc5c8b9
2.4.1-Q13,2.4.1,Jeolojik ve Geoteknik İncelemeler,13,İnceleme bütçesinin proje maliyeti içindeki payı ne olmalıdır?,True,question_bank_v2_draft.md,836a47141e0cd1852b4ae46b0186b98e632957254608b3a4e32faf110dc5c8b9
2.4.1.1-Q01,2.4.1.1,İnşaat Başlamadan Önce Yapılan Çalışmalar,1,Yapım öncesi jeolojik-geoteknik çalışmalar hangi adımlardan oluşur?,True,question_bank_v2_draft.md,836a47141e0cd1852b4ae46b0186b98e632957254608b3a4e32faf110dc5c8b9
2.4.1.1-Q02,2.4.1.1,İnşaat Başlamadan Önce Yapılan Çalışmalar,2,"Masa başı çalışması (mevcut haritalar, önceki projeler, literatür) nasıl yapılır?",True,question_bank_v2_draft.md,836a47141e0cd1852b4ae46b0186b98e632957254608b3a4e32faf110dc5c8b9
2.4.1.1-Q03,2.4.1.1,İnşaat Başlamadan Önce Yapılan Çalışmalar,3,Saha jeolojik haritalaması ve süreksizlik ölçümleri nasıl yürütülür?,True,question_bank_v2_draft.md,836a47141e0cd1852b4ae46b0186b98e632957254608b3a4e32faf110dc5c8b9
2.4.1.1-Q04,2.4.1.1,İnşaat Başlamadan Önce Yapılan Çalışmalar,4,Sondaj lokasyonları ve derinlikleri tünel güzergâhına göre nasıl belirlenir?,True,question_bank_v2_draft.md,836a47141e0cd1852b4ae46b0186b98e632957254608b3a4e32faf110dc5c8b9
2.4.1.1-Q05,2.4.1.1,İnşaat Başlamadan Önce Yapılan Çalışmalar,5,"Jeofizik yöntemler (sismik kırılma, elektrik özdirenç, yer radarı) yapım öncesinde nasıl kullanılır?",True,question_bank_v2_draft.md,836a47141e0cd1852b4ae46b0186b98e632957254608b3a4e32faf110dc5c8b9
2.4.1.1-Q06,2.4.1.1,İnşaat Başlamadan Önce Yapılan Çalışmalar,6,Portal bölgelerinde şev stabilitesi incelemeleri nasıl yapılır?,True,question_bank_v2_draft.md,836a47141e0cd1852b4ae46b0186b98e632957254608b3a4e32faf110dc5c8b9
2.4.1.1-Q07,2.4.1.1,İnşaat Başlamadan Önce Yapılan Çalışmalar,7,"Yeraltı suyu ölçümleri (piezometre, pompa testi) nasıl planlanır?",True,question_bank_v2_draft.md,836a47141e0cd1852b4ae46b0186b98e632957254608b3a4e32faf110dc5c8b9
2.4.1.1-Q08,2.4.1.1,İnşaat Başlamadan Önce Yapılan Çalışmalar,8,Zemin/kaya parametrelerinin tasarım değerlerine dönüştürülmesi nasıl yapılır?,True,question_bank_v2_draft.md,836a47141e0cd1852b4ae46b0186b98e632957254608b3a4e32faf110dc5c8b9
2.4.1.1-Q09,2.4.1.1,İnşaat Başlamadan Önce Yapılan Çalışmalar,9,Beklenen kaya sınıfı dağılımı ve destek tahmini nasıl hazırlanır?,True,question_bank_v2_draft.md,836a47141e0cd1852b4ae46b0186b98e632957254608b3a4e32faf110dc5c8b9
2.4.1.1-Q10,2.4.1.1,İnşaat Başlamadan Önce Yapılan Çalışmalar,10,Jeolojik-geoteknik rapor ve jeolojik boy kesit nasıl sunulur?,True,question_bank_v2_draft.md,836a47141e0cd1852b4ae46b0186b98e632957254608b3a4e32faf110dc5c8b9
2.4.1.1-Q11,2.4.1.1,İnşaat Başlamadan Önce Yapılan Çalışmalar,11,Yapım öncesi çalışmaların maliyeti ve süresi nasıl planlanır?,True,question_bank_v2_draft.md,836a47141e0cd1852b4ae46b0186b98e632957254608b3a4e32faf110dc5c8b9
2.4.1.2-Q01,2.4.1.2,İnşaat Esnasındaki Çalışmalar,1,Yapım sırasında jeolojik-geoteknik izleme neden gereklidir?,True,question_bank_v2_draft.md,836a47141e0cd1852b4ae46b0186b98e632957254608b3a4e32faf110dc5c8b9
2.4.1.2-Q02,2.4.1.2,İnşaat Esnasındaki Çalışmalar,2,Ayna haritalaması nasıl yapılır ve kayıt altına alınır?,True,question_bank_v2_draft.md,836a47141e0cd1852b4ae46b0186b98e632957254608b3a4e32faf110dc5c8b9
2.4.1.2-Q03,2.4.1.2,İnşaat Esnasındaki Çalışmalar,3,İleri sondaj (probe drilling) ve ön enjeksiyon ne zaman uygulanır?,True,question_bank_v2_draft.md,836a47141e0cd1852b4ae46b0186b98e632957254608b3a4e32faf110dc5c8b9
2.4.1.2-Q04,2.4.1.2,İnşaat Esnasındaki Çalışmalar,4,"Konverjans, oturma ve ekstansometre ölçümleri nasıl kurulur ve değerlendirilir?",True,question_bank_v2_draft.md,836a47141e0cd1852b4ae46b0186b98e632957254608b3a4e32faf110dc5c8b9
2.4.1.2-Q05,2.4.1.2,İnşaat Esnasındaki Çalışmalar,5,Uyarı ve alarm eşik değerleri nasıl belirlenir?,True,question_bank_v2_draft.md,836a47141e0cd1852b4ae46b0186b98e632957254608b3a4e32faf110dc5c8b9
2.4.1.2-Q06,2.4.1.2,İnşaat Esnasındaki Çalışmalar,6,Destek sınıfının sahada güncellenmesi (NATM karar süreci) nasıl işler?,True,question_bank_v2_draft.md,836a47141e0cd1852b4ae46b0186b98e632957254608b3a4e32faf110dc5c8b9
2.4.1.2-Q07,2.4.1.2,İnşaat Esnasındaki Çalışmalar,7,Yeraltı suyu girişlerinin ölçümü ve yönetimi nasıl yapılır?,True,question_bank_v2_draft.md,836a47141e0cd1852b4ae46b0186b98e632957254608b3a4e32faf110dc5c8b9
2.4.1.2-Q08,2.4.1.2,İnşaat Esnasındaki Çalışmalar,8,Patlatma titreşimi ve gürültü izleme nasıl yürütülür?,True,question_bank_v2_draft.md,836a47141e0cd1852b4ae46b0186b98e632957254608b3a4e32faf110dc5c8b9
2.4.1.2-Q09,2.4.1.2,İnşaat Esnasındaki Çalışmalar,9,Yüzey yapılarının ve altyapıların izlenmesi nasıl yapılır?,True,question_bank_v2_draft.md,836a47141e0cd1852b4ae46b0186b98e632957254608b3a4e32faf110dc5c8b9
2.4.1.2-Q10,2.4.1.2,İnşaat Esnasındaki Çalışmalar,10,Yapım sırasındaki bulguların as-built jeolojik kayıt olarak belgelenmesi nasıl olur?,True,question_bank_v2_draft.md,836a47141e0cd1852b4ae46b0186b98e632957254608b3a4e32faf110dc5c8b9
2.4.1.2-Q11,2.4.1.2,İnşaat Esnasındaki Çalışmalar,11,Yapım sırasındaki izleme sonuçları ödeme ve hakediş süreçlerini nasıl etkiler?,True,question_bank_v2_draft.md,836a47141e0cd1852b4ae46b0186b98e632957254608b3a4e32faf110dc5c8b9
2.4.1.2-Q12,2.4.1.2,İnşaat Esnasındaki Çalışmalar,12,Yapım esnasındaki çalışmalar iş güvenliği açısından nasıl değerlendirilir?,True,question_bank_v2_draft.md,836a47141e0cd1852b4ae46b0186b98e632957254608b3a4e32faf110dc5c8b9
2.4.1.2-Q13,2.4.1.2,İnşaat Esnasındaki Çalışmalar,13,KGM tünel projelerinde yapım sırası izleme uygulaması nasıldır?,True,question_bank_v2_draft.md,836a47141e0cd1852b4ae46b0186b98e632957254608b3a4e32faf110dc5c8b9
2.4.1.3-Q01,2.4.1.3,Kullanım Aşaması Çalışmaları,1,İşletme aşamasında yapısal izleme neden gereklidir ve hangi büyüklükler izlenir?,True,question_bank_v2_draft.md,836a47141e0cd1852b4ae46b0186b98e632957254608b3a4e32faf110dc5c8b9
2.4.1.3-Q02,2.4.1.3,Kullanım Aşaması Çalışmaları,2,"Uzun dönem deformasyon, kaplama çatlakları ve su sızıntısı nasıl izlenir?",True,question_bank_v2_draft.md,836a47141e0cd1852b4ae46b0186b98e632957254608b3a4e32faf110dc5c8b9
2.4.1.3-Q03,2.4.1.3,Kullanım Aşaması Çalışmaları,3,"Kaplama muayeneleri (görsel, çekiç testi, yer radarı, lazer tarama) nasıl yapılır?",True,question_bank_v2_draft.md,836a47141e0cd1852b4ae46b0186b98e632957254608b3a4e32faf110dc5c8b9
2.4.1.3-Q04,2.4.1.3,Kullanım Aşaması Çalışmaları,4,İşletme aşamasında yeraltı suyu ve drenaj sisteminin izlenmesi nasıl olur?,True,question_bank_v2_draft.md,836a47141e0cd1852b4ae46b0186b98e632957254608b3a4e32faf110dc5c8b9
2.4.1.3-Q05,2.4.1.3,Kullanım Aşaması Çalışmaları,5,Sensör tabanlı sürekli yapısal izleme sistemleri tünellerde nasıl uygulanır?,True,question_bank_v2_draft.md,836a47141e0cd1852b4ae46b0186b98e632957254608b3a4e32faf110dc5c8b9
2.4.1.3-Q06,2.4.1.3,Kullanım Aşaması Çalışmaları,6,Deprem sonrası tünel muayenesi nasıl yapılır?,True,question_bank_v2_draft.md,836a47141e0cd1852b4ae46b0186b98e632957254608b3a4e32faf110dc5c8b9
2.4.1.3-Q07,2.4.1.3,Kullanım Aşaması Çalışmaları,7,İşletme verilerinin bakım planlamasına dönüştürülmesi nasıl sağlanır?,True,question_bank_v2_draft.md,836a47141e0cd1852b4ae46b0186b98e632957254608b3a4e32faf110dc5c8b9
2.4.1.3-Q08,2.4.1.3,Kullanım Aşaması Çalışmaları,8,Muayene periyotları ve raporlama esasları hangi standartlarda tanımlanır?,True,question_bank_v2_draft.md,836a47141e0cd1852b4ae46b0186b98e632957254608b3a4e32faf110dc5c8b9
2.4.1.3-Q09,2.4.1.3,Kullanım Aşaması Çalışmaları,9,"Kullanım aşamasındaki jeoteknik sorunların (şişme, oturma, portal şev hareketleri) yönetimi nasıldır?",True,question_bank_v2_draft.md,836a47141e0cd1852b4ae46b0186b98e632957254608b3a4e32faf110dc5c8b9
2.4.1.3-Q10,2.4.1.3,Kullanım Aşaması Çalışmaları,10,Tünel yaşlanması ve servis ömrü değerlendirmesi nasıl yapılır?,True,question_bank_v2_draft.md,836a47141e0cd1852b4ae46b0186b98e632957254608b3a4e32faf110dc5c8b9
2.4.1.3-Q11,2.4.1.3,Kullanım Aşaması Çalışmaları,11,Kullanım aşaması çalışmalarının maliyeti ve organizasyonu nasıldır?,True,question_bank_v2_draft.md,836a47141e0cd1852b4ae46b0186b98e632957254608b3a4e32faf110dc5c8b9
2.4.2-Q01,2.4.2,Tünel Güzergahının Seçimi ve Boykesit Belirlenmesinde Dikkat Edilecek Hususlar,1,Tünel güzergâhı seçimi hangi aşamada ve hangi kriterlerle yapılır?,True,question_bank_v2_draft.md,836a47141e0cd1852b4ae46b0186b98e632957254608b3a4e32faf110dc5c8b9
2.4.2-Q02,2.4.2,Tünel Güzergahının Seçimi ve Boykesit Belirlenmesinde Dikkat Edilecek Hususlar,2,"Güzergâh alternatiflerinin karşılaştırılmasında kullanılan yöntemler (çok kriterli analiz, fayda-maliyet) nelerdir?",True,question_bank_v2_draft.md,836a47141e0cd1852b4ae46b0186b98e632957254608b3a4e32faf110dc5c8b9
2.4.2-Q03,2.4.2,Tünel Güzergahının Seçimi ve Boykesit Belirlenmesinde Dikkat Edilecek Hususlar,3,Güzergâh ve boy kesit kararları birbirini nasıl etkiler?,True,question_bank_v2_draft.md,836a47141e0cd1852b4ae46b0186b98e632957254608b3a4e32faf110dc5c8b9
2.4.2-Q04,2.4.2,Tünel Güzergahının Seçimi ve Boykesit Belirlenmesinde Dikkat Edilecek Hususlar,4,Tünel uzunluğu ile yaklaşım yolları arasındaki optimizasyon nasıl yapılır?,True,question_bank_v2_draft.md,836a47141e0cd1852b4ae46b0186b98e632957254608b3a4e32faf110dc5c8b9
2.4.2-Q05,2.4.2,Tünel Güzergahının Seçimi ve Boykesit Belirlenmesinde Dikkat Edilecek Hususlar,5,Portal yerleşimi güzergâh ve boy kesit seçimini nasıl belirler?,True,question_bank_v2_draft.md,836a47141e0cd1852b4ae46b0186b98e632957254608b3a4e32faf110dc5c8b9
2.4.2-Q06,2.4.2,Tünel Güzergahının Seçimi ve Boykesit Belirlenmesinde Dikkat Edilecek Hususlar,6,"Jeolojik yapı (tabaka doğrultusu, fay, süreksizlikler) güzergâh yönelimini nasıl etkiler?",True,question_bank_v2_draft.md,836a47141e0cd1852b4ae46b0186b98e632957254608b3a4e32faf110dc5c8b9
2.4.2-Q07,2.4.2,Tünel Güzergahının Seçimi ve Boykesit Belirlenmesinde Dikkat Edilecek Hususlar,7,"Çevresel ve sosyal kısıtlar (koruma alanları, yerleşimler, kamulaştırma) güzergâh seçiminde nasıl değerlendirilir?",True,question_bank_v2_draft.md,836a47141e0cd1852b4ae46b0186b98e632957254608b3a4e32faf110dc5c8b9
2.4.2-Q08,2.4.2,Tünel Güzergahının Seçimi ve Boykesit Belirlenmesinde Dikkat Edilecek Hususlar,8,Güzergâh ve boy kesit kararlarının yapım ve işletme maliyetine etkisi nedir?,True,question_bank_v2_draft.md,836a47141e0cd1852b4ae46b0186b98e632957254608b3a4e32faf110dc5c8b9
2.4.2-Q09,2.4.2,Tünel Güzergahının Seçimi ve Boykesit Belirlenmesinde Dikkat Edilecek Hususlar,9,Güzergâh seçiminde KGM'nin uyguladığı esaslar nelerdir?,True,question_bank_v2_draft.md,836a47141e0cd1852b4ae46b0186b98e632957254608b3a4e32faf110dc5c8b9
2.4.2-Q10,2.4.2,Tünel Güzergahının Seçimi ve Boykesit Belirlenmesinde Dikkat Edilecek Hususlar,10,Güzergâh seçim kararları nasıl belgelenir ve onaylanır?,True,question_bank_v2_draft.md,836a47141e0cd1852b4ae46b0186b98e632957254608b3a4e32faf110dc5c8b9
2.4.2.1-Q01,2.4.2.1,Güzergah Seçiminde Dikkat Edilecek Hususlar,1,Topoğrafya ve yükseklik farkları güzergâh seçimini nasıl etkiler?,True,question_bank_v2_draft.md,836a47141e0cd1852b4ae46b0186b98e632957254608b3a4e32faf110dc5c8b9
2.4.2.1-Q02,2.4.2.1,Güzergah Seçiminde Dikkat Edilecek Hususlar,2,"Jeolojik-geoteknik riskler (fay, heyelan, karst, gaz, yüksek örtü) güzergâh seçiminde nasıl değerlendirilir?",True,question_bank_v2_draft.md,836a47141e0cd1852b4ae46b0186b98e632957254608b3a4e32faf110dc5c8b9
2.4.2.1-Q03,2.4.2.1,Güzergah Seçiminde Dikkat Edilecek Hususlar,3,Yeraltı suyu ve su kaynaklarının korunması güzergâhı nasıl kısıtlar?,True,question_bank_v2_draft.md,836a47141e0cd1852b4ae46b0186b98e632957254608b3a4e32faf110dc5c8b9
2.4.2.1-Q04,2.4.2.1,Güzergah Seçiminde Dikkat Edilecek Hususlar,4,"Mevcut yapılar, altyapılar ve madencilik alanları güzergâh seçiminde nasıl dikkate alınır?",True,question_bank_v2_draft.md,836a47141e0cd1852b4ae46b0186b98e632957254608b3a4e32faf110dc5c8b9
2.4.2.1-Q05,2.4.2.1,Güzergah Seçiminde Dikkat Edilecek Hususlar,5,"Portal bölgesi seçiminde şev stabilitesi, çığ, heyelan ve erişim koşulları nasıl değerlendirilir?",True,question_bank_v2_draft.md,836a47141e0cd1852b4ae46b0186b98e632957254608b3a4e32faf110dc5c8b9
2.4.2.1-Q06,2.4.2.1,Güzergah Seçiminde Dikkat Edilecek Hususlar,6,"Trafik güvenliği ve sürüş konforu (yatay kurp, görüş mesafesi) güzergâhı nasıl etkiler?",True,question_bank_v2_draft.md,836a47141e0cd1852b4ae46b0186b98e632957254608b3a4e32faf110dc5c8b9
2.4.2.1-Q07,2.4.2.1,Güzergah Seçiminde Dikkat Edilecek Hususlar,7,"Çevresel etki değerlendirmesi, koruma alanları ve arkeolojik alanlar nasıl gözetilir?",True,question_bank_v2_draft.md,836a47141e0cd1852b4ae46b0186b98e632957254608b3a4e32faf110dc5c8b9
2.4.2.1-Q08,2.4.2.1,Güzergah Seçiminde Dikkat Edilecek Hususlar,8,Kamulaştırma ve arazi kullanımı güzergâh maliyetine nasıl yansır?,True,question_bank_v2_draft.md,836a47141e0cd1852b4ae46b0186b98e632957254608b3a4e32faf110dc5c8b9
2.4.2.1-Q09,2.4.2.1,Güzergah Seçiminde Dikkat Edilecek Hususlar,9,"Şantiye erişimi, pasa depolama ve lojistik güzergâh seçiminde neden önemlidir?",True,question_bank_v2_draft.md,836a47141e0cd1852b4ae46b0186b98e632957254608b3a4e32faf110dc5c8b9
2.4.2.1-Q10,2.4.2.1,Güzergah Seçiminde Dikkat Edilecek Hususlar,10,Güzergâh seçiminde yapım yöntemi uygunluğu nasıl değerlendirilir?,True,question_bank_v2_draft.md,836a47141e0cd1852b4ae46b0186b98e632957254608b3a4e32faf110dc5c8b9
2.4.2.1-Q11,2.4.2.1,Güzergah Seçiminde Dikkat Edilecek Hususlar,11,Güzergâh alternatiflerinin maliyet ve risk karşılaştırması nasıl raporlanır?,True,question_bank_v2_draft.md,836a47141e0cd1852b4ae46b0186b98e632957254608b3a4e32faf110dc5c8b9
2.4.2.2-Q01,2.4.2.2,Boykesit Belirlemede Dikkat Edilecek Hususlar,1,Tünel boy kesitinde izin verilen azami ve asgari eğimler nelerdir ve neye göre belirlenir?,True,question_bank_v2_draft.md,836a47141e0cd1852b4ae46b0186b98e632957254608b3a4e32faf110dc5c8b9
2.4.2.2-Q02,2.4.2.2,Boykesit Belirlemede Dikkat Edilecek Hususlar,2,Drenaj için gerekli asgari eğim nasıl sağlanır; tek yönlü ve tepe noktalı boy kesit ne zaman tercih edilir?,True,question_bank_v2_draft.md,836a47141e0cd1852b4ae46b0186b98e632957254608b3a4e32faf110dc5c8b9
2.4.2.2-Q03,2.4.2.2,Boykesit Belirlemede Dikkat Edilecek Hususlar,3,"Boy kesit eğimi ağır taşıt hızını, egzoz emisyonunu ve havalandırma gereksinimini nasıl etkiler?",True,question_bank_v2_draft.md,836a47141e0cd1852b4ae46b0186b98e632957254608b3a4e32faf110dc5c8b9
2.4.2.2-Q04,2.4.2.2,Boykesit Belirlemede Dikkat Edilecek Hususlar,4,Boy kesit ile örtü kalınlığı ve jeolojik profil ilişkisi nasıl kurulur?,True,question_bank_v2_draft.md,836a47141e0cd1852b4ae46b0186b98e632957254608b3a4e32faf110dc5c8b9
2.4.2.2-Q05,2.4.2.2,Boykesit Belirlemede Dikkat Edilecek Hususlar,5,Portal kotları ve yaklaşım yolları boy kesit kararını nasıl sınırlar?,True,question_bank_v2_draft.md,836a47141e0cd1852b4ae46b0186b98e632957254608b3a4e32faf110dc5c8b9
2.4.2.2-Q06,2.4.2.2,Boykesit Belirlemede Dikkat Edilecek Hususlar,6,Su altı ve derin tünellerde boy kesit ve pompalama gereksinimi nasıl belirlenir?,True,question_bank_v2_draft.md,836a47141e0cd1852b4ae46b0186b98e632957254608b3a4e32faf110dc5c8b9
2.4.2.2-Q07,2.4.2.2,Boykesit Belirlemede Dikkat Edilecek Hususlar,7,Boy kesit kararının kazı hacmi ve yapım maliyetine etkisi nedir?,True,question_bank_v2_draft.md,836a47141e0cd1852b4ae46b0186b98e632957254608b3a4e32faf110dc5c8b9
2.4.2.2-Q08,2.4.2.2,Boykesit Belirlemede Dikkat Edilecek Hususlar,8,Düşey kurp ve görüş mesafesi tünel içinde nasıl sağlanır?,True,question_bank_v2_draft.md,836a47141e0cd1852b4ae46b0186b98e632957254608b3a4e32faf110dc5c8b9
2.4.2.2-Q09,2.4.2.2,Boykesit Belirlemede Dikkat Edilecek Hususlar,9,KGM esaslarında tünel boy kesiti için tanımlı sınırlar nelerdir?,True,question_bank_v2_draft.md,836a47141e0cd1852b4ae46b0186b98e632957254608b3a4e32faf110dc5c8b9
2.4.3-Q01,2.4.3,Karayolları Genel Müdürlüğünde Tünel Projelendirilmesi Esasları,1,KGM'nin tünel projelendirmesinde uyguladığı temel mevzuat ve şartnameler nelerdir?,True,question_bank_v2_draft.md,836a47141e0cd1852b4ae46b0186b98e632957254608b3a4e32faf110dc5c8b9
2.4.3-Q02,2.4.3,Karayolları Genel Müdürlüğünde Tünel Projelendirilmesi Esasları,2,KGM Karayolu Teknik Şartnamesi tünel işleri için hangi esasları tanımlar?,True,question_bank_v2_draft.md,836a47141e0cd1852b4ae46b0186b98e632957254608b3a4e32faf110dc5c8b9
2.4.3-Q03,2.4.3,Karayolları Genel Müdürlüğünde Tünel Projelendirilmesi Esasları,3,KGM tünel projelerinde kesit tipleri ve gabari standartları nasıl belirlenmiştir?,True,question_bank_v2_draft.md,836a47141e0cd1852b4ae46b0186b98e632957254608b3a4e32faf110dc5c8b9
2.4.3-Q04,2.4.3,Karayolları Genel Müdürlüğünde Tünel Projelendirilmesi Esasları,4,"KGM'de tünel proje aşamaları, onay süreçleri ve sorumlu birimler nasıldır?",True,question_bank_v2_draft.md,836a47141e0cd1852b4ae46b0186b98e632957254608b3a4e32faf110dc5c8b9
2.4.3-Q05,2.4.3,Karayolları Genel Müdürlüğünde Tünel Projelendirilmesi Esasları,5,KGM tünel projelerinde jeolojik-geoteknik rapor içeriği ve kaya sınıfı esasları nelerdir?,True,question_bank_v2_draft.md,836a47141e0cd1852b4ae46b0186b98e632957254608b3a4e32faf110dc5c8b9
2.4.3-Q06,2.4.3,Karayolları Genel Müdürlüğünde Tünel Projelendirilmesi Esasları,6,"KGM'nin tünel elektromekanik sistemleri (havalandırma, aydınlatma, güvenlik) için tasarım kriterleri nelerdir?",True,question_bank_v2_draft.md,836a47141e0cd1852b4ae46b0186b98e632957254608b3a4e32faf110dc5c8b9
2.4.3-Q07,2.4.3,Karayolları Genel Müdürlüğünde Tünel Projelendirilmesi Esasları,7,Tünel İşletme Yönetmeliği projelendirme aşamasına hangi gereklilikleri getirir?,True,question_bank_v2_draft.md,836a47141e0cd1852b4ae46b0186b98e632957254608b3a4e32faf110dc5c8b9
2.4.3-Q08,2.4.3,Karayolları Genel Müdürlüğünde Tünel Projelendirilmesi Esasları,8,KGM'de tünel projelerinde kalite kontrol planı ve muayene esasları nasıldır?,True,question_bank_v2_draft.md,836a47141e0cd1852b4ae46b0186b98e632957254608b3a4e32faf110dc5c8b9
2.4.3-Q09,2.4.3,Karayolları Genel Müdürlüğünde Tünel Projelendirilmesi Esasları,9,KGM'nin birim fiyat ve poz sistemi tünel projelendirmesine nasıl yansır?,True,question_bank_v2_draft.md,836a47141e0cd1852b4ae46b0186b98e632957254608b3a4e32faf110dc5c8b9
2.4.3-Q10,2.4.3,Karayolları Genel Müdürlüğünde Tünel Projelendirilmesi Esasları,10,"KGM tünel projelerinde uluslararası standartlara (AB direktifi, N500, PIARC) atıf nasıl yapılır?",True,question_bank_v2_draft.md,836a47141e0cd1852b4ae46b0186b98e632957254608b3a4e32faf110dc5c8b9
2.4.3-Q11,2.4.3,Karayolları Genel Müdürlüğünde Tünel Projelendirilmesi Esasları,11,KGM'de tünel projelerinde yaşanan tipik tasarım revizyonları ve nedenleri nelerdir?,True,question_bank_v2_draft.md,836a47141e0cd1852b4ae46b0186b98e632957254608b3a4e32faf110dc5c8b9
2.4.3-Q12,2.4.3,Karayolları Genel Müdürlüğünde Tünel Projelendirilmesi Esasları,12,KGM esaslarının Avrupa uygulamalarıyla karşılaştırıldığında güçlü ve gelişmeye açık yönleri nelerdir?,True,question_bank_v2_draft.md,836a47141e0cd1852b4ae46b0186b98e632957254608b3a4e32faf110dc5c8b9
3.1-Q01,3.1,Türkiye'de Karayolu Tünelciliğinin Gelişim Dönemleri,1,KGM'nin kuruluşu (1950) öncesinde Türkiye'de karayolu tünelciliği hangi düzeydeydi?,True,question_bank_v2_draft.md,836a47141e0cd1852b4ae46b0186b98e632957254608b3a4e32faf110dc5c8b9
3.1-Q02,3.1,Türkiye'de Karayolu Tünelciliğinin Gelişim Dönemleri,2,1950–1980 döneminde KGM tarafından yapılan tüneller ve kullanılan yöntemler nelerdir?,True,question_bank_v2_draft.md,836a47141e0cd1852b4ae46b0186b98e632957254608b3a4e32faf110dc5c8b9
3.1-Q03,3.1,Türkiye'de Karayolu Tünelciliğinin Gelişim Dönemleri,3,"1980–2000 döneminde (otoyol programı, Bolu Dağı) tünelcilik nasıl gelişmiştir?",True,question_bank_v2_draft.md,836a47141e0cd1852b4ae46b0186b98e632957254608b3a4e32faf110dc5c8b9
3.1-Q04,3.1,Türkiye'de Karayolu Tünelciliğinin Gelişim Dönemleri,4,2000 sonrasında bölünmüş yol ve büyük tünel programı tünel sayısını nasıl değiştirmiştir?,True,question_bank_v2_draft.md,836a47141e0cd1852b4ae46b0186b98e632957254608b3a4e32faf110dc5c8b9
3.1-Q05,3.1,Türkiye'de Karayolu Tünelciliğinin Gelişim Dönemleri,5,NATM ve TBM'nin Türkiye karayolu tünelciliğine girişi ne zaman ve hangi projelerle olmuştur?,True,question_bank_v2_draft.md,836a47141e0cd1852b4ae46b0186b98e632957254608b3a4e32faf110dc5c8b9
3.1-Q06,3.1,Türkiye'de Karayolu Tünelciliğinin Gelişim Dönemleri,6,Türk müteahhitlik sektörünün tünel yapım kapasitesi nasıl gelişmiştir?,True,question_bank_v2_draft.md,836a47141e0cd1852b4ae46b0186b98e632957254608b3a4e32faf110dc5c8b9
3.1-Q07,3.1,Türkiye'de Karayolu Tünelciliğinin Gelişim Dönemleri,7,Tünel projelendirme ve danışmanlık hizmetlerinin yerlileşmesi nasıl olmuştur?,True,question_bank_v2_draft.md,836a47141e0cd1852b4ae46b0186b98e632957254608b3a4e32faf110dc5c8b9
3.1-Q08,3.1,Türkiye'de Karayolu Tünelciliğinin Gelişim Dönemleri,8,Tünel elektromekanik ve güvenlik sistemlerinin Türkiye'deki gelişimi nasıldır?,True,question_bank_v2_draft.md,836a47141e0cd1852b4ae46b0186b98e632957254608b3a4e32faf110dc5c8b9
3.1-Q09,3.1,Türkiye'de Karayolu Tünelciliğinin Gelişim Dönemleri,9,Tünel işletme ve bakım örgütlenmesinin (şeflikler) tarihsel gelişimi nasıldır?,True,question_bank_v2_draft.md,836a47141e0cd1852b4ae46b0186b98e632957254608b3a4e32faf110dc5c8b9
3.1-Q10,3.1,Türkiye'de Karayolu Tünelciliğinin Gelişim Dönemleri,10,Türkiye tünelciliğinde dönüm noktası sayılan projeler ve olaylar hangileridir?,True,question_bank_v2_draft.md,836a47141e0cd1852b4ae46b0186b98e632957254608b3a4e32faf110dc5c8b9
3.1-Q11,3.1,Türkiye'de Karayolu Tünelciliğinin Gelişim Dönemleri,11,"Türkiye'de tünelcilikle ilgili meslek örgütleri, seminerler ve yayınlar nasıl gelişmiştir?",True,question_bank_v2_draft.md,836a47141e0cd1852b4ae46b0186b98e632957254608b3a4e32faf110dc5c8b9
3.2-Q01,3.2,"KGM Tünel Envanteri: Sayı, Uzunluk ve Dağılım",1,KGM tünel envanteri hangi bilgileri içerir ve nasıl tutulur?,True,question_bank_v2_draft.md,836a47141e0cd1852b4ae46b0186b98e632957254608b3a4e32faf110dc5c8b9
3.2-Q02,3.2,"KGM Tünel Envanteri: Sayı, Uzunluk ve Dağılım",2,Devlet ve il yollarındaki tünellerin sayısı ve toplam uzunluğu nedir?,True,question_bank_v2_draft.md,836a47141e0cd1852b4ae46b0186b98e632957254608b3a4e32faf110dc5c8b9
3.2-Q03,3.2,"KGM Tünel Envanteri: Sayı, Uzunluk ve Dağılım",3,Otoyollardaki tünellerin sayısı ve toplam uzunluğu nedir?,True,question_bank_v2_draft.md,836a47141e0cd1852b4ae46b0186b98e632957254608b3a4e32faf110dc5c8b9
3.2-Q04,3.2,"KGM Tünel Envanteri: Sayı, Uzunluk ve Dağılım",4,Tünellerin KGM bölge müdürlüklerine göre dağılımı nasıldır?,True,question_bank_v2_draft.md,836a47141e0cd1852b4ae46b0186b98e632957254608b3a4e32faf110dc5c8b9
3.2-Q05,3.2,"KGM Tünel Envanteri: Sayı, Uzunluk ve Dağılım",5,Tünellerin uzunluk sınıflarına göre dağılımı nasıldır?,True,question_bank_v2_draft.md,836a47141e0cd1852b4ae46b0186b98e632957254608b3a4e32faf110dc5c8b9
3.2-Q06,3.2,"KGM Tünel Envanteri: Sayı, Uzunluk ve Dağılım",6,Tünellerin yapım yılı ve yaş dağılımı nasıldır?,True,question_bank_v2_draft.md,836a47141e0cd1852b4ae46b0186b98e632957254608b3a4e32faf110dc5c8b9
3.2-Q07,3.2,"KGM Tünel Envanteri: Sayı, Uzunluk ve Dağılım",7,"Tünellerin tüp sayısı, kesit tipi ve yapım yöntemine göre dağılımı nasıldır?",True,question_bank_v2_draft.md,836a47141e0cd1852b4ae46b0186b98e632957254608b3a4e32faf110dc5c8b9
3.2-Q08,3.2,"KGM Tünel Envanteri: Sayı, Uzunluk ve Dağılım",8,"Tünellerdeki elektromekanik donanım düzeyi (havalandırma, aydınlatma, SCADA) nasıl sınıflanır?",True,question_bank_v2_draft.md,836a47141e0cd1852b4ae46b0186b98e632957254608b3a4e32faf110dc5c8b9
3.2-Q09,3.2,"KGM Tünel Envanteri: Sayı, Uzunluk ve Dağılım",9,Envanter verileri bakım-işletme planlaması ve bütçelemesinde nasıl kullanılır?,True,question_bank_v2_draft.md,836a47141e0cd1852b4ae46b0186b98e632957254608b3a4e32faf110dc5c8b9
3.2-Q10,3.2,"KGM Tünel Envanteri: Sayı, Uzunluk ve Dağılım",10,Tünel envanter verilerinin güncelliği ve erişilebilirliği hangi düzeydedir?,True,question_bank_v2_draft.md,836a47141e0cd1852b4ae46b0186b98e632957254608b3a4e32faf110dc5c8b9
3.2-Q11,3.2,"KGM Tünel Envanteri: Sayı, Uzunluk ve Dağılım",11,Yıllara göre tünel sayısı ve uzunluğundaki artış eğilimi nasıldır?,True,question_bank_v2_draft.md,836a47141e0cd1852b4ae46b0186b98e632957254608b3a4e32faf110dc5c8b9
3.3-Q01,3.3,Dönüm Noktası Karayolu Tünel Projeleri,1,"Bolu Dağı Tüneli'nin tarihsel süreci, jeolojik sorunları ve tamamlanması nasıl olmuştur?",True,question_bank_v2_draft.md,836a47141e0cd1852b4ae46b0186b98e632957254608b3a4e32faf110dc5c8b9
3.3-Q02,3.3,Dönüm Noktası Karayolu Tünel Projeleri,2,Eski Zigana Tüneli ile Yeni Zigana Tüneli arasındaki fark dönemsel gelişimi nasıl gösterir?,True,question_bank_v2_draft.md,836a47141e0cd1852b4ae46b0186b98e632957254608b3a4e32faf110dc5c8b9
3.3-Q03,3.3,Dönüm Noktası Karayolu Tünel Projeleri,3,Ovit Tüneli'nin proje tarihçesi ve yapım süreci nasıldır?,True,question_bank_v2_draft.md,836a47141e0cd1852b4ae46b0186b98e632957254608b3a4e32faf110dc5c8b9
3.3-Q04,3.3,Dönüm Noktası Karayolu Tünel Projeleri,4,"Ilgaz, Cankurtaran, Sabuncubeli ve Honaz gibi tünellerin proje tarihçeleri nelerdir?",True,question_bank_v2_draft.md,836a47141e0cd1852b4ae46b0186b98e632957254608b3a4e32faf110dc5c8b9
3.3-Q05,3.3,Dönüm Noktası Karayolu Tünel Projeleri,5,Avrasya Tüneli'nin yap-işlet-devret modeliyle gerçekleştirilmesi Türkiye tünelciliği için ne ifade eder?,True,question_bank_v2_draft.md,836a47141e0cd1852b4ae46b0186b98e632957254608b3a4e32faf110dc5c8b9
3.3-Q06,3.3,Dönüm Noktası Karayolu Tünel Projeleri,6,"Kentsel karayolu tünelleri (Ankara, İstanbul, İzmir) hangi dönemde gelişmiştir?",True,question_bank_v2_draft.md,836a47141e0cd1852b4ae46b0186b98e632957254608b3a4e32faf110dc5c8b9
3.3-Q07,3.3,Dönüm Noktası Karayolu Tünel Projeleri,7,"Bu projelerde kullanılan yöntem, süre ve maliyet verileri nelerdir?",True,question_bank_v2_draft.md,836a47141e0cd1852b4ae46b0186b98e632957254608b3a4e32faf110dc5c8b9
3.3-Q08,3.3,Dönüm Noktası Karayolu Tünel Projeleri,8,Bu projelerden çıkarılan kurumsal ve teknik dersler nelerdir?,True,question_bank_v2_draft.md,836a47141e0cd1852b4ae46b0186b98e632957254608b3a4e32faf110dc5c8b9
3.3-Q09,3.3,Dönüm Noktası Karayolu Tünel Projeleri,9,Dönüm noktası projelerin bölgesel ekonomiye ve ulaşım ağına etkileri nasıl değerlendirilmiştir?,True,question_bank_v2_draft.md,836a47141e0cd1852b4ae46b0186b98e632957254608b3a4e32faf110dc5c8b9
3.3-Q10,3.3,Dönüm Noktası Karayolu Tünel Projeleri,10,Devam eden ve planlanan büyük projeler bu tarihçeyi nasıl sürdürmektedir?,True,question_bank_v2_draft.md,836a47141e0cd1852b4ae46b0186b98e632957254608b3a4e32faf110dc5c8b9
4.1-Q01,4.1,"Maliyet Kavramı, Ulaşım Maliyetleri ve İlgili Tanımlar",1,"Maliyet kavramı nasıl tanımlanır; maliyet, harcama, gider ve fiyat arasındaki farklar nelerdir?",True,question_bank_v2_draft.md,836a47141e0cd1852b4ae46b0186b98e632957254608b3a4e32faf110dc5c8b9
4.1-Q02,4.1,"Maliyet Kavramı, Ulaşım Maliyetleri ve İlgili Tanımlar",2,"Sabit, değişken, doğrudan, dolaylı ve fırsat maliyeti tünel projelerinde nasıl ayrıştırılır?",True,question_bank_v2_draft.md,836a47141e0cd1852b4ae46b0186b98e632957254608b3a4e32faf110dc5c8b9
4.1-Q03,4.1,"Maliyet Kavramı, Ulaşım Maliyetleri ve İlgili Tanımlar",3,"Ulaşım maliyetleri hangi bileşenlerden oluşur (altyapı, işletme, kullanıcı, dışsal maliyetler)?",True,question_bank_v2_draft.md,836a47141e0cd1852b4ae46b0186b98e632957254608b3a4e32faf110dc5c8b9
4.1-Q04,4.1,"Maliyet Kavramı, Ulaşım Maliyetleri ve İlgili Tanımlar",4,"Kullanıcı maliyetleri (araç işletme, zaman, kaza maliyeti) nasıl tanımlanır ve hesaplanır?",True,question_bank_v2_draft.md,836a47141e0cd1852b4ae46b0186b98e632957254608b3a4e32faf110dc5c8b9
4.1-Q05,4.1,"Maliyet Kavramı, Ulaşım Maliyetleri ve İlgili Tanımlar",5,"Dışsal maliyetler (çevre, gürültü, emisyon) ulaşım maliyet analizine nasıl dahil edilir?",True,question_bank_v2_draft.md,836a47141e0cd1852b4ae46b0186b98e632957254608b3a4e32faf110dc5c8b9
4.1-Q06,4.1,"Maliyet Kavramı, Ulaşım Maliyetleri ve İlgili Tanımlar",6,"Yatırım maliyeti, işletme-bakım maliyeti ve yaşam döngüsü maliyeti kavramları nasıl ilişkilendirilir?",True,question_bank_v2_draft.md,836a47141e0cd1852b4ae46b0186b98e632957254608b3a4e32faf110dc5c8b9
4.1-Q07,4.1,"Maliyet Kavramı, Ulaşım Maliyetleri ve İlgili Tanımlar",7,"Yaklaşık maliyet, keşif, metraj, birim fiyat ve hakediş kavramları kamu ihale sisteminde nasıl tanımlanır?",True,question_bank_v2_draft.md,836a47141e0cd1852b4ae46b0186b98e632957254608b3a4e32faf110dc5c8b9
4.1-Q08,4.1,"Maliyet Kavramı, Ulaşım Maliyetleri ve İlgili Tanımlar",8,"Maliyet tahmini doğruluk sınıfları (fizibilite, ön proje, kesin proje) nasıl tanımlanır?",True,question_bank_v2_draft.md,836a47141e0cd1852b4ae46b0186b98e632957254608b3a4e32faf110dc5c8b9
4.1-Q09,4.1,"Maliyet Kavramı, Ulaşım Maliyetleri ve İlgili Tanımlar",9,"Enflasyon, fiyat farkı ve eskalasyon maliyet hesaplarına nasıl yansıtılır?",True,question_bank_v2_draft.md,836a47141e0cd1852b4ae46b0186b98e632957254608b3a4e32faf110dc5c8b9
4.1-Q10,4.1,"Maliyet Kavramı, Ulaşım Maliyetleri ve İlgili Tanımlar",10,"Bugünkü değer, iskonto oranı ve ekonomik ömür kavramları maliyet karşılaştırmasında nasıl kullanılır?",True,question_bank_v2_draft.md,836a47141e0cd1852b4ae46b0186b98e632957254608b3a4e32faf110dc5c8b9
4.1-Q11,4.1,"Maliyet Kavramı, Ulaşım Maliyetleri ve İlgili Tanımlar",11,Ulaşım yatırımlarında maliyet etkinliği ve fayda-maliyet oranı nasıl tanımlanır?,True,question_bank_v2_draft.md,836a47141e0cd1852b4ae46b0186b98e632957254608b3a4e32faf110dc5c8b9
4.1-Q12,4.1,"Maliyet Kavramı, Ulaşım Maliyetleri ve İlgili Tanımlar",12,"Tünel maliyetleri diğer karayolu yapılarıyla (köprü, viyadük, yarma) nasıl karşılaştırılır?",True,question_bank_v2_draft.md,836a47141e0cd1852b4ae46b0186b98e632957254608b3a4e32faf110dc5c8b9
4.1-Q13,4.1,"Maliyet Kavramı, Ulaşım Maliyetleri ve İlgili Tanımlar",13,"Türkiye'de kamu yatırım maliyet terminolojisi ve mevzuatı (Kamu İhale Kanunu, KGM birim fiyatları) nasıldır?",True,question_bank_v2_draft.md,836a47141e0cd1852b4ae46b0186b98e632957254608b3a4e32faf110dc5c8b9
4.3-Q01,4.3,Tünel Maliyet Analizi Yöntemleri,1,"Tünel maliyet analizi hangi amaçlarla (bütçeleme, alternatif karşılaştırma, ihale, kontrol) yapılır?",True,question_bank_v2_draft.md,836a47141e0cd1852b4ae46b0186b98e632957254608b3a4e32faf110dc5c8b9
4.3-Q02,4.3,Tünel Maliyet Analizi Yöntemleri,2,Maliyet analizi yöntemleri proje aşamalarına göre nasıl seçilir?,True,question_bank_v2_draft.md,836a47141e0cd1852b4ae46b0186b98e632957254608b3a4e32faf110dc5c8b9
4.3-Q03,4.3,Tünel Maliyet Analizi Yöntemleri,3,Aşağıdan yukarı ve yukarıdan aşağı tahmin yaklaşımları arasındaki fark nedir?,True,question_bank_v2_draft.md,836a47141e0cd1852b4ae46b0186b98e632957254608b3a4e32faf110dc5c8b9
4.3-Q04,4.3,Tünel Maliyet Analizi Yöntemleri,4,"Tünel maliyet analizinde veri kaynakları (tamamlanmış projeler, birim fiyatlar, uluslararası veri tabanları) nelerdir?",True,question_bank_v2_draft.md,836a47141e0cd1852b4ae46b0186b98e632957254608b3a4e32faf110dc5c8b9
4.3-Q05,4.3,Tünel Maliyet Analizi Yöntemleri,5,Maliyet analizinde belirsizlik ve risk nasıl temsil edilir?,True,question_bank_v2_draft.md,836a47141e0cd1852b4ae46b0186b98e632957254608b3a4e32faf110dc5c8b9
4.3-Q06,4.3,Tünel Maliyet Analizi Yöntemleri,6,Maliyet analizi sonuçları nasıl raporlanır ve doğrulanır?,True,question_bank_v2_draft.md,836a47141e0cd1852b4ae46b0186b98e632957254608b3a4e32faf110dc5c8b9
4.3-Q07,4.3,Tünel Maliyet Analizi Yöntemleri,7,Türkiye'de tünel maliyet analizinde karşılaşılan veri ve yöntem sınırlılıkları nelerdir?,True,question_bank_v2_draft.md,836a47141e0cd1852b4ae46b0186b98e632957254608b3a4e32faf110dc5c8b9
4.3.1-Q01,4.3.1,Birim Fiyat ve Keşif Esaslı Maliyet Tahmini,1,Birim fiyat esaslı maliyet tahmini nasıl yapılır; metraj ve poz yapısı nasıl kurulur?,True,question_bank_v2_draft.md,836a47141e0cd1852b4ae46b0186b98e632957254608b3a4e32faf110dc5c8b9
4.3.1-Q02,4.3.1,Birim Fiyat ve Keşif Esaslı Maliyet Tahmini,2,"KGM birim fiyat listeleri ve tünel iş kalemleri (kazı, püskürtme beton, bulon, kaplama) nasıl kullanılır?",True,question_bank_v2_draft.md,836a47141e0cd1852b4ae46b0186b98e632957254608b3a4e32faf110dc5c8b9
4.3.1-Q03,4.3.1,Birim Fiyat ve Keşif Esaslı Maliyet Tahmini,3,"Birim fiyat analizi (rayiç, işçilik, makine, malzeme) nasıl hazırlanır?",True,question_bank_v2_draft.md,836a47141e0cd1852b4ae46b0186b98e632957254608b3a4e32faf110dc5c8b9
4.3.1-Q04,4.3.1,Birim Fiyat ve Keşif Esaslı Maliyet Tahmini,4,Kaya sınıfına göre değişen kazı ve destek pozları maliyet tahminine nasıl yansıtılır?,True,question_bank_v2_draft.md,836a47141e0cd1852b4ae46b0186b98e632957254608b3a4e32faf110dc5c8b9
4.3.1-Q05,4.3.1,Birim Fiyat ve Keşif Esaslı Maliyet Tahmini,5,Keşif artışı ve iş artışı kavramları tünel sözleşmelerinde nasıl işler?,True,question_bank_v2_draft.md,836a47141e0cd1852b4ae46b0186b98e632957254608b3a4e32faf110dc5c8b9
4.3.1-Q06,4.3.1,Birim Fiyat ve Keşif Esaslı Maliyet Tahmini,6,Yaklaşık maliyet hazırlamada kamu ihale mevzuatının gereklilikleri nelerdir?,True,question_bank_v2_draft.md,836a47141e0cd1852b4ae46b0186b98e632957254608b3a4e32faf110dc5c8b9
4.3.1-Q07,4.3.1,Birim Fiyat ve Keşif Esaslı Maliyet Tahmini,7,Birim fiyat tahmininin doğruluk düzeyi ve tipik sapma nedenleri nelerdir?,True,question_bank_v2_draft.md,836a47141e0cd1852b4ae46b0186b98e632957254608b3a4e32faf110dc5c8b9
4.3.1-Q08,4.3.1,Birim Fiyat ve Keşif Esaslı Maliyet Tahmini,8,Fiyat farkı ve eskalasyon birim fiyat sözleşmelerine nasıl uygulanır?,True,question_bank_v2_draft.md,836a47141e0cd1852b4ae46b0186b98e632957254608b3a4e32faf110dc5c8b9
4.3.1-Q09,4.3.1,Birim Fiyat ve Keşif Esaslı Maliyet Tahmini,9,Elektromekanik iş kalemlerinin birim fiyat esaslı tahmini nasıl yapılır?,True,question_bank_v2_draft.md,836a47141e0cd1852b4ae46b0186b98e632957254608b3a4e32faf110dc5c8b9
4.3.1-Q10,4.3.1,Birim Fiyat ve Keşif Esaslı Maliyet Tahmini,10,Tamamlanmış KGM tünel projelerinde keşif ile gerçekleşen maliyet nasıl karşılaştırılır?,True,question_bank_v2_draft.md,836a47141e0cd1852b4ae46b0186b98e632957254608b3a4e32faf110dc5c8b9
4.3.5-Q01,4.3.5,Tünel Yaşam Döngü Maliyetleri,1,Yaşam döngüsü maliyeti nedir ve tüneller için neden önemlidir?,True,question_bank_v2_draft.md,836a47141e0cd1852b4ae46b0186b98e632957254608b3a4e32faf110dc5c8b9
4.3.5-Q02,4.3.5,Tünel Yaşam Döngü Maliyetleri,2,"Tünel yaşam döngüsü aşamaları (planlama, yapım, işletme, bakım, yenileme, hizmet dışı bırakma) nasıl tanımlanır?",True,question_bank_v2_draft.md,836a47141e0cd1852b4ae46b0186b98e632957254608b3a4e32faf110dc5c8b9
4.3.5-Q03,4.3.5,Tünel Yaşam Döngü Maliyetleri,3,Yaşam döngüsü maliyeti hesabında hangi maliyet kalemleri yer alır?,True,question_bank_v2_draft.md,836a47141e0cd1852b4ae46b0186b98e632957254608b3a4e32faf110dc5c8b9
4.3.5-Q04,4.3.5,Tünel Yaşam Döngü Maliyetleri,4,"İskonto oranı, analiz süresi ve kalıntı değer nasıl seçilir?",True,question_bank_v2_draft.md,836a47141e0cd1852b4ae46b0186b98e632957254608b3a4e32faf110dc5c8b9
4.3.5-Q05,4.3.5,Tünel Yaşam Döngü Maliyetleri,5,Yapım maliyeti ile işletme-bakım maliyeti arasındaki ödünleşim nasıl değerlendirilir?,True,question_bank_v2_draft.md,836a47141e0cd1852b4ae46b0186b98e632957254608b3a4e32faf110dc5c8b9
4.3.5-Q06,4.3.5,Tünel Yaşam Döngü Maliyetleri,6,Elektromekanik sistemlerin yenileme döngüleri yaşam döngüsü maliyetine nasıl yansır?,True,question_bank_v2_draft.md,836a47141e0cd1852b4ae46b0186b98e632957254608b3a4e32faf110dc5c8b9
4.3.5-Q07,4.3.5,Tünel Yaşam Döngü Maliyetleri,7,Kaplama ve yapısal elemanların servis ömrü ve yenileme maliyeti nasıl tahmin edilir?,True,question_bank_v2_draft.md,836a47141e0cd1852b4ae46b0186b98e632957254608b3a4e32faf110dc5c8b9
4.3.5-Q08,4.3.5,Tünel Yaşam Döngü Maliyetleri,8,"Enerji tüketimi (aydınlatma, havalandırma) yaşam döngüsü maliyeti içinde nasıl modellenir?",True,question_bank_v2_draft.md,836a47141e0cd1852b4ae46b0186b98e632957254608b3a4e32faf110dc5c8b9
4.3.5-Q09,4.3.5,Tünel Yaşam Döngü Maliyetleri,9,Risk tabanlı yaşam döngüsü maliyet analizi nasıl yapılır?,True,question_bank_v2_draft.md,836a47141e0cd1852b4ae46b0186b98e632957254608b3a4e32faf110dc5c8b9
4.3.5-Q10,4.3.5,Tünel Yaşam Döngü Maliyetleri,10,"Uluslararası yaşam döngüsü maliyeti standartları ve kılavuzları (ISO 15686, PIARC) nelerdir?",True,question_bank_v2_draft.md,836a47141e0cd1852b4ae46b0186b98e632957254608b3a4e32faf110dc5c8b9
4.3.5-Q11,4.3.5,Tünel Yaşam Döngü Maliyetleri,11,Yaşam döngüsü maliyeti sonuçları tasarım kararlarını nasıl etkilemelidir?,True,question_bank_v2_draft.md,836a47141e0cd1852b4ae46b0186b98e632957254608b3a4e32faf110dc5c8b9
4.3.5-Q12,4.3.5,Tünel Yaşam Döngü Maliyetleri,12,Türkiye'de tünellerde yaşam döngüsü maliyeti uygulamasının mevcut durumu ve engelleri nelerdir?,True,question_bank_v2_draft.md,836a47141e0cd1852b4ae46b0186b98e632957254608b3a4e32faf110dc5c8b9
4.3.5-Q13,4.3.5,Tünel Yaşam Döngü Maliyetleri,13,Literatürdeki tünel yaşam döngüsü maliyeti örnekleri hangi sonuçları vermiştir?,True,question_bank_v2_draft.md,836a47141e0cd1852b4ae46b0186b98e632957254608b3a4e32faf110dc5c8b9
5.4-Q01,5.4,Tünel Bakım-Onarım ve İşletme,1,Tünel işletmesi ve tünel bakımı kavramları nasıl tanımlanır ve birbirinden nasıl ayrılır?,True,question_bank_v2_draft.md,836a47141e0cd1852b4ae46b0186b98e632957254608b3a4e32faf110dc5c8b9
5.4-Q02,5.4,Tünel Bakım-Onarım ve İşletme,2,"Tünel işletmesinin temel işlevleri (trafik yönetimi, izleme, olay müdahalesi, güvenlik) nelerdir?",True,question_bank_v2_draft.md,836a47141e0cd1852b4ae46b0186b98e632957254608b3a4e32faf110dc5c8b9
5.4-Q03,5.4,Tünel Bakım-Onarım ve İşletme,3,"Bakım türleri (rutin, koruyucu, öngörücü, düzeltici, acil) tünellerde nasıl uygulanır?",True,question_bank_v2_draft.md,836a47141e0cd1852b4ae46b0186b98e632957254608b3a4e32faf110dc5c8b9
5.4-Q04,5.4,Tünel Bakım-Onarım ve İşletme,4,Tünel bakım-işletme organizasyonu nasıl yapılandırılır; roller ve sorumluluklar nelerdir?,True,question_bank_v2_draft.md,836a47141e0cd1852b4ae46b0186b98e632957254608b3a4e32faf110dc5c8b9
5.4-Q05,5.4,Tünel Bakım-Onarım ve İşletme,5,"Tünel muayene ve denetim sistemi (periyotlar, seviyeler, raporlama) nasıl kurulur?",True,question_bank_v2_draft.md,836a47141e0cd1852b4ae46b0186b98e632957254608b3a4e32faf110dc5c8b9
5.4-Q06,5.4,Tünel Bakım-Onarım ve İşletme,6,Bakım yönetim sistemleri ve varlık yönetimi tünellerde nasıl uygulanır?,True,question_bank_v2_draft.md,836a47141e0cd1852b4ae46b0186b98e632957254608b3a4e32faf110dc5c8b9
5.4-Q07,5.4,Tünel Bakım-Onarım ve İşletme,7,Tünel kapatma ve trafik yönlendirme planlaması bakım çalışmalarında nasıl yapılır?,True,question_bank_v2_draft.md,836a47141e0cd1852b4ae46b0186b98e632957254608b3a4e32faf110dc5c8b9
5.4-Q08,5.4,Tünel Bakım-Onarım ve İşletme,8,Tünel işletmesinde personel gereksinimi ve eğitimi nasıl belirlenir?,True,question_bank_v2_draft.md,836a47141e0cd1852b4ae46b0186b98e632957254608b3a4e32faf110dc5c8b9
5.4-Q09,5.4,Tünel Bakım-Onarım ve İşletme,9,Tünel İşletme Yönetmeliği'nin işletme ve bakım için getirdiği yükümlülükler nelerdir?,True,question_bank_v2_draft.md,836a47141e0cd1852b4ae46b0186b98e632957254608b3a4e32faf110dc5c8b9
5.4-Q10,5.4,Tünel Bakım-Onarım ve İşletme,10,"Uluslararası kılavuzlar (PIARC, N500, AB direktifi) bakım-işletme için hangi esasları tanımlar?",True,question_bank_v2_draft.md,836a47141e0cd1852b4ae46b0186b98e632957254608b3a4e32faf110dc5c8b9
5.4-Q11,5.4,Tünel Bakım-Onarım ve İşletme,11,"Tünel işletmesinde performans göstergeleri (kullanılabilirlik, olay müdahale süresi) nelerdir?",True,question_bank_v2_draft.md,836a47141e0cd1852b4ae46b0186b98e632957254608b3a4e32faf110dc5c8b9
5.4-Q12,5.4,Tünel Bakım-Onarım ve İşletme,12,Bakım-işletmede dış hizmet alımı ile kurum içi işletme nasıl karşılaştırılır?,True,question_bank_v2_draft.md,836a47141e0cd1852b4ae46b0186b98e632957254608b3a4e32faf110dc5c8b9
5.4-Q13,5.4,Tünel Bakım-Onarım ve İşletme,13,"Tünel işletme merkezi (kontrol odası, SCADA) nasıl çalışır?",True,question_bank_v2_draft.md,836a47141e0cd1852b4ae46b0186b98e632957254608b3a4e32faf110dc5c8b9
5.4-Q14,5.4,Tünel Bakım-Onarım ve İşletme,14,Kış işletmesi ve olağanüstü hava koşulları tünel işletmesini nasıl etkiler?,True,question_bank_v2_draft.md,836a47141e0cd1852b4ae46b0186b98e632957254608b3a4e32faf110dc5c8b9
5.4-Q15,5.4,Tünel Bakım-Onarım ve İşletme,15,Türkiye'de tünel bakım-işletme uygulamasının mevcut durumu ve sorunları nelerdir?,True,question_bank_v2_draft.md,836a47141e0cd1852b4ae46b0186b98e632957254608b3a4e32faf110dc5c8b9
5.4.1-Q01,5.4.1,Yapısal Bakım,1,"Yapısal bakım kapsamına giren tünel elemanları (kaplama, taban, portal, drenaj, yalıtım, kaldırım) nelerdir?",True,question_bank_v2_draft.md,836a47141e0cd1852b4ae46b0186b98e632957254608b3a4e32faf110dc5c8b9
5.4.1-Q02,5.4.1,Yapısal Bakım,2,"Kaplama bozulma türleri (çatlak, dökülme, su sızıntısı, kalsit oluşumu, donma hasarı) nelerdir ve nasıl teşhis edilir?",True,question_bank_v2_draft.md,836a47141e0cd1852b4ae46b0186b98e632957254608b3a4e32faf110dc5c8b9
5.4.1-Q03,5.4.1,Yapısal Bakım,3,"Yapısal muayene yöntemleri (görsel, çekiç, yer radarı, lazer tarama, karot) nasıl uygulanır?",True,question_bank_v2_draft.md,836a47141e0cd1852b4ae46b0186b98e632957254608b3a4e32faf110dc5c8b9
5.4.1-Q04,5.4.1,Yapısal Bakım,4,"Drenaj sistemi bakımı (tıkanma, kireçlenme temizliği) nasıl yapılır?",True,question_bank_v2_draft.md,836a47141e0cd1852b4ae46b0186b98e632957254608b3a4e32faf110dc5c8b9
5.4.1-Q05,5.4.1,Yapısal Bakım,5,"Su sızıntısı onarım teknikleri (enjeksiyon, membran, drenaj tamiri) nelerdir?",True,question_bank_v2_draft.md,836a47141e0cd1852b4ae46b0186b98e632957254608b3a4e32faf110dc5c8b9
5.4.1-Q06,5.4.1,Yapısal Bakım,6,"Kaplama onarım ve güçlendirme yöntemleri (püskürtme beton, kompozit sargı, ankraj) nelerdir?",True,question_bank_v2_draft.md,836a47141e0cd1852b4ae46b0186b98e632957254608b3a4e32faf110dc5c8b9
5.4.1-Q07,5.4.1,Yapısal Bakım,7,"Portal ve şev bakımı (kaya düşmesi, çığ, heyelan önlemleri) nasıl yapılır?",True,question_bank_v2_draft.md,836a47141e0cd1852b4ae46b0186b98e632957254608b3a4e32faf110dc5c8b9
5.4.1-Q08,5.4.1,Yapısal Bakım,8,Yapısal bakım periyotları ve önceliklendirme nasıl belirlenir?,True,question_bank_v2_draft.md,836a47141e0cd1852b4ae46b0186b98e632957254608b3a4e32faf110dc5c8b9
5.4.1-Q09,5.4.1,Yapısal Bakım,9,Yapısal bakım kayıtları ve durum derecelendirmesi nasıl tutulur?,True,question_bank_v2_draft.md,836a47141e0cd1852b4ae46b0186b98e632957254608b3a4e32faf110dc5c8b9
5.4.1-Q10,5.4.1,Yapısal Bakım,10,Eski tünellerin yapısal rehabilitasyonu nasıl planlanır?,True,question_bank_v2_draft.md,836a47141e0cd1852b4ae46b0186b98e632957254608b3a4e32faf110dc5c8b9
5.4.1-Q11,5.4.1,Yapısal Bakım,11,Yapısal bakımda iş güvenliği ve trafik güvenliği önlemleri nelerdir?,True,question_bank_v2_draft.md,836a47141e0cd1852b4ae46b0186b98e632957254608b3a4e32faf110dc5c8b9
5.4.2-Q01,5.4.2,Elektrik-Elektronik ve Elektromekanik Sistemlerin Bakımı,1,"Tünel elektromekanik sistemleri hangi alt sistemlerden oluşur (enerji, aydınlatma, havalandırma, yangın, haberleşme, trafik, SCADA)?",True,question_bank_v2_draft.md,836a47141e0cd1852b4ae46b0186b98e632957254608b3a4e32faf110dc5c8b9
5.4.2-Q02,5.4.2,Elektrik-Elektronik ve Elektromekanik Sistemlerin Bakımı,2,"Aydınlatma sistemi bakımı (armatür temizliği, lamba değişimi, LED dönüşümü, ışık ölçümü) nasıl yapılır?",True,question_bank_v2_draft.md,836a47141e0cd1852b4ae46b0186b98e632957254608b3a4e32faf110dc5c8b9
5.4.2-Q03,5.4.2,Elektrik-Elektronik ve Elektromekanik Sistemlerin Bakımı,3,"Havalandırma sistemi (jet fan, aksiyal fan, damper) bakımı nasıl yapılır?",True,question_bank_v2_draft.md,836a47141e0cd1852b4ae46b0186b98e632957254608b3a4e32faf110dc5c8b9
5.4.2-Q04,5.4.2,Elektrik-Elektronik ve Elektromekanik Sistemlerin Bakımı,4,"Yangın algılama ve söndürme sistemlerinin (lineer ısı sensörü, hidrant, söndürücü) bakımı nasıldır?",True,question_bank_v2_draft.md,836a47141e0cd1852b4ae46b0186b98e632957254608b3a4e32faf110dc5c8b9
5.4.2-Q05,5.4.2,Elektrik-Elektronik ve Elektromekanik Sistemlerin Bakımı,5,"Enerji besleme, kesintisiz güç kaynağı ve jeneratör sistemlerinin bakımı nasıl yapılır?",True,question_bank_v2_draft.md,836a47141e0cd1852b4ae46b0186b98e632957254608b3a4e32faf110dc5c8b9
5.4.2-Q06,5.4.2,Elektrik-Elektronik ve Elektromekanik Sistemlerin Bakımı,6,"Haberleşme, acil telefon, radyo yayını ve anons sistemlerinin bakımı nasıldır?",True,question_bank_v2_draft.md,836a47141e0cd1852b4ae46b0186b98e632957254608b3a4e32faf110dc5c8b9
5.4.2-Q07,5.4.2,Elektrik-Elektronik ve Elektromekanik Sistemlerin Bakımı,7,"Trafik kontrol ekipmanlarının (değişken mesaj işareti, sinyal, kamera, olay algılama) bakımı nasıl yapılır?",True,question_bank_v2_draft.md,836a47141e0cd1852b4ae46b0186b98e632957254608b3a4e32faf110dc5c8b9
5.4.2-Q08,5.4.2,Elektrik-Elektronik ve Elektromekanik Sistemlerin Bakımı,8,"SCADA ve kontrol yazılımlarının bakımı, güncellenmesi ve siber güvenliği nasıl sağlanır?",True,question_bank_v2_draft.md,836a47141e0cd1852b4ae46b0186b98e632957254608b3a4e32faf110dc5c8b9
5.4.2-Q09,5.4.2,Elektrik-Elektronik ve Elektromekanik Sistemlerin Bakımı,9,Elektromekanik bakım periyotları ve kontrol listeleri nasıl oluşturulur?,True,question_bank_v2_draft.md,836a47141e0cd1852b4ae46b0186b98e632957254608b3a4e32faf110dc5c8b9
5.4.2-Q10,5.4.2,Elektrik-Elektronik ve Elektromekanik Sistemlerin Bakımı,10,Elektromekanik sistemlerin servis ömrü ve yenileme planlaması nasıldır?,True,question_bank_v2_draft.md,836a47141e0cd1852b4ae46b0186b98e632957254608b3a4e32faf110dc5c8b9
5.4.2-Q11,5.4.2,Elektrik-Elektronik ve Elektromekanik Sistemlerin Bakımı,11,Elektromekanik bakımda yedek parça ve stok yönetimi nasıl yapılır?,True,question_bank_v2_draft.md,836a47141e0cd1852b4ae46b0186b98e632957254608b3a4e32faf110dc5c8b9
5.4.2-Q12,5.4.2,Elektrik-Elektronik ve Elektromekanik Sistemlerin Bakımı,12,Elektromekanik bakımın kapatma gereksinimi ve trafik etkisi nasıl azaltılır?,True,question_bank_v2_draft.md,836a47141e0cd1852b4ae46b0186b98e632957254608b3a4e32faf110dc5c8b9
5.4.2-Q13,5.4.2,Elektrik-Elektronik ve Elektromekanik Sistemlerin Bakımı,13,Türkiye'deki tünellerde elektromekanik sistemlerin standardizasyonu ve bakım uygulaması nasıldır?,True,question_bank_v2_draft.md,836a47141e0cd1852b4ae46b0186b98e632957254608b3a4e32faf110dc5c8b9
5.4.3-Q01,5.4.3,Periyodik Bakım,1,Periyodik bakım nedir ve rutin/koruyucu bakımdan farkı nedir?,True,question_bank_v2_draft.md,836a47141e0cd1852b4ae46b0186b98e632957254608b3a4e32faf110dc5c8b9
5.4.3-Q02,5.4.3,Periyodik Bakım,2,"Tünel periyodik bakım programı (günlük, haftalık, aylık, yıllık) nasıl oluşturulur?",True,question_bank_v2_draft.md,836a47141e0cd1852b4ae46b0186b98e632957254608b3a4e32faf110dc5c8b9
5.4.3-Q03,5.4.3,Periyodik Bakım,3,"Tünel yıkama ve temizlik (duvar, armatür, işaret) hangi sıklıkta ve nasıl yapılır?",True,question_bank_v2_draft.md,836a47141e0cd1852b4ae46b0186b98e632957254608b3a4e32faf110dc5c8b9
5.4.3-Q04,5.4.3,Periyodik Bakım,4,"Periyodik muayene sınıfları ve kapsamları (basit, ana, özel muayene) nelerdir?",True,question_bank_v2_draft.md,836a47141e0cd1852b4ae46b0186b98e632957254608b3a4e32faf110dc5c8b9
5.4.3-Q05,5.4.3,Periyodik Bakım,5,Periyodik bakımda kontrol listeleri ve kayıt formları nasıl kullanılır?,True,question_bank_v2_draft.md,836a47141e0cd1852b4ae46b0186b98e632957254608b3a4e32faf110dc5c8b9
5.4.3-Q06,5.4.3,Periyodik Bakım,6,Periyodik bakımın kapatma planlaması ve trafik yönetimi nasıl yapılır?,True,question_bank_v2_draft.md,836a47141e0cd1852b4ae46b0186b98e632957254608b3a4e32faf110dc5c8b9
5.4.3-Q07,5.4.3,Periyodik Bakım,7,Periyodik bakım için gerekli ekipman ve araçlar nelerdir?,True,question_bank_v2_draft.md,836a47141e0cd1852b4ae46b0186b98e632957254608b3a4e32faf110dc5c8b9
5.4.3-Q08,5.4.3,Periyodik Bakım,8,Periyodik bakımın maliyet planlaması ve bütçelemesi nasıl yapılır?,True,question_bank_v2_draft.md,836a47141e0cd1852b4ae46b0186b98e632957254608b3a4e32faf110dc5c8b9
5.4.3-Q09,5.4.3,Periyodik Bakım,9,Uluslararası kılavuzlarda periyodik bakım sıklıkları nasıl tanımlanır?,True,question_bank_v2_draft.md,836a47141e0cd1852b4ae46b0186b98e632957254608b3a4e32faf110dc5c8b9
5.4.3-Q10,5.4.3,Periyodik Bakım,10,KGM'de periyodik bakım uygulaması ve şefliklerin görev tanımları nasıldır?,True,question_bank_v2_draft.md,836a47141e0cd1852b4ae46b0186b98e632957254608b3a4e32faf110dc5c8b9
5.4.3-Q11,5.4.3,Periyodik Bakım,11,Periyodik bakım verileri durum değerlendirmesi ve öngörücü bakıma nasıl dönüştürülür?,True,question_bank_v2_draft.md,836a47141e0cd1852b4ae46b0186b98e632957254608b3a4e32faf110dc5c8b9
5.5-Q01,5.5,Tünel Bakım-Onarım ve İşletme Maliyetleri,1,Tünel bakım-işletme maliyetleri hangi ana kalemlerden oluşur?,True,question_bank_v2_draft.md,836a47141e0cd1852b4ae46b0186b98e632957254608b3a4e32faf110dc5c8b9
5.5-Q02,5.5,Tünel Bakım-Onarım ve İşletme Maliyetleri,2,Bakım-işletme maliyetleri nasıl sınıflandırılır (sabit/değişken; yönetim/işletme/bakım/enerji)?,True,question_bank_v2_draft.md,836a47141e0cd1852b4ae46b0186b98e632957254608b3a4e32faf110dc5c8b9
5.5-Q03,5.5,Tünel Bakım-Onarım ve İşletme Maliyetleri,3,Tünel bakım-işletme maliyetlerinin yapım maliyetine oranı tipik olarak nedir?,True,question_bank_v2_draft.md,836a47141e0cd1852b4ae46b0186b98e632957254608b3a4e32faf110dc5c8b9
5.5-Q04,5.5,Tünel Bakım-Onarım ve İşletme Maliyetleri,4,"Bakım-işletme maliyetleri tünel uzunluğu, tüp sayısı ve trafik hacmine göre nasıl değişir?",True,question_bank_v2_draft.md,836a47141e0cd1852b4ae46b0186b98e632957254608b3a4e32faf110dc5c8b9
5.5-Q05,5.5,Tünel Bakım-Onarım ve İşletme Maliyetleri,5,Bakım-işletme maliyetleri yıllık ve yaşam döngüsü bazında nasıl hesaplanır?,True,question_bank_v2_draft.md,836a47141e0cd1852b4ae46b0186b98e632957254608b3a4e32faf110dc5c8b9
5.5-Q06,5.5,Tünel Bakım-Onarım ve İşletme Maliyetleri,6,Maliyet verilerinin toplanması ve muhasebeleştirilmesi için hangi sistemler kullanılır?,True,question_bank_v2_draft.md,836a47141e0cd1852b4ae46b0186b98e632957254608b3a4e32faf110dc5c8b9
5.5-Q07,5.5,Tünel Bakım-Onarım ve İşletme Maliyetleri,7,Uluslararası literatürde tünel bakım-işletme maliyet göstergeleri (km başına yıllık) hangi aralıktadır?,True,question_bank_v2_draft.md,836a47141e0cd1852b4ae46b0186b98e632957254608b3a4e32faf110dc5c8b9
5.5-Q08,5.5,Tünel Bakım-Onarım ve İşletme Maliyetleri,8,Bakım-işletme maliyetlerinin bütçelenmesi ve ödenek planlaması nasıl yapılır?,True,question_bank_v2_draft.md,836a47141e0cd1852b4ae46b0186b98e632957254608b3a4e32faf110dc5c8b9
5.5-Q09,5.5,Tünel Bakım-Onarım ve İşletme Maliyetleri,9,Ertelenmiş bakımın uzun dönem maliyet etkisi nedir?,True,question_bank_v2_draft.md,836a47141e0cd1852b4ae46b0186b98e632957254608b3a4e32faf110dc5c8b9
5.5-Q10,5.5,Tünel Bakım-Onarım ve İşletme Maliyetleri,10,Türkiye'de tünel bakım-işletme maliyet verilerinin mevcut durumu ve erişilebilirliği nasıldır?,True,question_bank_v2_draft.md,836a47141e0cd1852b4ae46b0186b98e632957254608b3a4e32faf110dc5c8b9
5.5-Q11,5.5,Tünel Bakım-Onarım ve İşletme Maliyetleri,11,KGM'nin tünel bakım-işletme harcamaları nasıl raporlanmaktadır?,True,question_bank_v2_draft.md,836a47141e0cd1852b4ae46b0186b98e632957254608b3a4e32faf110dc5c8b9
5.5-Q12,5.5,Tünel Bakım-Onarım ve İşletme Maliyetleri,12,Bakım-işletme maliyetleri ile hizmet düzeyi ve güvenlik arasındaki ilişki nasıl kurulur?,True,question_bank_v2_draft.md,836a47141e0cd1852b4ae46b0186b98e632957254608b3a4e32faf110dc5c8b9
5.5.1-Q01,5.5.1,Yönetim ve İşletme Maliyetleri,1,"Yönetim ve işletme maliyetleri hangi kalemleri kapsar (personel, kontrol merkezi, enerji, haberleşme, sigorta)?",True,question_bank_v2_draft.md,836a47141e0cd1852b4ae46b0186b98e632957254608b3a4e32faf110dc5c8b9
5.5.1-Q02,5.5.1,Yönetim ve İşletme Maliyetleri,2,"Personel maliyetleri (operatör, teknisyen, güvenlik, yönetim) nasıl hesaplanır?",True,question_bank_v2_draft.md,836a47141e0cd1852b4ae46b0186b98e632957254608b3a4e32faf110dc5c8b9
5.5.1-Q03,5.5.1,Yönetim ve İşletme Maliyetleri,3,Enerji maliyetleri işletme maliyetleri içinde nasıl pay alır?,True,question_bank_v2_draft.md,836a47141e0cd1852b4ae46b0186b98e632957254608b3a4e32faf110dc5c8b9
5.5.1-Q04,5.5.1,Yönetim ve İşletme Maliyetleri,4,Kontrol merkezi ve SCADA işletme maliyetleri nasıl belirlenir?,True,question_bank_v2_draft.md,836a47141e0cd1852b4ae46b0186b98e632957254608b3a4e32faf110dc5c8b9
5.5.1-Q05,5.5.1,Yönetim ve İşletme Maliyetleri,5,"Trafik yönetimi, olay müdahalesi ve acil durum hazırlığı maliyetleri nelerdir?",True,question_bank_v2_draft.md,836a47141e0cd1852b4ae46b0186b98e632957254608b3a4e32faf110dc5c8b9
5.5.1-Q06,5.5.1,Yönetim ve İşletme Maliyetleri,6,Dış hizmet alımı sözleşmelerinin işletme maliyetlerine etkisi nedir?,True,question_bank_v2_draft.md,836a47141e0cd1852b4ae46b0186b98e632957254608b3a4e32faf110dc5c8b9
5.5.1-Q07,5.5.1,Yönetim ve İşletme Maliyetleri,7,İşletme maliyetleri tünel uzunluğu ve donanım düzeyine göre nasıl değişir?,True,question_bank_v2_draft.md,836a47141e0cd1852b4ae46b0186b98e632957254608b3a4e32faf110dc5c8b9
5.5.1-Q08,5.5.1,Yönetim ve İşletme Maliyetleri,8,İşletme maliyetleri için uluslararası kıyas değerleri nelerdir?,True,question_bank_v2_draft.md,836a47141e0cd1852b4ae46b0186b98e632957254608b3a4e32faf110dc5c8b9
5.5.1-Q09,5.5.1,Yönetim ve İşletme Maliyetleri,9,Türkiye'de tünel işletme maliyetlerinin bütçelenmesi ve raporlanması nasıldır?,True,question_bank_v2_draft.md,836a47141e0cd1852b4ae46b0186b98e632957254608b3a4e32faf110dc5c8b9
5.5.1-Q10,5.5.1,Yönetim ve İşletme Maliyetleri,10,İşletme maliyetlerini etkileyen organizasyonel kararlar nelerdir?,True,question_bank_v2_draft.md,836a47141e0cd1852b4ae46b0186b98e632957254608b3a4e32faf110dc5c8b9
5.5.2-Q01,5.5.2,Bakım-Onarım Maliyetleri,1,Bakım-onarım maliyetleri hangi alt kalemlerden oluşur?,True,question_bank_v2_draft.md,836a47141e0cd1852b4ae46b0186b98e632957254608b3a4e32faf110dc5c8b9
5.5.2-Q02,5.5.2,Bakım-Onarım Maliyetleri,2,Yapısal ve elektromekanik bakım maliyetleri arasındaki pay dağılımı nasıldır?,True,question_bank_v2_draft.md,836a47141e0cd1852b4ae46b0186b98e632957254608b3a4e32faf110dc5c8b9
5.5.2-Q03,5.5.2,Bakım-Onarım Maliyetleri,3,Bakım-onarım maliyetleri tünel yaşına göre nasıl değişir?,True,question_bank_v2_draft.md,836a47141e0cd1852b4ae46b0186b98e632957254608b3a4e32faf110dc5c8b9
5.5.2-Q04,5.5.2,Bakım-Onarım Maliyetleri,4,Bakım-onarım maliyetlerinin tahmini için hangi yöntemler kullanılır?,True,question_bank_v2_draft.md,836a47141e0cd1852b4ae46b0186b98e632957254608b3a4e32faf110dc5c8b9
5.5.2-Q05,5.5.2,Bakım-Onarım Maliyetleri,5,Planlı ve plansız bakım maliyetleri nasıl ayrıştırılır?,True,question_bank_v2_draft.md,836a47141e0cd1852b4ae46b0186b98e632957254608b3a4e32faf110dc5c8b9
5.5.2-Q06,5.5.2,Bakım-Onarım Maliyetleri,6,Bakım-onarım maliyet verileri nasıl kaydedilir ve analiz edilir?,True,question_bank_v2_draft.md,836a47141e0cd1852b4ae46b0186b98e632957254608b3a4e32faf110dc5c8b9
5.5.2-Q07,5.5.2,Bakım-Onarım Maliyetleri,7,Bakım-onarım maliyetleri için uluslararası kıyaslama değerleri nelerdir?,True,question_bank_v2_draft.md,836a47141e0cd1852b4ae46b0186b98e632957254608b3a4e32faf110dc5c8b9
5.5.2-Q08,5.5.2,Bakım-Onarım Maliyetleri,8,Türkiye'de tünel bakım-onarım maliyet verilerinin durumu nasıldır?,True,question_bank_v2_draft.md,836a47141e0cd1852b4ae46b0186b98e632957254608b3a4e32faf110dc5c8b9
5.5.2.1-Q01,5.5.2.1,Yapısal Bakım-Onarım Maliyetleri,1,"Yapısal bakım-onarım maliyet kalemleri (kaplama onarımı, su sızıntısı, drenaj, portal, kaldırım) nelerdir?",True,question_bank_v2_draft.md,836a47141e0cd1852b4ae46b0186b98e632957254608b3a4e32faf110dc5c8b9
5.5.2.1-Q02,5.5.2.1,Yapısal Bakım-Onarım Maliyetleri,2,"Yapısal onarım birim maliyetleri (m² püskürtme beton, m enjeksiyon vb.) hangi aralıktadır?",True,question_bank_v2_draft.md,836a47141e0cd1852b4ae46b0186b98e632957254608b3a4e32faf110dc5c8b9
5.5.2.1-Q03,5.5.2.1,Yapısal Bakım-Onarım Maliyetleri,3,Kaplama rehabilitasyonu ve güçlendirme maliyetleri nasıl tahmin edilir?,True,question_bank_v2_draft.md,836a47141e0cd1852b4ae46b0186b98e632957254608b3a4e32faf110dc5c8b9
5.5.2.1-Q04,5.5.2.1,Yapısal Bakım-Onarım Maliyetleri,4,Drenaj temizliği ve su sızıntısı onarım maliyetleri nasıl belirlenir?,True,question_bank_v2_draft.md,836a47141e0cd1852b4ae46b0186b98e632957254608b3a4e32faf110dc5c8b9
5.5.2.1-Q05,5.5.2.1,Yapısal Bakım-Onarım Maliyetleri,5,Yapısal bakım maliyetlerinin tünel yaşı ve jeolojik koşullarla ilişkisi nedir?,True,question_bank_v2_draft.md,836a47141e0cd1852b4ae46b0186b98e632957254608b3a4e32faf110dc5c8b9
5.5.2.1-Q06,5.5.2.1,Yapısal Bakım-Onarım Maliyetleri,6,Yapısal bakım için kapatma ve trafik yönetimi maliyetleri nasıl hesaplanır?,True,question_bank_v2_draft.md,836a47141e0cd1852b4ae46b0186b98e632957254608b3a4e32faf110dc5c8b9
5.5.2.1-Q07,5.5.2.1,Yapısal Bakım-Onarım Maliyetleri,7,Yapısal bakım maliyetlerinin yaşam döngüsü içindeki dağılımı nasıldır?,True,question_bank_v2_draft.md,836a47141e0cd1852b4ae46b0186b98e632957254608b3a4e32faf110dc5c8b9
5.5.2.1-Q08,5.5.2.1,Yapısal Bakım-Onarım Maliyetleri,8,Türkiye'de yapısal bakım-onarım için KGM birim fiyatları ve harcama verileri nelerdir?,True,question_bank_v2_draft.md,836a47141e0cd1852b4ae46b0186b98e632957254608b3a4e32faf110dc5c8b9
5.5.2.1-Q09,5.5.2.1,Yapısal Bakım-Onarım Maliyetleri,9,Ertelenen yapısal bakımın maliyet artışına etkisi nasıl ölçülür?,True,question_bank_v2_draft.md,836a47141e0cd1852b4ae46b0186b98e632957254608b3a4e32faf110dc5c8b9
5.5.2.2-Q01,5.5.2.2,Elektrik-Elektronik ve Elektromekanik Sistemlerin Bakım Maliyetleri,1,"Elektromekanik bakım maliyet kalemleri (periyodik bakım, arıza onarımı, yedek parça, yazılım, yenileme) nelerdir?",True,question_bank_v2_draft.md,836a47141e0cd1852b4ae46b0186b98e632957254608b3a4e32faf110dc5c8b9
5.5.2.2-Q02,5.5.2.2,Elektrik-Elektronik ve Elektromekanik Sistemlerin Bakım Maliyetleri,2,"Aydınlatma, havalandırma, yangın ve SCADA sistemleri için tipik yıllık bakım maliyetleri hangi düzeydedir?",True,question_bank_v2_draft.md,836a47141e0cd1852b4ae46b0186b98e632957254608b3a4e32faf110dc5c8b9
5.5.2.2-Q03,5.5.2.2,Elektrik-Elektronik ve Elektromekanik Sistemlerin Bakım Maliyetleri,3,Elektromekanik sistemlerin yenileme maliyetleri ve döngüleri nasıl planlanır?,True,question_bank_v2_draft.md,836a47141e0cd1852b4ae46b0186b98e632957254608b3a4e32faf110dc5c8b9
5.5.2.2-Q04,5.5.2.2,Elektrik-Elektronik ve Elektromekanik Sistemlerin Bakım Maliyetleri,4,Elektromekanik bakım maliyetleri tünel uzunluğu ve donanım düzeyine göre nasıl değişir?,True,question_bank_v2_draft.md,836a47141e0cd1852b4ae46b0186b98e632957254608b3a4e32faf110dc5c8b9
5.5.2.2-Q05,5.5.2.2,Elektrik-Elektronik ve Elektromekanik Sistemlerin Bakım Maliyetleri,5,LED dönüşümü ve enerji verimli fanlar bakım maliyetlerini nasıl etkiler?,True,question_bank_v2_draft.md,836a47141e0cd1852b4ae46b0186b98e632957254608b3a4e32faf110dc5c8b9
5.5.2.2-Q06,5.5.2.2,Elektrik-Elektronik ve Elektromekanik Sistemlerin Bakım Maliyetleri,6,"Bakım sözleşmeleri (garanti, servis anlaşmaları) elektromekanik bakım maliyetlerini nasıl şekillendirir?",True,question_bank_v2_draft.md,836a47141e0cd1852b4ae46b0186b98e632957254608b3a4e32faf110dc5c8b9
5.5.2.2-Q07,5.5.2.2,Elektrik-Elektronik ve Elektromekanik Sistemlerin Bakım Maliyetleri,7,Elektromekanik bakım maliyetleri için uluslararası kıyaslama değerleri nelerdir?,True,question_bank_v2_draft.md,836a47141e0cd1852b4ae46b0186b98e632957254608b3a4e32faf110dc5c8b9
5.5.2.2-Q08,5.5.2.2,Elektrik-Elektronik ve Elektromekanik Sistemlerin Bakım Maliyetleri,8,Türkiye'de elektromekanik bakım maliyetlerinin bütçelenmesi ve gerçekleşme verileri nasıldır?,True,question_bank_v2_draft.md,836a47141e0cd1852b4ae46b0186b98e632957254608b3a4e32faf110dc5c8b9
5.5.2.2-Q09,5.5.2.2,Elektrik-Elektronik ve Elektromekanik Sistemlerin Bakım Maliyetleri,9,Elektromekanik bakım maliyetlerinin toplam bakım-işletme maliyeti içindeki payı nedir?,True,question_bank_v2_draft.md,836a47141e0cd1852b4ae46b0186b98e632957254608b3a4e32faf110dc5c8b9
5.6-Q01,5.6,Tünel Bakım-Onarım ve İşletme Maliyetlerini Etkileyen Faktörler,1,Tünel uzunluğu ve tüp sayısı bakım-işletme maliyetini nasıl etkiler?,True,question_bank_v2_draft.md,836a47141e0cd1852b4ae46b0186b98e632957254608b3a4e32faf110dc5c8b9
5.6-Q02,5.6,Tünel Bakım-Onarım ve İşletme Maliyetlerini Etkileyen Faktörler,2,"Trafik hacmi, ağır taşıt oranı ve trafik kompozisyonu maliyeti nasıl etkiler?",True,question_bank_v2_draft.md,836a47141e0cd1852b4ae46b0186b98e632957254608b3a4e32faf110dc5c8b9
5.6-Q03,5.6,Tünel Bakım-Onarım ve İşletme Maliyetlerini Etkileyen Faktörler,3,Elektromekanik donanım düzeyi ve teknolojisi maliyeti nasıl etkiler?,True,question_bank_v2_draft.md,836a47141e0cd1852b4ae46b0186b98e632957254608b3a4e32faf110dc5c8b9
5.6-Q04,5.6,Tünel Bakım-Onarım ve İşletme Maliyetlerini Etkileyen Faktörler,4,Tünel yaşı ve yapım kalitesi bakım maliyetini nasıl etkiler?,True,question_bank_v2_draft.md,836a47141e0cd1852b4ae46b0186b98e632957254608b3a4e32faf110dc5c8b9
5.6-Q05,5.6,Tünel Bakım-Onarım ve İşletme Maliyetlerini Etkileyen Faktörler,5,"Jeolojik ve hidrojeolojik koşullar (su girişi, şişme, donma) bakım maliyetini nasıl etkiler?",True,question_bank_v2_draft.md,836a47141e0cd1852b4ae46b0186b98e632957254608b3a4e32faf110dc5c8b9
5.6-Q06,5.6,Tünel Bakım-Onarım ve İşletme Maliyetlerini Etkileyen Faktörler,6,"İklim ve coğrafi konum (kar, buzlanma, yükseklik) işletme maliyetini nasıl etkiler?",True,question_bank_v2_draft.md,836a47141e0cd1852b4ae46b0186b98e632957254608b3a4e32faf110dc5c8b9
5.6-Q07,5.6,Tünel Bakım-Onarım ve İşletme Maliyetlerini Etkileyen Faktörler,7,"Tasarım kararları (drenajlı/drenajsız, kaplama tipi, erişim kolaylığı) bakım maliyetini nasıl etkiler?",True,question_bank_v2_draft.md,836a47141e0cd1852b4ae46b0186b98e632957254608b3a4e32faf110dc5c8b9
5.6-Q08,5.6,Tünel Bakım-Onarım ve İşletme Maliyetlerini Etkileyen Faktörler,8,İşletme organizasyonu ve bakım stratejisi (koruyucu/düzeltici) maliyeti nasıl etkiler?,True,question_bank_v2_draft.md,836a47141e0cd1852b4ae46b0186b98e632957254608b3a4e32faf110dc5c8b9
5.6-Q09,5.6,Tünel Bakım-Onarım ve İşletme Maliyetlerini Etkileyen Faktörler,9,Enerji fiyatları ve tarife yapısı işletme maliyetini nasıl etkiler?,True,question_bank_v2_draft.md,836a47141e0cd1852b4ae46b0186b98e632957254608b3a4e32faf110dc5c8b9
5.6-Q10,5.6,Tünel Bakım-Onarım ve İşletme Maliyetlerini Etkileyen Faktörler,10,"Mevzuat ve güvenlik gereklilikleri (AB direktifi, yönetmelik) maliyeti nasıl etkiler?",True,question_bank_v2_draft.md,836a47141e0cd1852b4ae46b0186b98e632957254608b3a4e32faf110dc5c8b9
5.6-Q11,5.6,Tünel Bakım-Onarım ve İşletme Maliyetlerini Etkileyen Faktörler,11,Kaza ve olaylar bakım-işletme maliyetini nasıl etkiler?,True,question_bank_v2_draft.md,836a47141e0cd1852b4ae46b0186b98e632957254608b3a4e32faf110dc5c8b9
5.6-Q12,5.6,Tünel Bakım-Onarım ve İşletme Maliyetlerini Etkileyen Faktörler,12,Dış hizmet alımı ve sözleşme yapısı maliyeti nasıl etkiler?,True,question_bank_v2_draft.md,836a47141e0cd1852b4ae46b0186b98e632957254608b3a4e32faf110dc5c8b9
5.6-Q13,5.6,Tünel Bakım-Onarım ve İşletme Maliyetlerini Etkileyen Faktörler,13,Bu faktörlerin göreli önemi literatürde nasıl ölçülmüştür?,True,question_bank_v2_draft.md,836a47141e0cd1852b4ae46b0186b98e632957254608b3a4e32faf110dc5c8b9
5.7-Q01,5.7,Tünelde Verimli Bakım-İşletme ve Enerji Tüketimi,1,"Tünellerde enerji tüketimi hangi sistemlerden (aydınlatma, havalandırma, pompalar, kontrol) kaynaklanır ve dağılımı nasıldır?",True,question_bank_v2_draft.md,836a47141e0cd1852b4ae46b0186b98e632957254608b3a4e32faf110dc5c8b9
5.7-Q02,5.7,Tünelde Verimli Bakım-İşletme ve Enerji Tüketimi,2,"Tünel aydınlatma enerji tüketimi tünel uzunluğu, tasarım sınıfı ve gündüz/gece rejimine göre nasıl değişir?",True,question_bank_v2_draft.md,836a47141e0cd1852b4ae46b0186b98e632957254608b3a4e32faf110dc5c8b9
5.7-Q03,5.7,Tünelde Verimli Bakım-İşletme ve Enerji Tüketimi,3,"Havalandırma enerji tüketimi trafik, uzunluk ve kontrol stratejisine göre nasıl değişir?",True,question_bank_v2_draft.md,836a47141e0cd1852b4ae46b0186b98e632957254608b3a4e32faf110dc5c8b9
5.7-Q04,5.7,Tünelde Verimli Bakım-İşletme ve Enerji Tüketimi,4,"Enerji verimliliği için hangi teknolojiler (LED, adaptif aydınlatma, frekans kontrollü fanlar, sensör tabanlı havalandırma) uygulanır?",True,question_bank_v2_draft.md,836a47141e0cd1852b4ae46b0186b98e632957254608b3a4e32faf110dc5c8b9
5.7-Q05,5.7,Tünelde Verimli Bakım-İşletme ve Enerji Tüketimi,5,Verimli bakım-işletme kavramı nedir ve hangi göstergelerle ölçülür?,True,question_bank_v2_draft.md,836a47141e0cd1852b4ae46b0186b98e632957254608b3a4e32faf110dc5c8b9
5.7-Q06,5.7,Tünelde Verimli Bakım-İşletme ve Enerji Tüketimi,6,Öngörücü bakım ve durum izleme verimliliği nasıl artırır?,True,question_bank_v2_draft.md,836a47141e0cd1852b4ae46b0186b98e632957254608b3a4e32faf110dc5c8b9
5.7-Q07,5.7,Tünelde Verimli Bakım-İşletme ve Enerji Tüketimi,7,"Bakım-işletmede dijitalleşme (varlık yönetim sistemi, BIM, nesnelerin interneti) hangi kazanımları sağlar?",True,question_bank_v2_draft.md,836a47141e0cd1852b4ae46b0186b98e632957254608b3a4e32faf110dc5c8b9
5.7-Q08,5.7,Tünelde Verimli Bakım-İşletme ve Enerji Tüketimi,8,Enerji yönetim sistemi (ISO 50001) tünellerde nasıl uygulanır?,True,question_bank_v2_draft.md,836a47141e0cd1852b4ae46b0186b98e632957254608b3a4e32faf110dc5c8b9
5.7-Q09,5.7,Tünelde Verimli Bakım-İşletme ve Enerji Tüketimi,9,Yenilenebilir enerji ve enerji geri kazanımı tünellerde nasıl kullanılabilir?,True,question_bank_v2_draft.md,836a47141e0cd1852b4ae46b0186b98e632957254608b3a4e32faf110dc5c8b9
5.7-Q10,5.7,Tünelde Verimli Bakım-İşletme ve Enerji Tüketimi,10,Enerji tüketimi ve maliyeti için uluslararası kıyas değerleri (km başına yıllık kWh) nelerdir?,True,question_bank_v2_draft.md,836a47141e0cd1852b4ae46b0186b98e632957254608b3a4e32faf110dc5c8b9
5.7-Q11,5.7,Tünelde Verimli Bakım-İşletme ve Enerji Tüketimi,11,Türkiye'deki tünellerde enerji tüketimi ve tasarruf potansiyeli hakkında hangi veriler vardır?,True,question_bank_v2_draft.md,836a47141e0cd1852b4ae46b0186b98e632957254608b3a4e32faf110dc5c8b9
5.7-Q12,5.7,Tünelde Verimli Bakım-İşletme ve Enerji Tüketimi,12,Verimlilik iyileştirmelerinin geri ödeme süresi nasıl hesaplanır?,True,question_bank_v2_draft.md,836a47141e0cd1852b4ae46b0186b98e632957254608b3a4e32faf110dc5c8b9
5.7.1-Q01,5.7.1,Bakım-İşletme Maliyetini Azaltma Yöntemleri,1,Bakım stratejisinin düzeltici bakımdan koruyucu ve öngörücü bakıma kaydırılması maliyeti nasıl azaltır?,True,question_bank_v2_draft.md,836a47141e0cd1852b4ae46b0186b98e632957254608b3a4e32faf110dc5c8b9
5.7.1-Q02,5.7.1,Bakım-İşletme Maliyetini Azaltma Yöntemleri,2,Varlık yönetimi ve önceliklendirme yaklaşımı maliyet azaltmada nasıl kullanılır?,True,question_bank_v2_draft.md,836a47141e0cd1852b4ae46b0186b98e632957254608b3a4e32faf110dc5c8b9
5.7.1-Q03,5.7.1,Bakım-İşletme Maliyetini Azaltma Yöntemleri,3,Tasarım aşamasında bakım kolaylığının sağlanması maliyeti nasıl azaltır?,True,question_bank_v2_draft.md,836a47141e0cd1852b4ae46b0186b98e632957254608b3a4e32faf110dc5c8b9
5.7.1-Q04,5.7.1,Bakım-İşletme Maliyetini Azaltma Yöntemleri,4,Standardizasyon ve ortak yedek parça yönetimi maliyeti nasıl azaltır?,True,question_bank_v2_draft.md,836a47141e0cd1852b4ae46b0186b98e632957254608b3a4e32faf110dc5c8b9
5.7.1-Q05,5.7.1,Bakım-İşletme Maliyetini Azaltma Yöntemleri,5,Bakım çalışmalarının gruplanması ve kapatma sürelerinin optimizasyonu nasıl yapılır?,True,question_bank_v2_draft.md,836a47141e0cd1852b4ae46b0186b98e632957254608b3a4e32faf110dc5c8b9
5.7.1-Q06,5.7.1,Bakım-İşletme Maliyetini Azaltma Yöntemleri,6,Uzaktan izleme ve otomasyon personel maliyetlerini nasıl azaltır?,True,question_bank_v2_draft.md,836a47141e0cd1852b4ae46b0186b98e632957254608b3a4e32faf110dc5c8b9
5.7.1-Q07,5.7.1,Bakım-İşletme Maliyetini Azaltma Yöntemleri,7,Dış hizmet alımı ve performansa dayalı sözleşmeler maliyeti nasıl etkiler?,True,question_bank_v2_draft.md,836a47141e0cd1852b4ae46b0186b98e632957254608b3a4e32faf110dc5c8b9
5.7.1-Q08,5.7.1,Bakım-İşletme Maliyetini Azaltma Yöntemleri,8,Bölgesel tünel işletme merkezleri (çoklu tünel yönetimi) maliyeti nasıl azaltır?,True,question_bank_v2_draft.md,836a47141e0cd1852b4ae46b0186b98e632957254608b3a4e32faf110dc5c8b9
5.7.1-Q09,5.7.1,Bakım-İşletme Maliyetini Azaltma Yöntemleri,9,Personel eğitimi ve bakım kalitesi maliyet üzerinde nasıl etkilidir?,True,question_bank_v2_draft.md,836a47141e0cd1852b4ae46b0186b98e632957254608b3a4e32faf110dc5c8b9
5.7.1-Q10,5.7.1,Bakım-İşletme Maliyetini Azaltma Yöntemleri,10,Uluslararası örneklerde uygulanan maliyet azaltma programları ve sonuçları nelerdir?,True,question_bank_v2_draft.md,836a47141e0cd1852b4ae46b0186b98e632957254608b3a4e32faf110dc5c8b9
5.7.1-Q11,5.7.1,Bakım-İşletme Maliyetini Azaltma Yöntemleri,11,Türkiye koşullarında uygulanabilir maliyet azaltma önerileri nelerdir?,True,question_bank_v2_draft.md,836a47141e0cd1852b4ae46b0186b98e632957254608b3a4e32faf110dc5c8b9
5.7.2-Q01,5.7.2,Enerji Maliyetini Azaltma Yöntemleri,1,LED aydınlatmaya geçişin enerji ve bakım maliyetine etkisi nedir?,True,question_bank_v2_draft.md,836a47141e0cd1852b4ae46b0186b98e632957254608b3a4e32faf110dc5c8b9
5.7.2-Q02,5.7.2,Enerji Maliyetini Azaltma Yöntemleri,2,Adaptif aydınlatma kontrolü (dış parlaklık ve trafik sensörlü) nasıl tasarruf sağlar?,True,question_bank_v2_draft.md,836a47141e0cd1852b4ae46b0186b98e632957254608b3a4e32faf110dc5c8b9
5.7.2-Q03,5.7.2,Enerji Maliyetini Azaltma Yöntemleri,3,"Portal bölgesi aydınlatma gereksinimini azaltan tasarım önlemleri (gölgeleme, yüzey kaplaması) nelerdir?",True,question_bank_v2_draft.md,836a47141e0cd1852b4ae46b0186b98e632957254608b3a4e32faf110dc5c8b9
5.7.2-Q04,5.7.2,Enerji Maliyetini Azaltma Yöntemleri,4,"Havalandırmada talep kontrollü işletme (CO, NO2 ve görüş sensörleri) enerji tasarrufunu nasıl sağlar?",True,question_bank_v2_draft.md,836a47141e0cd1852b4ae46b0186b98e632957254608b3a4e32faf110dc5c8b9
5.7.2-Q05,5.7.2,Enerji Maliyetini Azaltma Yöntemleri,5,Frekans konvertörlü fanlar ve verimli motorlar enerji maliyetini nasıl düşürür?,True,question_bank_v2_draft.md,836a47141e0cd1852b4ae46b0186b98e632957254608b3a4e32faf110dc5c8b9
5.7.2-Q06,5.7.2,Enerji Maliyetini Azaltma Yöntemleri,6,Pompalama ve drenaj sistemlerinde enerji verimliliği nasıl sağlanır?,True,question_bank_v2_draft.md,836a47141e0cd1852b4ae46b0186b98e632957254608b3a4e32faf110dc5c8b9
5.7.2-Q07,5.7.2,Enerji Maliyetini Azaltma Yöntemleri,7,Enerji tarifesi optimizasyonu ve talep yönetimi tünellerde nasıl uygulanır?,True,question_bank_v2_draft.md,836a47141e0cd1852b4ae46b0186b98e632957254608b3a4e32faf110dc5c8b9
5.7.2-Q08,5.7.2,Enerji Maliyetini Azaltma Yöntemleri,8,Tünel yüzey temizliği ve yansıtıcılığın aydınlatma enerjisine etkisi nedir?,True,question_bank_v2_draft.md,836a47141e0cd1852b4ae46b0186b98e632957254608b3a4e32faf110dc5c8b9
5.7.2-Q09,5.7.2,Enerji Maliyetini Azaltma Yöntemleri,9,Yenilenebilir enerji üretimi tünel enerji maliyetini nasıl azaltabilir?,True,question_bank_v2_draft.md,836a47141e0cd1852b4ae46b0186b98e632957254608b3a4e32faf110dc5c8b9
5.7.2-Q10,5.7.2,Enerji Maliyetini Azaltma Yöntemleri,10,Enerji tasarruf önlemlerinin yatırım maliyeti ve geri ödeme süreleri nelerdir?,True,question_bank_v2_draft.md,836a47141e0cd1852b4ae46b0186b98e632957254608b3a4e32faf110dc5c8b9
5.7.2-Q11,5.7.2,Enerji Maliyetini Azaltma Yöntemleri,11,Uluslararası ve ulusal örneklerde elde edilen enerji tasarruf oranları nelerdir?,True,question_bank_v2_draft.md,836a47141e0cd1852b4ae46b0186b98e632957254608b3a4e32faf110dc5c8b9
5.8-Q01,5.8,Devlet ve İl Yollarında Bulunan Tünel Bakım İşletme Şeflikleri,1,Tünel bakım işletme şeflikleri KGM teşkilat yapısı içinde nasıl konumlanır?,True,question_bank_v2_draft.md,836a47141e0cd1852b4ae46b0186b98e632957254608b3a4e32faf110dc5c8b9
5.8-Q02,5.8,Devlet ve İl Yollarında Bulunan Tünel Bakım İşletme Şeflikleri,2,"Şefliklerin görev, yetki ve sorumlulukları nelerdir?",True,question_bank_v2_draft.md,836a47141e0cd1852b4ae46b0186b98e632957254608b3a4e32faf110dc5c8b9
5.8-Q03,5.8,Devlet ve İl Yollarında Bulunan Tünel Bakım İşletme Şeflikleri,3,"Şefliklerin sayısı, bölgelere dağılımı ve sorumlu oldukları tüneller nelerdir?",True,question_bank_v2_draft.md,836a47141e0cd1852b4ae46b0186b98e632957254608b3a4e32faf110dc5c8b9
5.8-Q04,5.8,Devlet ve İl Yollarında Bulunan Tünel Bakım İşletme Şeflikleri,4,"Şefliklerin personel yapısı, kadro ve uzmanlık gereksinimleri nasıldır?",True,question_bank_v2_draft.md,836a47141e0cd1852b4ae46b0186b98e632957254608b3a4e32faf110dc5c8b9
5.8-Q05,5.8,Devlet ve İl Yollarında Bulunan Tünel Bakım İşletme Şeflikleri,5,"Şefliklerin araç, ekipman ve teknik altyapı donanımı nasıldır?",True,question_bank_v2_draft.md,836a47141e0cd1852b4ae46b0186b98e632957254608b3a4e32faf110dc5c8b9
5.8-Q06,5.8,Devlet ve İl Yollarında Bulunan Tünel Bakım İşletme Şeflikleri,6,Şefliklerin bütçe ve ödenek yapısı nasıl işler?,True,question_bank_v2_draft.md,836a47141e0cd1852b4ae46b0186b98e632957254608b3a4e32faf110dc5c8b9
5.8-Q07,5.8,Devlet ve İl Yollarında Bulunan Tünel Bakım İşletme Şeflikleri,7,"Şefliklerin bakım programı, kayıt ve raporlama uygulamaları nasıldır?",True,question_bank_v2_draft.md,836a47141e0cd1852b4ae46b0186b98e632957254608b3a4e32faf110dc5c8b9
5.8-Q08,5.8,Devlet ve İl Yollarında Bulunan Tünel Bakım İşletme Şeflikleri,8,Şeflikler ile bölge müdürlükleri ve merkez birimleri arasındaki koordinasyon nasıl sağlanır?,True,question_bank_v2_draft.md,836a47141e0cd1852b4ae46b0186b98e632957254608b3a4e32faf110dc5c8b9
5.8-Q09,5.8,Devlet ve İl Yollarında Bulunan Tünel Bakım İşletme Şeflikleri,9,Şefliklerin acil durum ve olay müdahalesindeki rolü nedir?,True,question_bank_v2_draft.md,836a47141e0cd1852b4ae46b0186b98e632957254608b3a4e32faf110dc5c8b9
5.8-Q10,5.8,Devlet ve İl Yollarında Bulunan Tünel Bakım İşletme Şeflikleri,10,"Şefliklerin karşılaştığı temel sorunlar (personel, bütçe, ekipman, eğitim) nelerdir?",True,question_bank_v2_draft.md,836a47141e0cd1852b4ae46b0186b98e632957254608b3a4e32faf110dc5c8b9
5.8-Q11,5.8,Devlet ve İl Yollarında Bulunan Tünel Bakım İşletme Şeflikleri,11,Şeflik yapısının uluslararası tünel işletme organizasyonlarıyla karşılaştırması nasıldır?,True,question_bank_v2_draft.md,836a47141e0cd1852b4ae46b0186b98e632957254608b3a4e32faf110dc5c8b9
5.8-Q12,5.8,Devlet ve İl Yollarında Bulunan Tünel Bakım İşletme Şeflikleri,12,Şefliklerin kurumsal gelişimi için öneriler nelerdir?,True,question_bank_v2_draft.md,836a47141e0cd1852b4ae46b0186b98e632957254608b3a4e32faf110dc5c8b9
6.3-Q01,6.3,Tünel Yapım Maliyet Kalemleri ve Birim Fiyat Analizleri,1,"Tünel yapım maliyeti hangi iş gruplarına (şantiye, kazı, destek, kaplama, yalıtım-drenaj, portal, elektromekanik, yol üstyapısı) ayrılır?",True,question_bank_v2_draft.md,836a47141e0cd1852b4ae46b0186b98e632957254608b3a4e32faf110dc5c8b9
6.3-Q02,6.3,Tünel Yapım Maliyet Kalemleri ve Birim Fiyat Analizleri,2,Kazı maliyeti kaya sınıfı ve yönteme göre nasıl değişir?,True,question_bank_v2_draft.md,836a47141e0cd1852b4ae46b0186b98e632957254608b3a4e32faf110dc5c8b9
6.3-Q03,6.3,Tünel Yapım Maliyet Kalemleri ve Birim Fiyat Analizleri,3,"Püskürtme beton, bulon, çelik iksa ve süren maliyetleri nasıl hesaplanır?",True,question_bank_v2_draft.md,836a47141e0cd1852b4ae46b0186b98e632957254608b3a4e32faf110dc5c8b9
6.3-Q04,6.3,Tünel Yapım Maliyet Kalemleri ve Birim Fiyat Analizleri,4,Kaplama betonu ve kalıp maliyetleri nasıl belirlenir?,True,question_bank_v2_draft.md,836a47141e0cd1852b4ae46b0186b98e632957254608b3a4e32faf110dc5c8b9
6.3-Q05,6.3,Tünel Yapım Maliyet Kalemleri ve Birim Fiyat Analizleri,5,Su yalıtımı ve drenaj sistemi maliyetleri nasıl hesaplanır?,True,question_bank_v2_draft.md,836a47141e0cd1852b4ae46b0186b98e632957254608b3a4e32faf110dc5c8b9
6.3-Q06,6.3,Tünel Yapım Maliyet Kalemleri ve Birim Fiyat Analizleri,6,Elektromekanik sistemlerin yapım maliyeti içindeki payı ve kalemleri nelerdir?,True,question_bank_v2_draft.md,836a47141e0cd1852b4ae46b0186b98e632957254608b3a4e32faf110dc5c8b9
6.3-Q07,6.3,Tünel Yapım Maliyet Kalemleri ve Birim Fiyat Analizleri,7,Portal ve yaklaşım yapılarının maliyeti nasıl belirlenir?,True,question_bank_v2_draft.md,836a47141e0cd1852b4ae46b0186b98e632957254608b3a4e32faf110dc5c8b9
6.3-Q08,6.3,Tünel Yapım Maliyet Kalemleri ve Birim Fiyat Analizleri,8,"Şantiye kurulumu, enerji, havalandırma ve su boşaltma gibi genel giderler nasıl hesaplanır?",True,question_bank_v2_draft.md,836a47141e0cd1852b4ae46b0186b98e632957254608b3a4e32faf110dc5c8b9
6.3-Q09,6.3,Tünel Yapım Maliyet Kalemleri ve Birim Fiyat Analizleri,9,KGM birim fiyat analizlerinde tünel iş kalemleri (pozlar) nasıl yapılandırılmıştır?,True,question_bank_v2_draft.md,836a47141e0cd1852b4ae46b0186b98e632957254608b3a4e32faf110dc5c8b9
6.3-Q10,6.3,Tünel Yapım Maliyet Kalemleri ve Birim Fiyat Analizleri,10,"Makine-ekipman (jumbo, roadheader, TBM) amortisman ve işletme maliyetleri birim fiyatlara nasıl girer?",True,question_bank_v2_draft.md,836a47141e0cd1852b4ae46b0186b98e632957254608b3a4e32faf110dc5c8b9
6.3-Q11,6.3,Tünel Yapım Maliyet Kalemleri ve Birim Fiyat Analizleri,11,Tamamlanmış tünel projelerinde iş gruplarının maliyet payı dağılımı nasıldır?,True,question_bank_v2_draft.md,836a47141e0cd1852b4ae46b0186b98e632957254608b3a4e32faf110dc5c8b9
6.3-Q12,6.3,Tünel Yapım Maliyet Kalemleri ve Birim Fiyat Analizleri,12,Maliyet kalemlerinin metraj ve hakediş süreçleriyle ilişkisi nasıldır?,True,question_bank_v2_draft.md,836a47141e0cd1852b4ae46b0186b98e632957254608b3a4e32faf110dc5c8b9
6.3-Q13,6.3,Tünel Yapım Maliyet Kalemleri ve Birim Fiyat Analizleri,13,Türkiye ve uluslararası birim maliyetler nasıl karşılaştırılır?,True,question_bank_v2_draft.md,836a47141e0cd1852b4ae46b0186b98e632957254608b3a4e32faf110dc5c8b9
7.1-Q01,7.1,Tünel Bakım-İşletme Maliyetleri,1,Çalışma kapsamında hangi tüneller ve hangi yıllar için bakım-işletme maliyet verisi toplanmıştır?,True,question_bank_v2_draft.md,836a47141e0cd1852b4ae46b0186b98e632957254608b3a4e32faf110dc5c8b9
7.1-Q02,7.1,Tünel Bakım-İşletme Maliyetleri,2,"Toplanan verilerin kaynağı (KGM kayıtları, şeflik raporları, bütçe) ve güvenilirliği nasıldır?",True,question_bank_v2_draft.md,836a47141e0cd1852b4ae46b0186b98e632957254608b3a4e32faf110dc5c8b9
7.1-Q03,7.1,Tünel Bakım-İşletme Maliyetleri,3,Tünel başına ve km başına yıllık bakım-işletme maliyetleri hangi düzeyde bulunmuştur?,True,question_bank_v2_draft.md,836a47141e0cd1852b4ae46b0186b98e632957254608b3a4e32faf110dc5c8b9
7.1-Q04,7.1,Tünel Bakım-İşletme Maliyetleri,4,"Maliyetlerin kalemlere (yönetim, enerji, yapısal bakım, elektromekanik bakım) dağılımı nasıldır?",True,question_bank_v2_draft.md,836a47141e0cd1852b4ae46b0186b98e632957254608b3a4e32faf110dc5c8b9
7.1-Q05,7.1,Tünel Bakım-İşletme Maliyetleri,5,"Maliyetlerin tünel uzunluğu, trafik ve yaşa göre değişimi nasıl analiz edilmiştir?",True,question_bank_v2_draft.md,836a47141e0cd1852b4ae46b0186b98e632957254608b3a4e32faf110dc5c8b9
7.1-Q06,7.1,Tünel Bakım-İşletme Maliyetleri,6,Bulgular uluslararası göstergelerle nasıl karşılaştırılmıştır?,True,question_bank_v2_draft.md,836a47141e0cd1852b4ae46b0186b98e632957254608b3a4e32faf110dc5c8b9
7.1-Q07,7.1,Tünel Bakım-İşletme Maliyetleri,7,Analiz sonuçları hangi maliyet artırıcı faktörleri öne çıkarmıştır?,True,question_bank_v2_draft.md,836a47141e0cd1852b4ae46b0186b98e632957254608b3a4e32faf110dc5c8b9
7.1-Q08,7.1,Tünel Bakım-İşletme Maliyetleri,8,Bulgular temelinde bakım-işletme maliyetini azaltmaya yönelik öneriler nelerdir?,True,question_bank_v2_draft.md,836a47141e0cd1852b4ae46b0186b98e632957254608b3a4e32faf110dc5c8b9
7.1-Q09,7.1,Tünel Bakım-İşletme Maliyetleri,9,Veri sınırlılıkları ve gelecek çalışmalar için öneriler nelerdir?,True,question_bank_v2_draft.md,836a47141e0cd1852b4ae46b0186b98e632957254608b3a4e32faf110dc5c8b9
7.2-Q01,7.2,Tünel Yapım Maliyetleri,1,Çalışma kapsamında hangi tünel projelerinin yapım maliyet verileri incelenmiştir?,True,question_bank_v2_draft.md,836a47141e0cd1852b4ae46b0186b98e632957254608b3a4e32faf110dc5c8b9
7.2-Q02,7.2,Tünel Yapım Maliyetleri,2,"Verilerin kaynağı (ihale, sözleşme, hakediş, kesin hesap) ve güvenilirliği nasıldır?",True,question_bank_v2_draft.md,836a47141e0cd1852b4ae46b0186b98e632957254608b3a4e32faf110dc5c8b9
7.2-Q03,7.2,Tünel Yapım Maliyetleri,3,Km başına ve m³ başına yapım maliyetleri hangi düzeyde bulunmuştur?,True,question_bank_v2_draft.md,836a47141e0cd1852b4ae46b0186b98e632957254608b3a4e32faf110dc5c8b9
7.2-Q04,7.2,Tünel Yapım Maliyetleri,4,Maliyetlerin iş gruplarına dağılımı nasıl bulunmuştur?,True,question_bank_v2_draft.md,836a47141e0cd1852b4ae46b0186b98e632957254608b3a4e32faf110dc5c8b9
7.2-Q05,7.2,Tünel Yapım Maliyetleri,5,"Yöntem, kaya sınıfı ve uzunluğun maliyete etkisi verilerle nasıl doğrulanmıştır?",True,question_bank_v2_draft.md,836a47141e0cd1852b4ae46b0186b98e632957254608b3a4e32faf110dc5c8b9
7.2-Q06,7.2,Tünel Yapım Maliyetleri,6,Keşif ile gerçekleşen maliyet arasındaki sapmalar hangi düzeydedir ve nedenleri nelerdir?,True,question_bank_v2_draft.md,836a47141e0cd1852b4ae46b0186b98e632957254608b3a4e32faf110dc5c8b9
7.2-Q07,7.2,Tünel Yapım Maliyetleri,7,Bulgular uluslararası maliyet göstergeleriyle nasıl karşılaştırılmıştır?,True,question_bank_v2_draft.md,836a47141e0cd1852b4ae46b0186b98e632957254608b3a4e32faf110dc5c8b9
7.2-Q08,7.2,Tünel Yapım Maliyetleri,8,Bulgular temelinde yapım maliyetini azaltmaya ve tahmin doğruluğunu artırmaya yönelik öneriler nelerdir?,True,question_bank_v2_draft.md,836a47141e0cd1852b4ae46b0186b98e632957254608b3a4e32faf110dc5c8b9
7.2-Q09,7.2,Tünel Yapım Maliyetleri,9,Çalışmanın sonuçları ve gelecek araştırmalar için öneriler nelerdir?,True,question_bank_v2_draft.md,836a47141e0cd1852b4ae46b0186b98e632957254608b3a4e32faf110dc5c8b9
